Time, Knob, ResponsePattern, StepNumber, Amplitude, Velocity, FunctionRatio, CameraSpeed
0.000, 1, Velocity, 0, 0, 2, 0.000, 1.000
16.667, 0.31, Velocity, 0, 0, 0.62, 0.000, 1.000
33.333, 0.309, Velocity, 0, 0, 0.618, 0.000, 1.000
50.000, 0.309, Velocity, 0, 0, 0.618, 0.000, 1.000
66.667, 0.309, Velocity, 0, 0, 0.618, 0.000, 1.000
83.333, 0.31, Velocity, 0, 0, 0.62, 0.000, 1.000
100.000, 0.31, Velocity, 0, 0, 0.62, 0.000, 1.000
116.667, 0.31, Velocity, 0, 0, 0.62, 0.000, 1.000
133.333, 0.31, Velocity, 0, 0, 0.62, 0.000, 1.000
150.000, 0.31, Velocity, 0, 0, 0.62, 0.000, 1.000
166.667, 0.31, Velocity, 0, 0, 0.62, 0.000, 1.000
183.333, 0.309, Velocity, 0, 0, 0.618, 0.000, 1.000
200.000, 0.31, Velocity, 0, 0, 0.62, 0.000, 1.000
216.667, 0.31, Velocity, 0, 0, 0.62, 0.000, 1.000
233.333, 0.31, Velocity, 0, 0, 0.62, 0.000, 1.000
250.000, 0.31, Velocity, 0, 0, 0.62, 0.000, 1.000
266.667, 0.31, Velocity, 0, 0, 0.62, 0.000, 1.000
283.333, 0.31, Velocity, 0, 0, 0.62, 0.000, 1.000
300.000, 0.31, Velocity, 0, 0, 0.62, 0.000, 1.000
316.667, 0.31, Velocity, 0, 0, 0.62, 0.000, 1.000
333.333, 0.31, Velocity, 0, 0, 0.62, 0.000, 1.000
350.000, 0.309, Velocity, 0, 0, 0.618, 0.000, 1.000
366.667, 0.309, Velocity, 0, 0, 0.618, 0.000, 1.000
383.333, 0.309, Velocity, 0, 0, 0.618, 0.000, 1.000
400.000, 0.309, Velocity, 0, 0, 0.618, 0.000, 1.000
416.667, 0.31, Velocity, 0, 0, 0.62, 0.000, 1.000
433.333, 0.31, Velocity, 0, 0, 0.62, 0.000, 1.000
450.000, 0.31, Velocity, 0, 0, 0.62, 0.000, 1.000
466.667, 0.31, Velocity, 0, 0, 0.62, 0.000, 1.000
483.333, 0.31, Velocity, 0, 0, 0.62, 0.000, 1.000
500.000, 0.31, Velocity, 0, 0, 0.62, 0.000, 1.000
516.667, 0.309, Velocity, 0, 0, 0.618, 0.000, 1.000
533.333, 0.309, Velocity, 0, 0, 0.618, 0.000, 1.000
550.000, 0.31, Velocity, 0, 0, 0.62, 0.000, 1.000
566.667, 0.309, Velocity, 0, 0, 0.618, 0.000, 1.000
583.333, 0.31, Velocity, 0, 0, 0.62, 0.000, 1.000
600.000, 0.31, Velocity, 0, 0, 0.62, 0.000, 1.000
616.667, 0.31, Velocity, 0, 0, 0.62, 0.000, 1.000
633.333, 0.31, Velocity, 0, 0, 0.62, 0.000, 1.000
650.000, 0.31, Velocity, 0, 0, 0.62, 0.000, 1.000
666.667, 0.31, Velocity, 0, 0, 0.62, 0.000, 1.000
683.333, 0.31, Velocity, 0, 0, 0.62, 0.000, 1.000
700.000, 0.31, Velocity, 0, 0, 0.62, 0.000, 1.000
716.667, 0.31, Velocity, 0, 0, 0.62, 0.000, 1.000
733.333, 0.31, Velocity, 0, 0, 0.62, 0.000, 1.000
750.000, 0.31, Velocity, 0, 0, 0.62, 0.000, 1.000
766.667, 0.31, Velocity, 0, 0, 0.62, 0.000, 1.000
783.333, 0.311, Velocity, 0, 0, 0.622, 0.000, 1.000
800.000, 0.31, Velocity, 0, 0, 0.62, 0.000, 1.000
816.667, 0.31, Velocity, 0, 0, 0.62, 0.000, 1.000
833.333, 0.31, Velocity, 0, 0, 0.62, 0.000, 1.000
850.000, 0.31, Velocity, 0, 0, 0.62, 0.000, 1.000
866.667, 0.31, Velocity, 0, 0, 0.62, 0.000, 1.000
883.333, 0.31, Velocity, 0, 0, 0.62, 0.000, 1.000
900.000, 0.31, Velocity, 0, 0, 0.62, 0.000, 1.000
916.667, 0.309, Velocity, 0, 0, 0.618, 0.000, 1.000
933.333, 0.309, Velocity, 0, 0, 0.618, 0.000, 1.000
950.000, 0.308, Velocity, 0, 0, 0.616, 0.000, 1.000
966.667, 0.307, Velocity, 0, 0, 0.614, 0.000, 1.000
983.333, 0.307, Velocity, 0, 0, 0.614, 0.000, 1.000
1000.000, 0.307, Velocity, 0, 0, 0.614, 0.000, 1.000
1016.667, 0.307, Velocity, 0, 0, 0.614, 0.000, 1.000
1033.333, 0.306, Velocity, 0, 0, 0.612, 0.000, 1.000
1050.000, 0.305, Velocity, 0, 0, 0.61, 0.000, 1.000
1066.667, 0.305, Velocity, 0, 0, 0.61, 0.000, 1.000
1083.333, 0.304, Velocity, 0, 0, 0.608, 0.000, 1.000
1100.000, 0.304, Velocity, 0, 0, 0.608, 0.000, 1.000
1116.667, 0.304, Velocity, 0, 0, 0.608, 0.000, 1.000
1133.333, 0.304, Velocity, 0, 0, 0.608, 0.000, 1.000
1150.000, 0.304, Velocity, 0, 0, 0.608, 0.000, 1.000
1166.667, 0.304, Velocity, 0, 0, 0.608, 0.000, 1.000
1183.333, 0.304, Velocity, 0, 0, 0.608, 0.000, 1.000
1200.000, 0.304, Velocity, 0, 0, 0.608, 0.000, 1.000
1216.667, 0.304, Velocity, 0, 0, 0.608, 0.000, 1.000
1233.333, 0.304, Velocity, 0, 0, 0.608, 0.000, 1.000
1250.000, 0.303, Velocity, 0, 0, 0.606, 0.000, 1.000
1266.667, 0.303, Velocity, 0, 0, 0.606, 0.000, 1.000
1283.333, 0.303, Velocity, 0, 0, 0.606, 0.000, 1.000
1300.000, 0.303, Velocity, 0, 0, 0.606, 0.000, 1.000
1316.667, 0.303, Velocity, 0, 0, 0.606, 0.000, 1.000
1333.333, 0.303, Velocity, 0, 0, 0.606, 0.000, 1.000
1350.000, 0.303, Velocity, 0, 0, 0.606, 0.000, 1.000
1366.667, 0.304, Velocity, 0, 0, 0.608, 0.000, 1.000
1383.333, 0.303, Velocity, 0, 0, 0.606, 0.000, 1.000
1400.000, 0.303, Velocity, 0, 0, 0.606, 0.000, 1.000
1416.667, 0.303, Velocity, 0, 0, 0.606, 0.000, 1.000
1433.333, 0.303, Velocity, 0, 0, 0.606, 0.000, 1.000
1450.000, 0.303, Velocity, 0, 0, 0.606, 0.000, 1.000
1466.667, 0.303, Velocity, 0, 0, 0.606, 0.000, 1.000
1483.333, 0.303, Velocity, 0, 0, 0.606, 0.000, 1.000
1500.000, 0.302, Velocity, 0, 0, 0.604, 0.000, 1.000
1516.667, 0.303, Velocity, 0, 0, 0.606, 0.000, 1.000
1533.333, 0.303, Velocity, 0, 0, 0.606, 0.000, 1.000
1550.000, 0.303, Velocity, 0, 0, 0.606, 0.000, 1.000
1566.667, 0.302, Velocity, 0, 0, 0.604, 0.000, 1.000
1583.333, 0.302, Velocity, 0, 0, 0.604, 0.000, 1.000
1600.000, 0.302, Velocity, 0, 0, 0.604, 0.000, 1.000
1616.667, 0.303, Velocity, 0, 0, 0.606, 0.000, 1.000
1633.333, 0.303, Velocity, 0, 0, 0.606, 0.000, 1.000
1650.000, 0.304, Velocity, 0, 0, 0.608, 0.000, 1.000
1666.667, 0.304, Velocity, 0, 0, 0.608, 0.000, 1.000
1683.333, 0.304, Velocity, 0, 0, 0.608, 0.000, 1.000
1700.000, 0.304, Velocity, 0, 0, 0.608, 0.000, 1.000
1716.667, 0.305, Velocity, 0, 0, 0.61, 0.000, 1.000
1733.333, 0.306, Velocity, 0, 0, 0.612, 0.000, 1.000
1750.000, 0.308, Velocity, 0, 0, 0.616, 0.000, 1.000
1766.667, 0.308, Velocity, 0, 0, 0.616, 0.000, 1.000
1783.333, 0.31, Velocity, 0, 0, 0.62, 0.000, 1.000
1800.000, 0.314, Velocity, 0, 0, 0.628, 0.000, 1.000
1816.667, 0.317, Velocity, 0, 0, 0.634, 0.000, 1.000
1833.333, 0.321, Velocity, 0, 0, 0.642, 0.000, 1.000
1850.000, 0.326, Velocity, 0, 0, 0.652, 0.000, 1.000
1866.667, 0.331, Velocity, 0, 0, 0.662, 0.000, 1.000
1883.333, 0.335, Velocity, 0, 0, 0.67, 0.000, 1.000
1900.000, 0.338, Velocity, 0, 0, 0.676, 0.000, 1.000
1916.667, 0.342, Velocity, 0, 0, 0.684, 0.000, 1.000
1933.333, 0.346, Velocity, 0, 0, 0.692, 0.000, 1.000
1950.000, 0.35, Velocity, 0, 0, 0.7, 0.000, 1.000
1966.667, 0.352, Velocity, 0, 0, 0.704, 0.000, 1.000
1983.333, 0.354, Velocity, 0, 0, 0.708, 0.000, 1.000
2000.000, 0.356, Velocity, 0, 0, 0.712, 0.000, 1.000
2016.667, 0.356, Velocity, 0, 0, 0.712, 0.000, 1.000
2033.333, 0.359, Velocity, 0, 0, 0.718, 0.000, 1.000
2050.000, 0.36, Velocity, 0, 0, 0.72, 0.000, 1.000
2066.667, 0.36, Velocity, 0, 0, 0.72, 0.000, 1.000
2083.333, 0.36, Velocity, 0, 0, 0.72, 0.000, 1.000
2100.000, 0.36, Velocity, 0, 0, 0.72, 0.000, 1.000
2116.667, 0.361, Velocity, 0, 0, 0.722, 0.000, 1.000
2133.333, 0.361, Velocity, 0, 0, 0.722, 0.000, 1.000
2150.000, 0.363, Velocity, 0, 0, 0.726, 0.000, 1.000
2166.667, 0.365, Velocity, 0, 0, 0.73, 0.000, 1.000
2183.333, 0.365, Velocity, 0, 0, 0.73, 0.000, 1.000
2200.000, 0.366, Velocity, 0, 0, 0.732, 0.000, 1.000
2216.667, 0.366, Velocity, 0, 0, 0.732, 0.000, 1.000
2233.333, 0.366, Velocity, 0, 0, 0.732, 0.000, 1.000
2250.000, 0.366, Velocity, 0, 0, 0.732, 0.000, 1.000
2266.667, 0.367, Velocity, 0, 0, 0.734, 0.000, 1.000
2283.333, 0.367, Velocity, 0, 0, 0.734, 0.000, 1.000
2300.000, 0.367, Velocity, 0, 0, 0.734, 0.000, 1.000
2316.667, 0.367, Velocity, 0, 0, 0.734, 0.000, 1.000
2333.333, 0.367, Velocity, 0, 0, 0.734, 0.000, 1.000
2350.000, 0.367, Velocity, 0, 0, 0.734, 0.000, 1.000
2366.667, 0.367, Velocity, 0, 0, 0.734, 0.000, 1.000
2383.333, 0.367, Velocity, 0, 0, 0.734, 0.000, 1.000
2400.000, 0.367, Velocity, 0, 0, 0.734, 0.000, 1.000
2416.667, 0.367, Velocity, 0, 0, 0.734, 0.000, 1.000
2433.333, 0.367, Velocity, 0, 0, 0.734, 0.000, 1.000
2450.000, 0.367, Velocity, 0, 0, 0.734, 0.000, 1.000
2466.667, 0.367, Velocity, 0, 0, 0.734, 0.000, 1.000
2483.333, 0.367, Velocity, 0, 0, 0.734, 0.000, 1.000
2500.000, 0.369, Velocity, 0, 0, 0.738, 0.000, 1.000
2516.667, 0.371, Velocity, 0, 0, 0.742, 0.000, 1.000
2533.333, 0.374, Velocity, 0, 0, 0.748, 0.000, 1.000
2550.000, 0.377, Velocity, 0, 0, 0.754, 0.000, 1.000
2566.667, 0.382, Velocity, 0, 0, 0.764, 0.000, 1.000
2583.333, 0.393, Velocity, 0, 0, 0.786, 0.000, 1.000
2600.000, 0.399, Velocity, 0, 0, 0.798, 0.000, 1.000
2616.667, 0.404, Velocity, 0, 0, 0.808, 0.000, 1.000
2633.333, 0.41, Velocity, 0, 0, 0.82, 0.000, 1.000
2650.000, 0.416, Velocity, 0, 0, 0.832, 0.000, 1.000
2666.667, 0.421, Velocity, 0, 0, 0.842, 0.000, 1.000
2683.333, 0.426, Velocity, 0, 0, 0.852, 0.000, 1.000
2700.000, 0.432, Velocity, 0, 0, 0.864, 0.000, 1.000
2716.667, 0.438, Velocity, 0, 0, 0.876, 0.000, 1.000
2733.333, 0.446, Velocity, 0, 0, 0.892, 0.000, 1.000
2750.000, 0.45, Velocity, 0, 0, 0.9, 0.000, 1.000
2766.667, 0.465, Velocity, 0, 0, 0.93, 0.000, 1.000
2783.333, 0.47, Velocity, 0, 0, 0.94, 0.000, 1.000
2800.000, 0.476, Velocity, 0, 0, 0.952, 0.000, 1.000
2816.667, 0.482, Velocity, 0, 0, 0.964, 0.000, 1.000
2833.333, 0.486, Velocity, 0, 0, 0.972, 0.000, 1.000
2850.000, 0.49, Velocity, 0, 0, 0.98, 0.000, 1.000
2866.667, 0.493, Velocity, 0, 0, 0.986, 0.000, 1.000
2883.333, 0.496, Velocity, 0, 0, 0.992, 0.000, 1.000
2900.000, 0.502, Velocity, 0, 0, 1.004, 0.000, 1.000
2916.667, 0.507, Velocity, 0, 0, 1.014, 0.000, 1.000
2933.333, 0.511, Velocity, 0, 0, 1.022, 0.000, 1.000
2950.000, 0.516, Velocity, 0, 0, 1.032, 0.000, 1.000
2966.667, 0.521, Velocity, 0, 0, 1.042, 0.000, 1.000
2983.333, 0.527, Velocity, 0, 0, 1.054, 0.000, 1.000
3000.000, 0.53, Velocity, 0, 0, 1.06, 0.000, 1.000
3016.667, 0.535, Velocity, 0, 0, 1.07, 0.000, 1.000
3033.333, 0.546, Velocity, 0, 0, 1.092, 0.000, 1.000
3050.000, 0.554, Velocity, 0, 0, 1.108, 0.000, 1.000
3066.667, 0.562, Velocity, 0, 0, 1.124, 0.000, 1.000
3083.333, 0.569, Velocity, 0, 0, 1.138, 0.000, 1.000
3100.000, 0.573, Velocity, 0, 0, 1.146, 0.000, 1.000
3116.667, 0.578, Velocity, 0, 0, 1.156, 0.000, 1.000
3133.333, 0.581, Velocity, 0, 0, 1.162, 0.000, 1.000
3150.000, 0.582, Velocity, 0, 0, 1.164, 0.000, 1.000
3166.667, 0.586, Velocity, 0, 0, 1.172, 0.000, 1.000
3183.333, 0.588, Velocity, 0, 0, 1.176, 0.000, 1.000
3200.000, 0.588, Velocity, 0, 0, 1.176, 0.000, 1.000
3216.667, 0.588, Velocity, 0, 0, 1.176, 0.000, 1.000
3233.333, 0.59, Velocity, 0, 0, 1.18, 0.000, 1.000
3250.000, 0.592, Velocity, 0, 0, 1.184, 0.000, 1.000
3266.667, 0.592, Velocity, 0, 0, 1.184, 0.000, 1.000
3283.333, 0.592, Velocity, 0, 0, 1.184, 0.000, 1.000
3300.000, 0.591, Velocity, 0, 0, 1.182, 0.000, 1.000
3316.667, 0.591, Velocity, 0, 0, 1.182, 0.000, 1.000
3333.333, 0.592, Velocity, 0, 0, 1.184, 0.000, 1.000
3350.000, 0.592, Velocity, 0, 0, 1.184, 0.000, 1.000
3366.667, 0.591, Velocity, 0, 0, 1.182, 0.000, 1.000
3383.333, 0.592, Velocity, 0, 0, 1.184, 0.000, 1.000
3400.000, 0.591, Velocity, 0, 0, 1.182, 0.000, 1.000
3416.667, 0.591, Velocity, 0, 0, 1.182, 0.000, 1.000
3433.333, 0.591, Velocity, 0, 0, 1.182, 0.000, 1.000
3450.000, 0.591, Velocity, 0, 0, 1.182, 0.000, 1.000
3466.667, 0.592, Velocity, 0, 0, 1.184, 0.000, 1.000
3483.333, 0.591, Velocity, 0, 0, 1.182, 0.000, 1.000
3500.000, 0.59, Velocity, 0, 0, 1.18, 0.000, 1.000
3516.667, 0.591, Velocity, 0, 0, 1.182, 0.000, 1.000
3533.333, 0.591, Velocity, 0, 0, 1.182, 0.000, 1.000
3550.000, 0.59, Velocity, 0, 0, 1.18, 0.000, 1.000
3566.667, 0.59, Velocity, 0, 0, 1.18, 0.000, 1.000
3583.333, 0.59, Velocity, 0, 0, 1.18, 0.000, 1.000
3600.000, 0.59, Velocity, 0, 0, 1.18, 0.000, 1.000
3616.667, 0.591, Velocity, 0, 0, 1.182, 0.000, 1.000
3633.333, 0.591, Velocity, 0, 0, 1.182, 0.000, 1.000
3650.000, 0.591, Velocity, 0, 0, 1.182, 0.000, 1.000
3666.667, 0.591, Velocity, 0, 0, 1.182, 0.000, 1.000
3683.334, 0.591, Velocity, 0, 0, 1.182, 0.000, 1.000
3700.000, 0.592, Velocity, 0, 0, 1.184, 0.000, 1.000
3716.667, 0.592, Velocity, 0, 0, 1.184, 0.000, 1.000
3733.333, 0.59, Velocity, 0, 0, 1.18, 0.000, 1.000
3750.000, 0.591, Velocity, 0, 0, 1.182, 0.000, 1.000
3766.667, 0.59, Velocity, 0, 0, 1.18, 0.000, 1.000
3783.333, 0.591, Velocity, 0, 0, 1.182, 0.000, 1.000
3800.000, 0.591, Velocity, 0, 0, 1.182, 0.000, 1.000
3816.667, 0.591, Velocity, 0, 0, 1.182, 0.000, 1.000
3833.333, 0.591, Velocity, 0, 0, 1.182, 0.000, 1.000
3850.000, 0.591, Velocity, 0, 0, 1.182, 0.000, 1.000
3866.667, 0.59, Velocity, 0, 0, 1.18, 0.000, 1.000
3883.333, 0.59, Velocity, 0, 0, 1.18, 0.000, 1.000
3900.000, 0.59, Velocity, 0, 0, 1.18, 0.000, 1.000
3916.667, 0.59, Velocity, 0, 0, 1.18, 0.000, 1.000
3933.334, 0.59, Velocity, 0, 0, 1.18, 0.000, 1.000
3950.000, 0.59, Velocity, 0, 0, 1.18, 0.000, 1.000
3966.667, 0.59, Velocity, 0, 0, 1.18, 0.000, 1.000
3983.333, 0.591, Velocity, 0, 0, 1.182, 0.000, 1.000
4000.000, 0.591, Velocity, 0, 0, 1.182, 0.000, 1.000
4016.667, 0.591, Velocity, 0, 0, 1.182, 0.000, 1.000
4033.334, 0.59, Velocity, 0, 0, 1.18, 0.000, 1.000
4050.000, 0.59, Velocity, 0, 0, 1.18, 0.000, 1.000
4066.667, 0.591, Velocity, 0, 0, 1.182, 0.000, 1.000
4083.333, 0.59, Velocity, 0, 0, 1.18, 0.000, 1.000
4100.000, 0.591, Velocity, 0, 0, 1.182, 0.000, 1.000
4116.667, 0.591, Velocity, 0, 0, 1.182, 0.000, 1.000
4133.333, 0.591, Velocity, 0, 0, 1.182, 0.000, 1.000
4150.000, 0.59, Velocity, 0, 0, 1.18, 0.000, 1.000
4166.667, 0.59, Velocity, 0, 0, 1.18, 0.000, 1.000
4183.333, 0.59, Velocity, 0, 0, 1.18, 0.000, 1.000
4200.000, 0.591, Velocity, 0, 0, 1.182, 0.000, 1.000
4216.667, 0.591, Velocity, 0, 0, 1.182, 0.000, 1.000
4233.333, 0.59, Velocity, 0, 0, 1.18, 0.000, 1.000
4250.000, 0.591, Velocity, 0, 0, 1.182, 0.000, 1.000
4266.667, 0.59, Velocity, 0, 0, 1.18, 0.000, 1.000
4283.334, 0.589, Velocity, 0, 0, 1.178, 0.000, 1.000
4300.000, 0.589, Velocity, 0, 0, 1.178, 0.000, 1.000
4316.667, 0.59, Velocity, 0, 0, 1.18, 0.000, 1.000
4333.333, 0.589, Velocity, 0, 0, 1.178, 0.000, 1.000
4350.000, 0.589, Velocity, 0, 0, 1.178, 0.000, 1.000
4366.667, 0.59, Velocity, 0, 0, 1.18, 0.000, 1.000
4383.333, 0.59, Velocity, 0, 0, 1.18, 0.000, 1.000
4400.000, 0.59, Velocity, 0, 0, 1.18, 0.000, 1.000
4416.667, 0.591, Velocity, 0, 0, 1.182, 0.000, 1.000
4433.333, 0.591, Velocity, 0, 0, 1.182, 0.000, 1.000
4450.000, 0.591, Velocity, 0, 0, 1.182, 0.000, 1.000
4466.667, 0.59, Velocity, 0, 0, 1.18, 0.000, 1.000
4483.333, 0.59, Velocity, 0, 0, 1.18, 0.000, 1.000
4500.000, 0.59, Velocity, 0, 0, 1.18, 0.000, 1.000
4516.667, 0.59, Velocity, 0, 0, 1.18, 0.000, 1.000
4533.334, 0.59, Velocity, 0, 0, 1.18, 0.000, 1.000
4550.000, 0.59, Velocity, 0, 0, 1.18, 0.000, 1.000
4566.667, 0.59, Velocity, 0, 0, 1.18, 0.000, 1.000
4583.333, 0.59, Velocity, 0, 0, 1.18, 0.000, 1.000
4600.000, 0.59, Velocity, 0, 0, 1.18, 0.000, 1.000
4616.667, 0.59, Velocity, 0, 0, 1.18, 0.000, 1.000
4633.333, 0.59, Velocity, 0, 0, 1.18, 0.000, 1.000
4650.000, 0.59, Velocity, 0, 0, 1.18, 0.000, 1.000
4666.667, 0.59, Velocity, 0, 0, 1.18, 0.000, 1.000
4683.333, 0.589, Velocity, 0, 0, 1.178, 0.000, 1.000
4700.000, 0.589, Velocity, 0, 0, 1.178, 0.000, 1.000
4716.667, 0.589, Velocity, 0, 0, 1.178, 0.000, 1.000
4733.333, 0.589, Velocity, 0, 0, 1.178, 0.000, 1.000
4750.000, 0.589, Velocity, 0, 0, 1.178, 0.000, 1.000
4766.667, 0.591, Velocity, 0, 0, 1.182, 0.000, 1.000
4783.334, 0.591, Velocity, 0, 0, 1.182, 0.000, 1.000
4800.000, 0.591, Velocity, 0, 0, 1.182, 0.000, 1.000
4816.667, 0.591, Velocity, 0, 0, 1.182, 0.000, 1.000
4833.333, 0.59, Velocity, 0, 0, 1.18, 0.000, 1.000
4850.000, 0.59, Velocity, 0, 0, 1.18, 0.000, 1.000
4866.667, 0.59, Velocity, 0, 0, 1.18, 0.000, 1.000
4883.333, 0.59, Velocity, 0, 0, 1.18, 0.000, 1.000
4900.000, 0.59, Velocity, 0, 0, 1.18, 0.000, 1.000
4916.667, 0.591, Velocity, 0, 0, 1.182, 0.000, 1.000
4933.333, 0.591, Velocity, 0, 0, 1.182, 0.000, 1.000
4950.000, 0.59, Velocity, 0, 0, 1.18, 0.000, 1.000
4966.667, 0.59, Velocity, 0, 0, 1.18, 0.000, 1.000
4983.333, 0.59, Velocity, 0, 0, 1.18, 0.000, 1.000
5000.000, 0.59, Velocity, 0, 0, 1.18, 0.000, 1.000
5016.667, 0.59, Velocity, 0, 0, 1.18, 0.000, 1.000
5033.334, 0.59, Velocity, 0, 0, 1.18, 0.000, 1.000
5050.000, 0.59, Velocity, 0, 0, 1.18, 0.000, 1.000
5066.667, 0.591, Velocity, 0, 0, 1.182, 0.000, 1.000
5083.333, 0.59, Velocity, 0, 0, 1.18, 0.000, 1.000
5100.000, 0.59, Velocity, 0, 0, 1.18, 0.000, 1.000
5116.667, 0.59, Velocity, 0, 0, 1.18, 0.000, 1.000
5133.333, 0.59, Velocity, 0, 0, 1.18, 0.000, 1.000
5150.000, 0.59, Velocity, 0, 0, 1.18, 0.000, 1.000
5166.667, 0.591, Velocity, 0, 0, 1.182, 0.000, 1.000
5183.333, 0.591, Velocity, 0, 0, 1.182, 0.000, 1.000
5200.000, 0.59, Velocity, 0, 0, 1.18, 0.000, 1.000
5216.667, 0.591, Velocity, 0, 0, 1.182, 0.000, 1.000
5233.333, 0.59, Velocity, 0, 0, 1.18, 0.000, 1.000
5250.000, 0.591, Velocity, 0, 0, 1.182, 0.000, 1.000
5266.667, 0.591, Velocity, 0, 0, 1.182, 0.000, 1.000
5283.334, 0.591, Velocity, 0, 0, 1.182, 0.000, 1.000
5300.000, 0.591, Velocity, 0, 0, 1.182, 0.000, 1.000
5316.667, 0.59, Velocity, 0, 0, 1.18, 0.000, 1.000
5333.333, 0.589, Velocity, 0, 0, 1.178, 0.000, 1.000
5350.000, 0.59, Velocity, 0, 0, 1.18, 0.000, 1.000
5366.667, 0.59, Velocity, 0, 0, 1.18, 0.000, 1.000
5383.333, 0.589, Velocity, 0, 0, 1.178, 0.000, 1.000
5400.000, 0.589, Velocity, 0, 0, 1.178, 0.000, 1.000
5416.667, 0.588, Velocity, 0, 0, 1.178, 0.000, 1.000
5433.333, 0.588, Velocity, 0, 0, 1.176, 0.000, 1.000
5450.000, 0.589, Velocity, 0, 0, 1.178, 0.000, 1.000
5466.667, 0.587, Velocity, 0, 0, 1.174, 0.000, 1.000
5483.333, 0.587, Velocity, 0, 0, 1.174, 0.000, 1.000
5500.000, 0.587, Velocity, 0, 0, 1.174, 0.000, 1.000
5516.667, 0.587, Velocity, 0, 0, 1.174, 0.000, 1.000
5533.334, 0.587, Velocity, 0, 0, 1.174, 0.000, 1.000
5550.000, 0.586, Velocity, 0, 0, 1.172, 0.000, 1.000
5566.667, 0.586, Velocity, 0, 0, 1.172, 0.000, 1.000
5583.333, 0.587, Velocity, 0, 0, 1.174, 0.000, 1.000
5600.000, 0.587, Velocity, 0, 0, 1.174, 0.000, 1.000
5616.667, 0.588, Velocity, 0, 0, 1.176, 0.000, 1.000
5633.333, 0.588, Velocity, 0, 0, 1.176, 0.000, 1.000
5650.000, 0.588, Velocity, 0, 0, 1.176, 0.000, 1.000
5666.667, 0.589, Velocity, 0, 0, 1.178, 0.000, 1.000
5683.333, 0.589, Velocity, 0, 0, 1.178, 0.000, 1.000
5700.000, 0.59, Velocity, 0, 0, 1.18, 0.000, 1.000
5716.667, 0.589, Velocity, 0, 0, 1.178, 0.000, 1.000
5733.333, 0.591, Velocity, 0, 0, 1.182, 0.000, 1.000
5750.000, 0.593, Velocity, 0, 0, 1.186, 0.000, 1.000
5766.667, 0.594, Velocity, 0, 0, 1.188, 0.000, 1.000
5783.334, 0.597, Velocity, 0, 0, 1.194, 0.000, 1.000
5800.000, 0.601, Velocity, 0, 0, 1.202, 0.000, 1.000
5816.667, 0.605, Velocity, 0, 0, 1.21, 0.000, 1.000
5833.333, 0.611, Velocity, 0, 0, 1.222, 0.000, 1.000
5850.000, 0.619, Velocity, 0, 0, 1.238, 0.000, 1.000
5866.667, 0.629, Velocity, 0, 0, 1.258, 0.000, 1.000
5883.333, 0.641, Velocity, 0, 0, 1.282, 0.000, 1.000
5900.000, 0.649, Velocity, 0, 0, 1.298, 0.000, 1.000
5916.667, 0.658, Velocity, 0, 0, 1.316, 0.000, 1.000
5933.334, 0.668, Velocity, 0, 0, 1.336, 0.000, 1.000
5950.000, 0.673, Velocity, 0, 0, 1.346, 0.000, 1.000
5966.667, 0.677, Velocity, 0, 0, 1.354, 0.000, 1.000
5983.333, 0.681, Velocity, 0, 0, 1.362, 0.000, 1.000
6000.000, 0.681, Velocity, 0, 0, 1.362, 0.000, 1.000
6016.667, 0.684, Velocity, 0, 0, 1.368, 0.000, 1.000
6033.334, 0.685, Velocity, 0, 0, 1.37, 0.000, 1.000
6050.000, 0.684, Velocity, 0, 0, 1.368, 0.000, 1.000
6066.667, 0.686, Velocity, 0, 0, 1.372, 0.000, 1.000
6083.333, 0.686, Velocity, 0, 0, 1.372, 0.000, 1.000
6100.000, 0.687, Velocity, 0, 0, 1.374, 0.000, 1.000
6116.667, 0.688, Velocity, 0, 0, 1.376, 0.000, 1.000
6133.333, 0.689, Velocity, 0, 0, 1.378, 0.000, 1.000
6150.000, 0.689, Velocity, 0, 0, 1.378, 0.000, 1.000
6166.667, 0.689, Velocity, 0, 0, 1.378, 0.000, 1.000
6183.334, 0.689, Velocity, 0, 0, 1.378, 0.000, 1.000
6200.000, 0.689, Velocity, 0, 0, 1.378, 0.000, 1.000
6216.667, 0.69, Velocity, 0, 0, 1.38, 0.000, 1.000
6233.333, 0.69, Velocity, 0, 0, 1.38, 0.000, 1.000
6250.000, 0.69, Velocity, 0, 0, 1.38, 0.000, 1.000
6266.667, 0.69, Velocity, 0, 0, 1.38, 0.000, 1.000
6283.334, 0.692, Velocity, 0, 0, 1.384, 0.000, 1.000
6300.000, 0.691, Velocity, 0, 0, 1.382, 0.000, 1.000
6316.667, 0.691, Velocity, 0, 0, 1.382, 0.000, 1.000
6333.333, 0.69, Velocity, 0, 0, 1.38, 0.000, 1.000
6350.000, 0.692, Velocity, 0, 0, 1.384, 0.000, 1.000
6366.667, 0.693, Velocity, 0, 0, 1.386, 0.000, 1.000
6383.333, 0.693, Velocity, 0, 0, 1.386, 0.000, 1.000
6400.000, 0.694, Velocity, 0, 0, 1.388, 0.000, 1.000
6416.667, 0.694, Velocity, 0, 0, 1.388, 0.000, 1.000
6433.334, 0.694, Velocity, 0, 0, 1.388, 0.000, 1.000
6450.000, 0.695, Velocity, 0, 0, 1.39, 0.000, 1.000
6466.667, 0.697, Velocity, 0, 0, 1.394, 0.000, 1.000
6483.333, 0.7, Velocity, 0, 0, 1.4, 0.000, 1.000
6500.000, 0.702, Velocity, 0, 0, 1.404, 0.000, 1.000
6516.667, 0.707, Velocity, 0, 0, 1.414, 0.000, 1.000
6533.334, 0.713, Velocity, 0, 0, 1.426, 0.000, 1.000
6550.000, 0.714, Velocity, 0, 0, 1.428, 0.000, 1.000
6566.667, 0.717, Velocity, 0, 0, 1.434, 0.000, 1.000
6583.333, 0.721, Velocity, 0, 0, 1.442, 0.000, 1.000
6600.000, 0.721, Velocity, 0, 0, 1.442, 0.000, 1.000
6616.667, 0.724, Velocity, 0, 0, 1.448, 0.000, 1.000
6633.333, 0.727, Velocity, 0, 0, 1.454, 0.000, 1.000
6650.000, 0.729, Velocity, 0, 0, 1.458, 0.000, 1.000
6666.667, 0.732, Velocity, 0, 0, 1.464, 0.000, 1.000
6683.334, 0.737, Velocity, 0, 0, 1.474, 0.000, 1.000
6700.000, 0.739, Velocity, 0, 0, 1.478, 0.000, 1.000
6716.667, 0.74, Velocity, 0, 0, 1.48, 0.000, 1.000
6733.333, 0.741, Velocity, 0, 0, 1.482, 0.000, 1.000
6750.000, 0.741, Velocity, 0, 0, 1.482, 0.000, 1.000
6766.667, 0.741, Velocity, 0, 0, 1.482, 0.000, 1.000
6783.334, 0.743, Velocity, 0, 0, 1.486, 0.000, 1.000
6800.000, 0.744, Velocity, 0, 0, 1.488, 0.000, 1.000
6816.667, 0.742, Velocity, 0, 0, 1.484, 0.000, 1.000
6833.333, 0.742, Velocity, 0, 0, 1.484, 0.000, 1.000
6850.000, 0.74, Velocity, 0, 0, 1.48, 0.000, 1.000
6866.667, 0.741, Velocity, 0, 0, 1.482, 0.000, 1.000
6883.333, 0.741, Velocity, 0, 0, 1.482, 0.000, 1.000
6900.000, 0.741, Velocity, 0, 0, 1.482, 0.000, 1.000
6916.667, 0.742, Velocity, 0, 0, 1.484, 0.000, 1.000
6933.334, 0.741, Velocity, 0, 0, 1.482, 0.000, 1.000
6950.000, 0.742, Velocity, 0, 0, 1.484, 0.000, 1.000
6966.667, 0.742, Velocity, 0, 0, 1.484, 0.000, 1.000
6983.333, 0.743, Velocity, 0, 0, 1.486, 0.000, 1.000
7000.000, 0.743, Velocity, 0, 0, 1.486, 0.000, 1.000
7016.667, 0.743, Velocity, 0, 0, 1.486, 0.000, 1.000
7033.334, 0.742, Velocity, 0, 0, 1.484, 0.000, 1.000
7050.000, 0.741, Velocity, 0, 0, 1.482, 0.000, 1.000
7066.667, 0.741, Velocity, 0, 0, 1.482, 0.000, 1.000
7083.333, 0.742, Velocity, 0, 0, 1.484, 0.000, 1.000
7100.000, 0.742, Velocity, 0, 0, 1.484, 0.000, 1.000
7116.667, 0.742, Velocity, 0, 0, 1.484, 0.000, 1.000
7133.333, 0.742, Velocity, 0, 0, 1.484, 0.000, 1.000
7150.000, 0.743, Velocity, 0, 0, 1.486, 0.000, 1.000
7166.667, 0.742, Velocity, 0, 0, 1.484, 0.000, 1.000
7183.334, 0.742, Velocity, 0, 0, 1.484, 0.000, 1.000
7200.000, 0.742, Velocity, 0, 0, 1.484, 0.000, 1.000
7216.667, 0.742, Velocity, 0, 0, 1.484, 0.000, 1.000
7233.333, 0.741, Velocity, 0, 0, 1.482, 0.000, 1.000
7250.000, 0.741, Velocity, 0, 0, 1.482, 0.000, 1.000
7266.667, 0.742, Velocity, 0, 0, 1.484, 0.000, 1.000
7283.334, 0.741, Velocity, 0, 0, 1.482, 0.000, 1.000
7300.000, 0.742, Velocity, 0, 0, 1.484, 0.000, 1.000
7316.667, 0.742, Velocity, 0, 0, 1.484, 0.000, 1.000
7333.333, 0.741, Velocity, 0, 0, 1.482, 0.000, 1.000
7350.000, 0.741, Velocity, 0, 0, 1.482, 0.000, 1.000
7366.667, 0.741, Velocity, 0, 0, 1.482, 0.000, 1.000
7383.333, 0.742, Velocity, 0, 0, 1.482, 0.000, 1.000
7400.000, 0.741, Velocity, 0, 0, 1.482, 0.000, 1.000
7416.667, 0.741, Velocity, 0, 0, 1.482, 0.000, 1.000
7433.334, 0.74, Velocity, 0, 0, 1.48, 0.000, 1.000
7450.000, 0.741, Velocity, 0, 0, 1.482, 0.000, 1.000
7466.667, 0.741, Velocity, 0, 0, 1.482, 0.000, 1.000
7483.333, 0.741, Velocity, 0, 0, 1.482, 0.000, 1.000
7500.000, 0.742, Velocity, 0, 0, 1.484, 0.000, 1.000
7516.667, 0.742, Velocity, 0, 0, 1.484, 0.000, 1.000
7533.334, 0.743, Velocity, 0, 0, 1.486, 0.000, 1.000
7550.000, 0.741, Velocity, 0, 0, 1.482, 0.000, 1.000
7566.667, 0.741, Velocity, 0, 0, 1.482, 0.000, 1.000
7583.333, 0.741, Velocity, 0, 0, 1.482, 0.000, 1.000
7600.000, 0.741, Velocity, 0, 0, 1.482, 0.000, 1.000
7616.667, 0.741, Velocity, 0, 0, 1.482, 0.000, 1.000
7633.333, 0.741, Velocity, 0, 0, 1.482, 0.000, 1.000
7650.000, 0.74, Velocity, 0, 0, 1.48, 0.000, 1.000
7666.667, 0.741, Velocity, 0, 0, 1.482, 0.000, 1.000
7683.334, 0.74, Velocity, 0, 0, 1.48, 0.000, 1.000
7700.000, 0.741, Velocity, 0, 0, 1.482, 0.000, 1.000
7716.667, 0.74, Velocity, 0, 0, 1.48, 0.000, 1.000
7733.333, 0.742, Velocity, 0, 0, 1.484, 0.000, 1.000
7750.000, 0.741, Velocity, 0, 0, 1.482, 0.000, 1.000
7766.667, 0.741, Velocity, 0, 0, 1.482, 0.000, 1.000
7783.334, 0.742, Velocity, 0, 0, 1.484, 0.000, 1.000
7800.000, 0.742, Velocity, 0, 0, 1.484, 0.000, 1.000
7816.667, 0.742, Velocity, 0, 0, 1.484, 0.000, 1.000
7833.334, 0.744, Velocity, 0, 0, 1.488, 0.000, 1.000
7850.000, 0.744, Velocity, 0, 0, 1.488, 0.000, 1.000
7866.667, 0.743, Velocity, 0, 0, 1.486, 0.000, 1.000
7883.333, 0.743, Velocity, 0, 0, 1.486, 0.000, 1.000
7900.000, 0.743, Velocity, 0, 0, 1.486, 0.000, 1.000
7916.667, 0.741, Velocity, 0, 0, 1.482, 0.000, 1.000
7933.334, 0.741, Velocity, 0, 0, 1.482, 0.000, 1.000
7950.000, 0.742, Velocity, 0, 0, 1.484, 0.000, 1.000
7966.667, 0.742, Velocity, 0, 0, 1.484, 0.000, 1.000
7983.333, 0.742, Velocity, 0, 0, 1.484, 0.000, 1.000
8000.000, 0.743, Velocity, 0, 0, 1.486, 0.000, 1.000
8016.667, 0.741, Velocity, 0, 0, 1.482, 0.000, 1.000
8033.334, 0.741, Velocity, 0, 0, 1.482, 0.000, 1.000
8050.000, 0.742, Velocity, 0, 0, 1.484, 0.000, 1.000
8066.667, 0.741, Velocity, 0, 0, 1.482, 0.000, 1.000
8083.334, 0.742, Velocity, 0, 0, 1.484, 0.000, 1.000
8100.000, 0.742, Velocity, 0, 0, 1.484, 0.000, 1.000
8116.667, 0.741, Velocity, 0, 0, 1.482, 0.000, 1.000
8133.334, 0.741, Velocity, 0, 0, 1.482, 0.000, 1.000
8150.000, 0.74, Velocity, 0, 0, 1.48, 0.000, 1.000
8166.667, 0.74, Velocity, 0, 0, 1.48, 0.000, 1.000
8183.333, 0.737, Velocity, 0, 0, 1.474, 0.000, 1.000
8200.001, 0.736, Velocity, 0, 0, 1.472, 0.000, 1.000
8216.667, 0.735, Velocity, 0, 0, 1.47, 0.000, 1.000
8233.334, 0.731, Velocity, 0, 0, 1.462, 0.000, 1.000
8250.000, 0.729, Velocity, 0, 0, 1.458, 0.000, 1.000
8266.667, 0.727, Velocity, 0, 0, 1.454, 0.000, 1.000
8283.334, 0.722, Velocity, 0, 0, 1.444, 0.000, 1.000
8300.000, 0.72, Velocity, 0, 0, 1.44, 0.000, 1.000
8316.668, 0.715, Velocity, 0, 0, 1.43, 0.000, 1.000
8333.334, 0.709, Velocity, 0, 0, 1.418, 0.000, 1.000
8350.000, 0.706, Velocity, 0, 0, 1.412, 0.000, 1.000
8366.667, 0.702, Velocity, 0, 0, 1.404, 0.000, 1.000
8383.334, 0.698, Velocity, 0, 0, 1.396, 0.000, 1.000
8400.001, 0.694, Velocity, 0, 0, 1.388, 0.000, 1.000
8416.667, 0.688, Velocity, 0, 0, 1.376, 0.000, 1.000
8433.333, 0.68, Velocity, 0, 0, 1.36, 0.000, 1.000
8450.001, 0.663, Velocity, 0, 0, 1.326, 0.000, 1.000
8466.667, 0.655, Velocity, 0, 0, 1.31, 0.000, 1.000
8483.334, 0.647, Velocity, 0, 0, 1.294, 0.000, 1.000
8500.000, 0.638, Velocity, 0, 0, 1.276, 0.000, 1.000
8516.667, 0.623, Velocity, 0, 0, 1.246, 0.000, 1.000
8533.334, 0.615, Velocity, 0, 0, 1.23, 0.000, 1.000
8550.000, 0.606, Velocity, 0, 0, 1.212, 0.000, 1.000
8566.668, 0.596, Velocity, 0, 0, 1.192, 0.000, 1.000
8583.334, 0.59, Velocity, 0, 0, 1.18, 0.000, 1.000
8600.000, 0.583, Velocity, 0, 0, 1.166, 0.000, 1.000
8616.667, 0.578, Velocity, 0, 0, 1.156, 0.000, 1.000
8633.334, 0.573, Velocity, 0, 0, 1.146, 0.000, 1.000
8650.001, 0.57, Velocity, 0, 0, 1.14, 0.000, 1.000
8666.667, 0.567, Velocity, 0, 0, 1.134, 0.000, 1.000
8683.333, 0.565, Velocity, 0, 0, 1.13, 0.000, 1.000
8700.001, 0.563, Velocity, 0, 0, 1.126, 0.000, 1.000
8716.667, 0.558, Velocity, 0, 0, 1.116, 0.000, 1.000
8733.334, 0.557, Velocity, 0, 0, 1.114, 0.000, 1.000
8750.000, 0.554, Velocity, 0, 0, 1.108, 0.000, 1.000
8766.667, 0.554, Velocity, 0, 0, 1.108, 0.000, 1.000
8783.334, 0.551, Velocity, 0, 0, 1.102, 0.000, 1.000
8800.000, 0.551, Velocity, 0, 0, 1.102, 0.000, 1.000
8816.668, 0.551, Velocity, 0, 0, 1.102, 0.000, 1.000
8833.334, 0.551, Velocity, 0, 0, 1.102, 0.000, 1.000
8850.000, 0.55, Velocity, 0, 0, 1.1, 0.000, 1.000
8866.667, 0.549, Velocity, 0, 0, 1.098, 0.000, 1.000
8883.334, 0.549, Velocity, 0, 0, 1.098, 0.000, 1.000
8900.001, 0.548, Velocity, 0, 0, 1.096, 0.000, 1.000
8916.667, 0.549, Velocity, 0, 0, 1.098, 0.000, 1.000
8933.333, 0.55, Velocity, 0, 0, 1.1, 0.000, 1.000
8950.001, 0.549, Velocity, 0, 0, 1.098, 0.000, 1.000
8966.667, 0.549, Velocity, 0, 0, 1.098, 0.000, 1.000
8983.334, 0.548, Velocity, 0, 0, 1.096, 0.000, 1.000
9000.000, 0.548, Velocity, 0, 0, 1.096, 0.000, 1.000
9016.667, 0.549, Velocity, 0, 0, 1.098, 0.000, 1.000
9033.334, 0.549, Velocity, 0, 0, 1.098, 0.000, 1.000
9050.000, 0.548, Velocity, 0, 0, 1.096, 0.000, 1.000
9066.668, 0.548, Velocity, 0, 0, 1.096, 0.000, 1.000
9083.334, 0.548, Velocity, 0, 0, 1.096, 0.000, 1.000
9100.000, 0.548, Velocity, 0, 0, 1.096, 0.000, 1.000
9116.667, 0.548, Velocity, 0, 0, 1.096, 0.000, 1.000
9133.334, 0.548, Velocity, 0, 0, 1.096, 0.000, 1.000
9150.001, 0.549, Velocity, 0, 0, 1.098, 0.000, 1.000
9166.667, 0.549, Velocity, 0, 0, 1.098, 0.000, 1.000
9183.333, 0.549, Velocity, 0, 0, 1.098, 0.000, 1.000
9200.001, 0.55, Velocity, 0, 0, 1.1, 0.000, 1.000
9216.667, 0.551, Velocity, 0, 0, 1.102, 0.000, 1.000
9233.334, 0.551, Velocity, 0, 0, 1.102, 0.000, 1.000
9250.001, 0.552, Velocity, 0, 0, 1.104, 0.000, 1.000
9266.667, 0.551, Velocity, 0, 0, 1.102, 0.000, 1.000
9283.334, 0.551, Velocity, 0, 0, 1.102, 0.000, 1.000
9300.000, 0.551, Velocity, 0, 0, 1.102, 0.000, 1.000
9316.668, 0.55, Velocity, 0, 0, 1.1, 0.000, 1.000
9333.334, 0.551, Velocity, 0, 0, 1.102, 0.000, 1.000
9350.000, 0.551, Velocity, 0, 0, 1.102, 0.000, 1.000
9366.667, 0.551, Velocity, 0, 0, 1.102, 0.000, 1.000
9383.334, 0.551, Velocity, 0, 0, 1.102, 0.000, 1.000
9400.001, 0.551, Velocity, 0, 0, 1.102, 0.000, 1.000
9416.667, 0.55, Velocity, 0, 0, 1.1, 0.000, 1.000
9433.333, 0.55, Velocity, 0, 0, 1.1, 0.000, 1.000
9450.001, 0.55, Velocity, 0, 0, 1.1, 0.000, 1.000
9466.667, 0.55, Velocity, 0, 0, 1.1, 0.000, 1.000
9483.334, 0.55, Velocity, 0, 0, 1.1, 0.000, 1.000
9500.001, 0.55, Velocity, 0, 0, 1.1, 0.000, 1.000
9516.667, 0.551, Velocity, 0, 0, 1.102, 0.000, 1.000
9533.334, 0.551, Velocity, 0, 0, 1.102, 0.000, 1.000
9550.000, 0.551, Velocity, 0, 0, 1.102, 0.000, 1.000
9566.668, 0.55, Velocity, 0, 0, 1.1, 0.000, 1.000
9583.334, 0.55, Velocity, 0, 0, 1.1, 0.000, 1.000
9600.000, 0.55, Velocity, 0, 0, 1.1, 0.000, 1.000
9616.667, 0.551, Velocity, 0, 0, 1.102, 0.000, 1.000
9633.334, 0.551, Velocity, 0, 0, 1.102, 0.000, 1.000
9650.001, 0.551, Velocity, 0, 0, 1.102, 0.000, 1.000
9666.667, 0.551, Velocity, 0, 0, 1.102, 0.000, 1.000
9683.333, 0.551, Velocity, 0, 0, 1.102, 0.000, 1.000
9700.001, 0.551, Velocity, 0, 0, 1.102, 0.000, 1.000
9716.667, 0.55, Velocity, 0, 0, 1.1, 0.000, 1.000
9733.334, 0.55, Velocity, 0, 0, 1.1, 0.000, 1.000
9750.001, 0.551, Velocity, 0, 0, 1.102, 0.000, 1.000
9766.667, 0.55, Velocity, 0, 0, 1.1, 0.000, 1.000
9783.334, 0.551, Velocity, 0, 0, 1.102, 0.000, 1.000
9800.000, 0.55, Velocity, 0, 0, 1.1, 0.000, 1.000
9816.668, 0.551, Velocity, 0, 0, 1.102, 0.000, 1.000
9833.334, 0.551, Velocity, 0, 0, 1.102, 0.000, 1.000
9850.000, 0.55, Velocity, 0, 0, 1.1, 0.000, 1.000
9866.667, 0.55, Velocity, 0, 0, 1.1, 0.000, 1.000
9883.334, 0.549, Velocity, 0, 0, 1.098, 0.000, 1.000
9900.001, 0.55, Velocity, 0, 0, 1.1, 0.000, 1.000
9916.667, 0.549, Velocity, 0, 0, 1.098, 0.000, 1.000
9933.333, 0.55, Velocity, 0, 0, 1.1, 0.000, 1.000
9950.001, 0.549, Velocity, 0, 0, 1.098, 0.000, 1.000
9966.667, 0.55, Velocity, 0, 0, 1.1, 0.000, 1.000
9983.334, 0.55, Velocity, 0, 0, 1.1, 0.000, 1.000
10000.000, 0.55, Velocity, 0, 0, 1.1, 0.000, 1.000
10016.670, 0.551, Velocity, 0, 0, 1.102, 0.000, 1.000
10033.330, 0.551, Velocity, 0, 0, 1.102, 0.000, 1.000
10050.000, 0.551, Velocity, 0, 0, 1.102, 0.000, 1.000
10066.670, 0.55, Velocity, 0, 0, 1.1, 0.000, 1.000
10083.330, 0.551, Velocity, 0, 0, 1.102, 0.000, 1.000
10100.000, 0.551, Velocity, 0, 0, 1.102, 0.000, 1.000
10116.670, 0.551, Velocity, 0, 0, 1.102, 0.000, 1.000
10133.330, 0.551, Velocity, 0, 0, 1.102, 0.000, 1.000
10150.000, 0.551, Velocity, 0, 0, 1.102, 0.000, 1.000
10166.670, 0.551, Velocity, 0, 0, 1.102, 0.000, 1.000
10183.330, 0.55, Velocity, 0, 0, 1.1, 0.000, 1.000
10200.000, 0.551, Velocity, 0, 0, 1.102, 0.000, 1.000
10216.670, 0.551, Velocity, 0, 0, 1.102, 0.000, 1.000
10233.330, 0.55, Velocity, 0, 0, 1.102, 0.000, 1.000
10250.000, 0.549, Velocity, 0, 0, 1.098, 0.000, 1.000
10266.670, 0.55, Velocity, 0, 0, 1.1, 0.000, 1.000
10283.330, 0.55, Velocity, 0, 0, 1.1, 0.000, 1.000
10300.000, 0.55, Velocity, 0, 0, 1.1, 0.000, 1.000
10316.670, 0.549, Velocity, 0, 0, 1.098, 0.000, 1.000
10333.330, 0.55, Velocity, 0, 0, 1.1, 0.000, 1.000
10350.000, 0.549, Velocity, 0, 0, 1.098, 0.000, 1.000
10366.670, 0.55, Velocity, 0, 0, 1.1, 0.000, 1.000
10383.330, 0.549, Velocity, 0, 0, 1.098, 0.000, 1.000
10400.000, 0.55, Velocity, 0, 0, 1.1, 0.000, 1.000
10416.670, 0.55, Velocity, 0, 0, 1.1, 0.000, 1.000
10433.330, 0.549, Velocity, 0, 0, 1.098, 0.000, 1.000
10450.000, 0.549, Velocity, 0, 0, 1.098, 0.000, 1.000
10466.670, 0.549, Velocity, 0, 0, 1.098, 0.000, 1.000
10483.330, 0.549, Velocity, 0, 0, 1.098, 0.000, 1.000
10500.000, 0.549, Velocity, 0, 0, 1.098, 0.000, 1.000
10516.670, 0.55, Velocity, 0, 0, 1.1, 0.000, 1.000
10533.330, 0.549, Velocity, 0, 0, 1.098, 0.000, 1.000
10550.000, 0.549, Velocity, 0, 0, 1.098, 0.000, 1.000
10566.670, 0.55, Velocity, 0, 0, 1.1, 0.000, 1.000
10583.330, 0.55, Velocity, 0, 0, 1.1, 0.000, 1.000
10600.000, 0.55, Velocity, 0, 0, 1.1, 0.000, 1.000
10616.670, 0.55, Velocity, 0, 0, 1.1, 0.000, 1.000
10633.330, 0.549, Velocity, 0, 0, 1.098, 0.000, 1.000
10650.000, 0.55, Velocity, 0, 0, 1.1, 0.000, 1.000
10666.670, 0.55, Velocity, 0, 0, 1.1, 0.000, 1.000
10683.330, 0.55, Velocity, 0, 0, 1.1, 0.000, 1.000
10700.000, 0.55, Velocity, 0, 0, 1.1, 0.000, 1.000
10716.670, 0.549, Velocity, 0, 0, 1.098, 0.000, 1.000
10733.330, 0.549, Velocity, 0, 0, 1.098, 0.000, 1.000
10750.000, 0.55, Velocity, 0, 0, 1.1, 0.000, 1.000
10766.670, 0.55, Velocity, 0, 0, 1.1, 0.000, 1.000
10783.330, 0.55, Velocity, 0, 0, 1.1, 0.000, 1.000
10800.000, 0.55, Velocity, 0, 0, 1.1, 0.000, 1.000
10816.670, 0.55, Velocity, 0, 0, 1.1, 0.000, 1.000
10833.330, 0.55, Velocity, 0, 0, 1.1, 0.000, 1.000
10850.000, 0.549, Velocity, 0, 0, 1.098, 0.000, 1.000
10866.670, 0.549, Velocity, 0, 0, 1.098, 0.000, 1.000
10883.330, 0.549, Velocity, 0, 0, 1.098, 0.000, 1.000
10900.000, 0.55, Velocity, 0, 0, 1.1, 0.000, 1.000
10916.670, 0.55, Velocity, 0, 0, 1.1, 0.000, 1.000
10933.330, 0.549, Velocity, 0, 0, 1.098, 0.000, 1.000
10950.000, 0.549, Velocity, 0, 0, 1.098, 0.000, 1.000
10966.670, 0.549, Velocity, 0, 0, 1.098, 0.000, 1.000
10983.330, 0.55, Velocity, 0, 0, 1.1, 0.000, 1.000
11000.000, 0.55, Velocity, 0, 0, 1.1, 0.000, 1.000
11016.670, 0.55, Velocity, 0, 0, 1.1, 0.000, 1.000
11033.330, 0.55, Velocity, 0, 0, 1.1, 0.000, 1.000
11050.000, 0.55, Velocity, 0, 0, 1.1, 0.000, 1.000
11066.670, 0.55, Velocity, 0, 0, 1.1, 0.000, 1.000
11083.330, 0.55, Velocity, 0, 0, 1.1, 0.000, 1.000
11100.000, 0.55, Velocity, 0, 0, 1.1, 0.000, 1.000
11116.670, 0.55, Velocity, 0, 0, 1.1, 0.000, 1.000
11133.330, 0.55, Velocity, 0, 0, 1.1, 0.000, 1.000
11150.000, 0.55, Velocity, 0, 0, 1.1, 0.000, 1.000
11166.670, 0.551, Velocity, 0, 0, 1.102, 0.000, 1.000
11183.330, 0.551, Velocity, 0, 0, 1.102, 0.000, 1.000
11200.000, 0.55, Velocity, 0, 0, 1.1, 0.000, 1.000
11216.670, 0.55, Velocity, 0, 0, 1.1, 0.000, 1.000
11233.330, 0.55, Velocity, 0, 0, 1.1, 0.000, 1.000
11250.000, 0.551, Velocity, 0, 0, 1.102, 0.000, 1.000
11266.670, 0.55, Velocity, 0, 0, 1.1, 0.000, 1.000
11283.330, 0.551, Velocity, 0, 0, 1.102, 0.000, 1.000
11300.000, 0.55, Velocity, 0, 0, 1.1, 0.000, 1.000
11316.670, 0.55, Velocity, 0, 0, 1.1, 0.000, 1.000
11333.330, 0.55, Velocity, 0, 0, 1.1, 0.000, 1.000
11350.000, 0.55, Velocity, 0, 0, 1.1, 0.000, 1.000
11366.670, 0.549, Velocity, 0, 0, 1.098, 0.000, 1.000
11383.330, 0.55, Velocity, 0, 0, 1.1, 0.000, 1.000
11400.000, 0.55, Velocity, 0, 0, 1.1, 0.000, 1.000
11416.670, 0.55, Velocity, 0, 0, 1.1, 0.000, 1.000
11433.330, 0.549, Velocity, 0, 0, 1.098, 0.000, 1.000
11450.000, 0.549, Velocity, 0, 0, 1.098, 0.000, 1.000
11466.670, 0.549, Velocity, 0, 0, 1.098, 0.000, 1.000
11483.330, 0.549, Velocity, 0, 0, 1.098, 0.000, 1.000
11500.000, 0.549, Velocity, 0, 0, 1.098, 0.000, 1.000
11516.670, 0.548, Velocity, 0, 0, 1.096, 0.000, 1.000
11533.330, 0.549, Velocity, 0, 0, 1.098, 0.000, 1.000
11550.000, 0.549, Velocity, 0, 0, 1.098, 0.000, 1.000
11566.670, 0.55, Velocity, 0, 0, 1.1, 0.000, 1.000
11583.330, 0.55, Velocity, 0, 0, 1.1, 0.000, 1.000
11600.000, 0.55, Velocity, 0, 0, 1.1, 0.000, 1.000
11616.670, 0.55, Velocity, 0, 0, 1.1, 0.000, 1.000
11633.330, 0.55, Velocity, 0, 0, 1.1, 0.000, 1.000
11650.000, 0.551, Velocity, 0, 0, 1.102, 0.000, 1.000
11666.670, 0.55, Velocity, 0, 0, 1.1, 0.000, 1.000
11683.330, 0.551, Velocity, 0, 0, 1.102, 0.000, 1.000
11700.000, 0.549, Velocity, 0, 0, 1.098, 0.000, 1.000
11716.670, 0.549, Velocity, 0, 0, 1.098, 0.000, 1.000
11733.330, 0.549, Velocity, 0, 0, 1.098, 0.000, 1.000
11750.000, 0.549, Velocity, 0, 0, 1.098, 0.000, 1.000
11766.670, 0.549, Velocity, 0, 0, 1.098, 0.000, 1.000
11783.330, 0.55, Velocity, 0, 0, 1.1, 0.000, 1.000
11800.000, 0.549, Velocity, 0, 0, 1.098, 0.000, 1.000
11816.670, 0.548, Velocity, 0, 0, 1.096, 0.000, 1.000
11833.330, 0.548, Velocity, 0, 0, 1.096, 0.000, 1.000
11850.000, 0.549, Velocity, 0, 0, 1.098, 0.000, 1.000
11866.670, 0.55, Velocity, 0, 0, 1.1, 0.000, 1.000
11883.330, 0.549, Velocity, 0, 0, 1.098, 0.000, 1.000
11900.000, 0.549, Velocity, 0, 0, 1.098, 0.000, 1.000
11916.670, 0.55, Velocity, 0, 0, 1.1, 0.000, 1.000
11933.330, 0.55, Velocity, 0, 0, 1.1, 0.000, 1.000
11950.000, 0.55, Velocity, 0, 0, 1.1, 0.000, 1.000
11966.670, 0.549, Velocity, 0, 0, 1.098, 0.000, 1.000
11983.330, 0.549, Velocity, 0, 0, 1.098, 0.000, 1.000
12000.000, 0.549, Velocity, 0, 0, 1.098, 0.000, 1.000
12016.670, 0.55, Velocity, 0, 0, 1.1, 0.000, 1.000
12033.330, 0.549, Velocity, 0, 0, 1.098, 0.000, 1.000
12050.000, 0.549, Velocity, 0, 0, 1.098, 0.000, 1.000
12066.670, 0.55, Velocity, 0, 0, 1.1, 0.000, 1.000
12083.330, 0.55, Velocity, 0, 0, 1.1, 0.000, 1.000
12100.000, 0.55, Velocity, 0, 0, 1.1, 0.000, 1.000
12116.670, 0.549, Velocity, 0, 0, 1.098, 0.000, 1.000
12133.330, 0.549, Velocity, 0, 0, 1.098, 0.000, 1.000
12150.000, 0.549, Velocity, 0, 0, 1.098, 0.000, 1.000
12166.670, 0.549, Velocity, 0, 0, 1.098, 0.000, 1.000
12183.330, 0.55, Velocity, 0, 0, 1.1, 0.000, 1.000
12200.000, 0.55, Velocity, 0, 0, 1.1, 0.000, 1.000
12216.670, 0.551, Velocity, 0, 0, 1.102, 0.000, 1.000
12233.330, 0.55, Velocity, 0, 0, 1.1, 0.000, 1.000
12250.000, 0.551, Velocity, 0, 0, 1.102, 0.000, 1.000
12266.670, 0.55, Velocity, 0, 0, 1.1, 0.000, 1.000
12283.330, 0.55, Velocity, 0, 0, 1.1, 0.000, 1.000
12300.000, 0.55, Velocity, 0, 0, 1.1, 0.000, 1.000
12316.670, 0.55, Velocity, 0, 0, 1.1, 0.000, 1.000
12333.330, 0.55, Velocity, 0, 0, 1.1, 0.000, 1.000
12350.000, 0.55, Velocity, 0, 0, 1.1, 0.000, 1.000
12366.670, 0.55, Velocity, 0, 0, 1.1, 0.000, 1.000
12383.330, 0.549, Velocity, 0, 0, 1.098, 0.000, 1.000
12400.000, 0.549, Velocity, 0, 0, 1.098, 0.000, 1.000
12416.670, 0.549, Velocity, 0, 0, 1.098, 0.000, 1.000
12433.330, 0.549, Velocity, 0, 0, 1.098, 0.000, 1.000
12450.000, 0.55, Velocity, 0, 0, 1.1, 0.000, 1.000
12466.670, 0.551, Velocity, 0, 0, 1.102, 0.000, 1.000
12483.330, 0.55, Velocity, 0, 0, 1.1, 0.000, 1.000
12500.000, 0.551, Velocity, 0, 0, 1.102, 0.000, 1.000
12516.670, 0.55, Velocity, 0, 0, 1.1, 0.000, 1.000
12533.330, 0.55, Velocity, 0, 0, 1.1, 0.000, 1.000
12550.000, 0.55, Velocity, 0, 0, 1.1, 0.000, 1.000
12566.670, 0.55, Velocity, 0, 0, 1.1, 0.000, 1.000
12583.330, 0.55, Velocity, 0, 0, 1.1, 0.000, 1.000
12600.000, 0.55, Velocity, 0, 0, 1.1, 0.000, 1.000
12616.670, 0.55, Velocity, 0, 0, 1.1, 0.000, 1.000
12633.330, 0.55, Velocity, 0, 0, 1.1, 0.000, 1.000
12650.000, 0.549, Velocity, 0, 0, 1.098, 0.000, 1.000
12666.670, 0.549, Velocity, 0, 0, 1.098, 0.000, 1.000
12683.330, 0.549, Velocity, 0, 0, 1.098, 0.000, 1.000
12700.000, 0.549, Velocity, 0, 0, 1.098, 0.000, 1.000
12716.670, 0.55, Velocity, 0, 0, 1.1, 0.000, 1.000
12733.330, 0.55, Velocity, 0, 0, 1.1, 0.000, 1.000
12750.000, 0.55, Velocity, 0, 0, 1.1, 0.000, 1.000
12766.670, 0.549, Velocity, 0, 0, 1.098, 0.000, 1.000
12783.330, 0.549, Velocity, 0, 0, 1.098, 0.000, 1.000
12800.000, 0.549, Velocity, 0, 0, 1.098, 0.000, 1.000
12816.670, 0.55, Velocity, 0, 0, 1.1, 0.000, 1.000
12833.330, 0.551, Velocity, 0, 0, 1.102, 0.000, 1.000
12850.000, 0.55, Velocity, 0, 0, 1.1, 0.000, 1.000
12866.670, 0.551, Velocity, 0, 0, 1.102, 0.000, 1.000
12883.330, 0.55, Velocity, 0, 0, 1.1, 0.000, 1.000
12900.000, 0.55, Velocity, 0, 0, 1.1, 0.000, 1.000
12916.670, 0.549, Velocity, 0, 0, 1.098, 0.000, 1.000
12933.330, 0.549, Velocity, 0, 0, 1.098, 0.000, 1.000
12950.000, 0.549, Velocity, 0, 0, 1.098, 0.000, 1.000
12966.670, 0.549, Velocity, 0, 0, 1.098, 0.000, 1.000
12983.330, 0.549, Velocity, 0, 0, 1.098, 0.000, 1.000
13000.000, 0.549, Velocity, 0, 0, 1.098, 0.000, 1.000
13016.670, 0.55, Velocity, 0, 0, 1.1, 0.000, 1.000
13033.330, 0.549, Velocity, 0, 0, 1.098, 0.000, 1.000
13050.000, 0.549, Velocity, 0, 0, 1.098, 0.000, 1.000
13066.670, 0.55, Velocity, 0, 0, 1.1, 0.000, 1.000
13083.330, 0.549, Velocity, 0, 0, 1.098, 0.000, 1.000
13100.000, 0.549, Velocity, 0, 0, 1.098, 0.000, 1.000
13116.670, 0.549, Velocity, 0, 0, 1.098, 0.000, 1.000
13133.330, 0.549, Velocity, 0, 0, 1.098, 0.000, 1.000
13150.000, 0.549, Velocity, 0, 0, 1.098, 0.000, 1.000
13166.670, 0.55, Velocity, 0, 0, 1.1, 0.000, 1.000
13183.330, 0.549, Velocity, 0, 0, 1.098, 0.000, 1.000
13200.000, 0.549, Velocity, 0, 0, 1.098, 0.000, 1.000
13216.670, 0.549, Velocity, 0, 0, 1.098, 0.000, 1.000
13233.330, 0.55, Velocity, 0, 0, 1.1, 0.000, 1.000
13250.000, 0.55, Velocity, 0, 0, 1.1, 0.000, 1.000
13266.670, 0.549, Velocity, 0, 0, 1.098, 0.000, 1.000
13283.330, 0.549, Velocity, 0, 0, 1.098, 0.000, 1.000
13300.000, 0.548, Velocity, 0, 0, 1.096, 0.000, 1.000
13316.670, 0.549, Velocity, 0, 0, 1.098, 0.000, 1.000
13333.330, 0.549, Velocity, 0, 0, 1.098, 0.000, 1.000
13350.000, 0.549, Velocity, 0, 0, 1.098, 0.000, 1.000
13366.670, 0.55, Velocity, 0, 0, 1.1, 0.000, 1.000
13383.330, 0.549, Velocity, 0, 0, 1.098, 0.000, 1.000
13400.000, 0.549, Velocity, 0, 0, 1.098, 0.000, 1.000
13416.670, 0.55, Velocity, 0, 0, 1.1, 0.000, 1.000
13433.330, 0.551, Velocity, 0, 0, 1.102, 0.000, 1.000
13450.000, 0.55, Velocity, 0, 0, 1.1, 0.000, 1.000
13466.670, 0.549, Velocity, 0, 0, 1.098, 0.000, 1.000
13483.330, 0.55, Velocity, 0, 0, 1.1, 0.000, 1.000
13500.000, 0.55, Velocity, 0, 0, 1.1, 0.000, 1.000
13516.670, 0.55, Velocity, 0, 0, 1.1, 0.000, 1.000
13533.330, 0.55, Velocity, 0, 0, 1.1, 0.000, 1.000
13550.000, 0.55, Velocity, 0, 0, 1.1, 0.000, 1.000
13566.670, 0.55, Velocity, 0, 0, 1.1, 0.000, 1.000
13583.330, 0.55, Velocity, 0, 0, 1.1, 0.000, 1.000
13600.000, 0.549, Velocity, 0, 0, 1.098, 0.000, 1.000
13616.670, 0.549, Velocity, 0, 0, 1.098, 0.000, 1.000
13633.330, 0.549, Velocity, 0, 0, 1.098, 0.000, 1.000
13650.000, 0.549, Velocity, 0, 0, 1.098, 0.000, 1.000
13666.670, 0.549, Velocity, 0, 0, 1.098, 0.000, 1.000
13683.330, 0.549, Velocity, 0, 0, 1.098, 0.000, 1.000
13700.000, 0.549, Velocity, 0, 0, 1.098, 0.000, 1.000
13716.670, 0.549, Velocity, 0, 0, 1.098, 0.000, 1.000
13733.330, 0.549, Velocity, 0, 0, 1.098, 0.000, 1.000
13750.000, 0.548, Velocity, 0, 0, 1.096, 0.000, 1.000
13766.670, 0.548, Velocity, 0, 0, 1.096, 0.000, 1.000
13783.330, 0.55, Velocity, 0, 0, 1.1, 0.000, 1.000
13800.000, 0.551, Velocity, 0, 0, 1.102, 0.000, 1.000
13816.670, 0.55, Velocity, 0, 0, 1.1, 0.000, 1.000
13833.330, 0.55, Velocity, 0, 0, 1.1, 0.000, 1.000
13850.000, 0.55, Velocity, 0, 0, 1.1, 0.000, 1.000
13866.670, 0.55, Velocity, 0, 0, 1.1, 0.000, 1.000
13883.330, 0.55, Velocity, 0, 0, 1.1, 0.000, 1.000
13900.000, 0.55, Velocity, 0, 0, 1.1, 0.000, 1.000
13916.670, 0.549, Velocity, 0, 0, 1.098, 0.000, 1.000
13933.330, 0.549, Velocity, 0, 0, 1.098, 0.000, 1.000
13950.000, 0.549, Velocity, 0, 0, 1.098, 0.000, 1.000
13966.670, 0.549, Velocity, 0, 0, 1.098, 0.000, 1.000
13983.330, 0.55, Velocity, 0, 0, 1.1, 0.000, 1.000
14000.000, 0.55, Velocity, 0, 0, 1.1, 0.000, 1.000
14016.670, 0.55, Velocity, 0, 0, 1.1, 0.000, 1.000
14033.330, 0.55, Velocity, 0, 0, 1.1, 0.000, 1.000
14050.000, 0.55, Velocity, 0, 0, 1.1, 0.000, 1.000
14066.670, 0.55, Velocity, 0, 0, 1.1, 0.000, 1.000
14083.330, 0.55, Velocity, 0, 0, 1.1, 0.000, 1.000
14100.000, 0.55, Velocity, 0, 0, 1.1, 0.000, 1.000
14116.670, 0.55, Velocity, 0, 0, 1.1, 0.000, 1.000
14133.330, 0.551, Velocity, 0, 0, 1.102, 0.000, 1.000
14150.000, 0.551, Velocity, 0, 0, 1.102, 0.000, 1.000
14166.670, 0.55, Velocity, 0, 0, 1.1, 0.000, 1.000
14183.330, 0.549, Velocity, 0, 0, 1.098, 0.000, 1.000
14200.000, 0.549, Velocity, 0, 0, 1.098, 0.000, 1.000
14216.670, 0.55, Amplitude, 1, 0.65, 1.74442, 0.000, 1.000
14233.330, 0.55, Amplitude, 1, 0.65, 1.748, 0.000, 1.000
14250.000, 0.549, Amplitude, 1, 0.6470001, 1.741475, 0.000, 1.000
14266.670, 0.549, Amplitude, 1, 0.6470001, 1.7309, 0.000, 1.000
14283.330, 0.549, Amplitude, 1, 0.6470001, 1.713392, 0.000, 1.000
14300.000, 0.549, Amplitude, 1, 0.6470001, 1.68914, 0.000, 1.000
14316.670, 0.549, Amplitude, 1, 0.6470001, 1.658414, 0.000, 1.000
14333.330, 0.549, Amplitude, 1, 0.6470001, 1.621546, 0.000, 1.000
14350.000, 0.549, Amplitude, 1, 0.6470001, 1.578942, 0.000, 1.000
14366.670, 0.549, Amplitude, 1, 0.6470001, 1.531072, 0.000, 1.000
14383.330, 0.549, Amplitude, 1, 0.6470001, 1.478454, 0.000, 1.000
14400.000, 0.549, Amplitude, 1, 0.6470001, 1.421667, 0.000, 1.000
14416.670, 0.549, Amplitude, 1, 0.6470001, 1.361338, 0.000, 1.000
14433.330, 0.549, Amplitude, 1, 0.6470001, 1.29812, 0.000, 1.000
14450.000, 0.549, Amplitude, 1, 0.6470001, 1.232714, 0.000, 1.000
14466.670, 0.549, Amplitude, 1, 0.6470001, 1.165828, 0.000, 1.000
14483.330, 0.548, Amplitude, 1, 0.6439999, 1.098197, 0.000, 1.000
14500.000, 0.548, Amplitude, 1, 0.6439999, 1.030884, 0.000, 1.000
14516.670, 0.549, Amplitude, 1, 0.6470001, 0.9636781, 0.000, 1.000
14533.330, 0.55, Amplitude, 1, 0.65, 0.8973353, 0.000, 1.000
14550.000, 0.55, Amplitude, 1, 0.65, 0.833809, 0.000, 1.000
14566.670, 0.55, Amplitude, 1, 0.65, 0.7731773, 0.000, 1.000
14583.330, 0.549, Amplitude, 1, 0.6470001, 0.7178711, 0.000, 1.000
14600.000, 0.549, Amplitude, 1, 0.6470001, 0.6652263, 0.000, 1.000
14616.670, 0.55, Amplitude, 1, 0.65, 0.6150945, 0.000, 1.000
14633.330, 0.55, Amplitude, 1, 0.65, 0.5722631, 0.000, 1.000
14650.000, 0.551, Amplitude, 1, 0.653, 0.5325912, 0.000, 1.000
14666.670, 0.551, Amplitude, 1, 0.653, 0.5015426, 0.000, 1.000
14683.330, 0.551, Amplitude, 1, 0.653, 0.4770265, 0.000, 1.000
14700.000, 0.551, Amplitude, 1, 0.653, 0.4593141, 0.000, 1.000
14716.670, 0.55, Amplitude, 1, 0.65, 0.4515835, 0.000, 1.000
14733.330, 0.55, Amplitude, 1, 0.65, 0.448, 0.000, 1.000
14750.000, 0.55, Amplitude, 1, 0.65, 0.4515383, 0.000, 1.000
14766.670, 0.551, Amplitude, 1, 0.653, 0.4592239, 0.000, 1.000
14783.330, 0.55, Amplitude, 1, 0.65, 0.4797458, 0.000, 1.000
14800.000, 0.55, Amplitude, 1, 0.65, 0.504105, 0.000, 1.000
14816.670, 0.551, Amplitude, 1, 0.653, 0.5323741, 0.000, 1.000
14833.330, 0.55, Amplitude, 1, 0.65, 0.5720092, 0.000, 1.000
14850.000, 0.55, Amplitude, 1, 0.65, 0.6148055, 0.000, 1.000
14866.670, 0.549, Amplitude, 1, 0.6470001, 0.6649068, 0.000, 1.000
14883.330, 0.549, Amplitude, 1, 0.6470001, 0.7175193, 0.000, 1.000
14900.000, 0.549, Amplitude, 1, 0.6470001, 0.7743041, 0.000, 1.000
14916.670, 0.549, Amplitude, 1, 0.6470001, 0.8346356, 0.000, 1.000
14933.330, 0.549, Amplitude, 1, 0.6470001, 0.8978478, 0.000, 1.000
14950.000, 0.549, Amplitude, 1, 0.6470001, 0.9632576, 0.000, 1.000
14966.670, 0.55, Amplitude, 1, 0.65, 1.029829, 0.000, 1.000
14983.330, 0.55, Amplitude, 1, 0.65, 1.097767, 0.000, 1.000
15000.000, 0.55, Amplitude, 1, 0.65, 1.165713, 0.000, 1.000
15016.670, 0.55, Amplitude, 1, 0.65, 1.232912, 0.000, 1.000
15033.330, 0.55, Amplitude, 1, 0.65, 1.298637, 0.000, 1.000
15050.000, 0.55, Amplitude, 1, 0.65, 1.362165, 0.000, 1.000
15066.670, 0.549, Amplitude, 1, 0.6470001, 1.421294, 0.000, 1.000
15083.330, 0.549, Amplitude, 1, 0.6470001, 1.478106, 0.000, 1.000
15100.000, 0.549, Amplitude, 1, 0.6470001, 1.530752, 0.000, 1.000
15116.670, 0.55, Amplitude, 1, 0.65, 1.580883, 0.000, 1.000
15133.330, 0.55, Amplitude, 1, 0.65, 1.62372, 0.000, 1.000
15150.000, 0.55, Amplitude, 1, 0.65, 1.660794, 0.000, 1.000
15166.670, 0.55, Amplitude, 1, 0.65, 1.691706, 0.000, 1.000
15183.330, 0.55, Amplitude, 1, 0.65, 1.716112, 0.000, 1.000
15200.000, 0.55, Amplitude, 1, 0.65, 1.733745, 0.000, 1.000
15216.670, 0.548, Amplitude, 1, 0.6439999, 1.738447, 0.000, 1.000
15233.330, 0.541, Amplitude, 1, 0.623, 1.721, 0.000, 1.000
15250.000, 0.53, Amplitude, 1, 0.5899999, 1.684791, 0.000, 1.000
15266.670, 0.524, Amplitude, 1, 0.572, 1.657546, 0.000, 1.000
15283.330, 0.517, Amplitude, 1, 0.5510001, 1.622098, 0.000, 1.000
15300.000, 0.517, Amplitude, 1, 0.5510001, 1.60145, 0.000, 1.000
15316.670, 0.498, Amplitude, 1, 0.494, 1.525912, 0.000, 1.000
15333.330, 0.489, Amplitude, 1, 0.467, 1.475919, 0.000, 1.000
15350.000, 0.48, Amplitude, 1, 0.44, 1.425099, 0.000, 1.000
15366.670, 0.472, Amplitude, 1, 0.416, 1.376481, 0.000, 1.000
15383.330, 0.463, Amplitude, 1, 0.389, 1.326773, 0.000, 1.000
15400.000, 0.449, Amplitude, 1, 0.347, 1.271618, 0.000, 1.000
15416.670, 0.443, Amplitude, 1, 0.329, 1.231937, 0.000, 1.000
15433.330, 0.437, Amplitude, 1, 0.311, 1.194222, 0.000, 1.000
15450.000, 0.434, Amplitude, 1, 0.302, 1.160907, 0.000, 1.000
15466.670, 0.429, Amplitude, 1, 0.287, 1.128115, 0.000, 1.000
15483.330, 0.426, Amplitude, 1, 0.278, 1.098112, 0.000, 1.000
15500.000, 0.423, Amplitude, 1, 0.269, 1.069991, 0.000, 1.000
15516.670, 0.42, Amplitude, 1, 0.26, 1.044047, 0.000, 1.000
15533.330, 0.418, Amplitude, 1, 0.254, 1.019608, 0.000, 1.000
15550.000, 0.414, Amplitude, 1, 0.242, 0.999661, 0.000, 1.000
15566.670, 0.408, Amplitude, 1, 0.224, 0.9860799, 0.000, 1.000
15583.330, 0.4, Amplitude, 1, 0.2, 0.9805106, 0.000, 1.000
15600.000, 0.396, Amplitude, 1, 0.188, 0.9722617, 0.000, 1.000
15616.670, 0.392, Amplitude, 1, 0.176, 0.9672555, 0.000, 1.000
15633.330, 0.389, Amplitude, 1, 0.167, 0.9629356, 0.000, 1.000
15650.000, 0.384, Amplitude, 1, 0.152, 0.9663962, 0.000, 1.000
15666.670, 0.38, Amplitude, 1, 0.14, 0.9701276, 0.000, 1.000
15683.330, 0.376, Amplitude, 1, 0.128, 0.9762817, 0.000, 1.000
15700.000, 0.371, Amplitude, 1, 0.113, 0.9874794, 0.000, 1.000
15716.670, 0.367, Amplitude, 1, 0.101, 0.9975578, 0.000, 1.000
15733.330, 0.364, Amplitude, 1, 0.09199998, 1.006, 0.000, 1.000
15750.000, 0.358, Amplitude, 1, 0.07400003, 1.024402, 0.000, 1.000
15766.670, 0.355, Amplitude, 1, 0.06499997, 1.034415, 0.000, 1.000
15783.330, 0.351, Amplitude, 1, 0.05300003, 1.047587, 0.000, 1.000
15800.000, 0.347, Amplitude, 1, 0.04100001, 1.060537, 0.000, 1.000
15816.670, 0.346, Amplitude, 1, 0.03799996, 1.065083, 0.000, 1.000
15833.330, 0.344, Amplitude, 1, 0.03200004, 1.072103, 0.000, 1.000
15850.000, 0.343, Amplitude, 1, 0.02899998, 1.07644, 0.000, 1.000
15866.670, 0.343, Amplitude, 1, 0.02899998, 1.078586, 0.000, 1.000
15883.330, 0.343, Amplitude, 1, 0.02899998, 1.080944, 0.000, 1.000
15900.000, 0.343, Amplitude, 1, 0.02899998, 1.083489, 0.000, 1.000
15916.670, 0.343, Amplitude, 1, 0.02899998, 1.086193, 0.000, 1.000
15933.330, 0.343, Amplitude, 1, 0.02899998, 1.089026, 0.000, 1.000
15950.000, 0.343, Amplitude, 1, 0.02899998, 1.091958, 0.000, 1.000
15966.670, 0.343, Amplitude, 1, 0.02899998, 1.094956, 0.000, 1.000
15983.330, 0.343, Amplitude, 1, 0.02899998, 1.097987, 0.000, 1.000
16000.000, 0.343, Amplitude, 1, 0.02899998, 1.101018, 0.000, 1.000
16016.670, 0.343, Amplitude, 1, 0.02899998, 1.104017, 0.000, 1.000
16033.330, 0.343, Amplitude, 1, 0.02899998, 1.106949, 0.000, 1.000
16050.000, 0.344, Amplitude, 1, 0.03200004, 1.111002, 0.000, 1.000
16066.670, 0.343, Amplitude, 1, 0.02899998, 1.112488, 0.000, 1.000
16083.330, 0.343, Amplitude, 1, 0.02899998, 1.115035, 0.000, 1.000
16100.000, 0.344, Amplitude, 1, 0.03200004, 1.119401, 0.000, 1.000
16116.670, 0.343, Amplitude, 1, 0.02899998, 1.119542, 0.000, 1.000
16133.330, 0.343, Amplitude, 1, 0.02899998, 1.121454, 0.000, 1.000
16150.000, 0.343, Amplitude, 1, 0.02899998, 1.123108, 0.000, 1.000
16166.670, 0.343, Amplitude, 1, 0.02899998, 1.124487, 0.000, 1.000
16183.330, 0.344, Amplitude, 1, 0.03200004, 1.128429, 0.000, 1.000
16200.000, 0.343, Amplitude, 1, 0.02899998, 1.126363, 0.000, 1.000
16216.670, 0.343, Amplitude, 1, 0.02899998, 1.12684, 0.000, 1.000
16233.330, 0.343, Amplitude, 1, 0.02899998, 1.127, 0.000, 1.000
16250.000, 0.343, Amplitude, 1, 0.02899998, 1.126843, 0.000, 1.000
16266.670, 0.343, Amplitude, 1, 0.02899998, 1.126369, 0.000, 1.000
16283.330, 0.343, Amplitude, 1, 0.02899998, 1.125585, 0.000, 1.000
16300.000, 0.343, Amplitude, 1, 0.02899998, 1.124499, 0.000, 1.000
16316.670, 0.343, Amplitude, 1, 0.02899998, 1.123122, 0.000, 1.000
16333.330, 0.343, Amplitude, 1, 0.02899998, 1.12147, 0.000, 1.000
16350.000, 0.343, Amplitude, 1, 0.02899998, 1.119561, 0.000, 1.000
16366.670, 0.343, Amplitude, 1, 0.02899998, 1.117415, 0.000, 1.000
16383.330, 0.344, Amplitude, 1, 0.03200004, 1.116822, 0.000, 1.000
16400.000, 0.344, Amplitude, 1, 0.03200004, 1.114014, 0.000, 1.000
16416.670, 0.344, Amplitude, 1, 0.03200004, 1.11103, 0.000, 1.000
16433.330, 0.344, Amplitude, 1, 0.03200004, 1.107904, 0.000, 1.000
16450.000, 0.344, Amplitude, 1, 0.03200004, 1.104669, 0.000, 1.000
16466.670, 0.343, Amplitude, 1, 0.02899998, 1.101046, 0.000, 1.000
16483.330, 0.344, Amplitude, 1, 0.03200004, 1.098016, 0.000, 1.000
16500.000, 0.343, Amplitude, 1, 0.02899998, 1.094983, 0.000, 1.000
16516.670, 0.343, Amplitude, 1, 0.02899998, 1.091985, 0.000, 1.000
16533.330, 0.344, Amplitude, 1, 0.03200004, 1.088127, 0.000, 1.000
16550.000, 0.344, Amplitude, 1, 0.03200004, 1.084999, 0.000, 1.000
16566.670, 0.343, Amplitude, 1, 0.02899998, 1.083513, 0.000, 1.000
16583.330, 0.343, Amplitude, 1, 0.02899998, 1.080966, 0.000, 1.000
16600.000, 0.343, Amplitude, 1, 0.02899998, 1.078606, 0.000, 1.000
16616.670, 0.344, Amplitude, 1, 0.03200004, 1.07423, 0.000, 1.000
16633.340, 0.344, Amplitude, 1, 0.02899998, 1.074547, 0.000, 1.000
16650.000, 0.344, Amplitude, 1, 0.03200004, 1.070295, 0.000, 1.000
16666.670, 0.343, Amplitude, 1, 0.02899998, 1.071513, 0.000, 1.000
16683.330, 0.344, Amplitude, 1, 0.03200004, 1.067571, 0.000, 1.000
16700.000, 0.344, Amplitude, 1, 0.03200004, 1.066703, 0.000, 1.000
16716.670, 0.344, Amplitude, 1, 0.03200004, 1.066177, 0.000, 1.000
16733.330, 0.343, Amplitude, 1, 0.02899998, 1.069, 0.000, 1.000
16750.000, 0.344, Amplitude, 1, 0.03200004, 1.066174, 0.000, 1.000
16766.670, 0.343, Amplitude, 1, 0.02899998, 1.069631, 0.000, 1.000
16783.330, 0.343, Amplitude, 1, 0.02899998, 1.070415, 0.000, 1.000
16800.000, 0.343, Amplitude, 1, 0.02899998, 1.071501, 0.000, 1.000
16816.670, 0.343, Amplitude, 1, 0.02899998, 1.072878, 0.000, 1.000
16833.330, 0.344, Amplitude, 1, 0.03200004, 1.072101, 0.000, 1.000
16850.000, 0.344, Amplitude, 1, 0.03200004, 1.074208, 0.000, 1.000
16866.670, 0.343, Amplitude, 1, 0.02899998, 1.078584, 0.000, 1.000
16883.340, 0.343, Amplitude, 1, 0.02899998, 1.080942, 0.000, 1.000
16900.000, 0.343, Amplitude, 1, 0.02899998, 1.083486, 0.000, 1.000
16916.670, 0.343, Amplitude, 1, 0.02899998, 1.08619, 0.000, 1.000
16933.330, 0.343, Amplitude, 1, 0.02899998, 1.089024, 0.000, 1.000
16950.000, 0.343, Amplitude, 1, 0.02899998, 1.091955, 0.000, 1.000
16966.670, 0.343, Amplitude, 1, 0.02899998, 1.094953, 0.000, 1.000
16983.330, 0.343, Amplitude, 1, 0.02899998, 1.097984, 0.000, 1.000
17000.000, 0.343, Amplitude, 1, 0.02899998, 1.101015, 0.000, 1.000
17016.670, 0.344, Amplitude, 1, 0.03200004, 1.104636, 0.000, 1.000
17033.330, 0.343, Amplitude, 1, 0.02899998, 1.106946, 0.000, 1.000
17050.000, 0.344, Amplitude, 1, 0.03200004, 1.110999, 0.000, 1.000
17066.670, 0.344, Amplitude, 1, 0.03200004, 1.113985, 0.000, 1.000
17083.330, 0.344, Amplitude, 1, 0.03200004, 1.116795, 0.000, 1.000
17100.000, 0.344, Amplitude, 1, 0.03200004, 1.119399, 0.000, 1.000
17116.670, 0.344, Amplitude, 1, 0.03200004, 1.121769, 0.000, 1.000
17133.340, 0.344, Amplitude, 1, 0.03200004, 1.123878, 0.000, 1.000
17150.000, 0.344, Amplitude, 1, 0.03200004, 1.125704, 0.000, 1.000
17166.670, 0.344, Amplitude, 1, 0.03200004, 1.127226, 0.000, 1.000
17183.330, 0.344, Amplitude, 1, 0.03200004, 1.128428, 0.000, 1.000
17200.000, 0.344, Amplitude, 1, 0.03200004, 1.129297, 0.000, 1.000
17216.670, 0.344, Amplitude, 1, 0.03200004, 1.129823, 0.000, 1.000
17233.330, 0.343, Amplitude, 1, 0.02899998, 1.127, 0.000, 1.000
17250.000, 0.343, Amplitude, 1, 0.02899998, 1.126843, 0.000, 1.000
17266.670, 0.343, Amplitude, 1, 0.02899998, 1.12637, 0.000, 1.000
17283.330, 0.343, Amplitude, 1, 0.02899998, 1.125586, 0.000, 1.000
17300.000, 0.343, Amplitude, 1, 0.02899998, 1.1245, 0.000, 1.000
17316.670, 0.343, Amplitude, 1, 0.02899998, 1.123123, 0.000, 1.000
17333.330, 0.344, Amplitude, 1, 0.03200004, 1.1239, 0.000, 1.000
17350.000, 0.344, Amplitude, 1, 0.03200004, 1.121793, 0.000, 1.000
17366.670, 0.343, Amplitude, 1, 0.02899998, 1.117417, 0.000, 1.000
17383.340, 0.344, Amplitude, 1, 0.03200004, 1.116824, 0.000, 1.000
17400.000, 0.343, Amplitude, 1, 0.02899998, 1.112515, 0.000, 1.000
17416.670, 0.344, Amplitude, 1, 0.03200004, 1.111033, 0.000, 1.000
17433.330, 0.343, Amplitude, 1, 0.02899998, 1.106978, 0.000, 1.000
17450.000, 0.344, Amplitude, 1, 0.03200004, 1.104672, 0.000, 1.000
17466.670, 0.343, Amplitude, 1, 0.02899998, 1.101049, 0.000, 1.000
17483.330, 0.344, Amplitude, 1, 0.03200004, 1.098019, 0.000, 1.000
17500.000, 0.343, Amplitude, 1, 0.02899998, 1.094986, 0.000, 1.000
17516.670, 0.343, Amplitude, 1, 0.02899998, 1.091988, 0.000, 1.000
17533.330, 0.343, Amplitude, 1, 0.02899998, 1.089055, 0.000, 1.000
17550.000, 0.344, Amplitude, 1, 0.03200004, 1.085002, 0.000, 1.000
17566.670, 0.344, Amplitude, 1, 0.03200004, 1.082017, 0.000, 1.000
17583.330, 0.344, Amplitude, 1, 0.03200004, 1.079206, 0.000, 1.000
17600.000, 0.344, Amplitude, 1, 0.03200004, 1.076602, 0.000, 1.000
17616.670, 0.344, Amplitude, 1, 0.03200004, 1.074232, 0.000, 1.000
17633.340, 0.343, Amplitude, 1, 0.02899998, 1.074549, 0.000, 1.000
17650.000, 0.343, Amplitude, 1, 0.02899998, 1.072894, 0.000, 1.000
17666.670, 0.343, Amplitude, 1, 0.02899998, 1.071514, 0.000, 1.000
17683.330, 0.343, Amplitude, 1, 0.02899998, 1.070425, 0.000, 1.000
17700.000, 0.344, Amplitude, 1, 0.03200004, 1.066703, 0.000, 1.000
17716.670, 0.343, Amplitude, 1, 0.02899998, 1.069161, 0.000, 1.000
17733.330, 0.343, Amplitude, 1, 0.02899998, 1.069, 0.000, 1.000
17750.000, 0.343, Amplitude, 1, 0.02899998, 1.069157, 0.000, 1.000
17766.670, 0.343, Amplitude, 1, 0.02899998, 1.06963, 0.000, 1.000
17783.330, 0.342, Amplitude, 1, 0.02600002, 1.073268, 0.000, 1.000
17800.000, 0.343, Amplitude, 1, 0.02899998, 1.0715, 0.000, 1.000
17816.670, 0.343, Amplitude, 1, 0.02899998, 1.072876, 0.000, 1.000
17833.330, 0.343, Amplitude, 1, 0.02899998, 1.074528, 0.000, 1.000
17850.000, 0.343, Amplitude, 1, 0.02899998, 1.076437, 0.000, 1.000
17866.670, 0.343, Amplitude, 1, 0.02899998, 1.078582, 0.000, 1.000
17883.340, 0.344, Amplitude, 1, 0.02899998, 1.080939, 0.000, 1.000
17900.000, 0.344, Amplitude, 1, 0.03200004, 1.081982, 0.000, 1.000
17916.670, 0.344, Amplitude, 1, 0.03200004, 1.084966, 0.000, 1.000
17933.330, 0.344, Amplitude, 1, 0.03200004, 1.088092, 0.000, 1.000
17950.000, 0.343, Amplitude, 1, 0.02899998, 1.091952, 0.000, 1.000
17966.670, 0.344, Amplitude, 1, 0.03200004, 1.094635, 0.000, 1.000
17983.330, 0.344, Amplitude, 1, 0.03200004, 1.09798, 0.000, 1.000
18000.000, 0.343, Amplitude, 1, 0.02899998, 1.101013, 0.000, 1.000
18016.670, 0.344, Amplitude, 1, 0.03200004, 1.104633, 0.000, 1.000
18033.330, 0.343, Amplitude, 2, 2.155133, 1.078055, 0.000, 1.000
18050.000, 0.342, Amplitude, 2, 2.148849, 1.08061, 0.000, 1.000
18066.670, 0.343, Amplitude, 2, 2.155133, 1.083693, 0.000, 1.000
18083.330, 0.343, Amplitude, 2, 2.155133, 1.086764, 0.000, 1.000
18100.000, 0.343, Amplitude, 2, 2.155133, 1.089957, 0.000, 1.000
18116.670, 0.343, Amplitude, 2, 2.155133, 1.093238, 0.000, 1.000
18133.340, 0.342, Amplitude, 2, 2.148849, 1.096371, 0.000, 1.000
18150.000, 0.344, Amplitude, 2, 2.161416, 1.100122, 0.000, 1.000
18166.670, 0.343, Amplitude, 2, 2.155133, 1.10325, 0.000, 1.000
18183.330, 0.343, Amplitude, 2, 2.155133, 1.10652, 0.000, 1.000
18200.000, 0.344, Amplitude, 2, 2.161416, 1.109885, 0.000, 1.000
18216.670, 0.343, Amplitude, 2, 2.155133, 1.112747, 0.000, 1.000
18233.330, 0.343, Amplitude, 2, 2.155133, 1.115635, 0.000, 1.000
18250.000, 0.344, Amplitude, 2, 2.161416, 1.118484, 0.000, 1.000
18266.670, 0.343, Amplitude, 2, 2.155133, 1.120801, 0.000, 1.000
18283.330, 0.343, Amplitude, 2, 2.155133, 1.123023, 0.000, 1.000
18300.000, 0.344, Amplitude, 2, 2.161416, 1.125079, 0.000, 1.000
18316.670, 0.343, Amplitude, 2, 2.155133, 1.126623, 0.000, 1.000
18333.330, 0.344, Amplitude, 2, 2.161416, 1.128032, 0.000, 1.000
18350.000, 0.343, Amplitude, 2, 2.155133, 1.128973, 0.000, 1.000
18366.670, 0.343, Amplitude, 2, 2.155133, 1.129644, 0.000, 1.000
18383.340, 0.343, Amplitude, 2, 2.155133, 1.129968, 0.000, 1.000
18400.000, 0.343, Amplitude, 2, 2.155133, 1.129942, 0.000, 1.000
18416.670, 0.343, Amplitude, 2, 2.155133, 1.129567, 0.000, 1.000
18433.330, 0.344, Amplitude, 2, 2.161416, 1.128791, 0.000, 1.000
18450.000, 0.343, Amplitude, 2, 2.155133, 1.127786, 0.000, 1.000
18466.670, 0.343, Amplitude, 2, 2.155133, 1.1264, 0.000, 1.000
18483.330, 0.342, Amplitude, 2, 2.148849, 1.124813, 0.000, 1.000
18500.000, 0.342, Amplitude, 2, 2.148849, 1.12284, 0.000, 1.000
18516.670, 0.343, Amplitude, 2, 2.155133, 1.120453, 0.000, 1.000
18533.330, 0.343, Amplitude, 2, 2.155133, 1.117947, 0.000, 1.000
18550.000, 0.343, Amplitude, 2, 2.155133, 1.115222, 0.000, 1.000
18566.670, 0.342, Amplitude, 2, 2.148849, 1.112488, 0.000, 1.000
18583.330, 0.343, Amplitude, 2, 2.155133, 1.109238, 0.000, 1.000
18600.000, 0.343, Amplitude, 2, 2.155133, 1.106045, 0.000, 1.000
18616.670, 0.344, Amplitude, 2, 2.161416, 1.102564, 0.000, 1.000
18633.340, 0.344, Amplitude, 2, 2.161416, 1.099229, 0.000, 1.000
18650.000, 0.343, Amplitude, 2, 2.155133, 1.09608, 0.000, 1.000
18666.670, 0.343, Amplitude, 2, 2.155133, 1.092752, 0.000, 1.000
18683.330, 0.343, Amplitude, 2, 2.155133, 1.089481, 0.000, 1.000
18700.000, 0.343, Amplitude, 2, 2.155133, 1.086303, 0.000, 1.000
18716.670, 0.343, Amplitude, 2, 2.155133, 1.083254, 0.000, 1.000
18733.330, 0.343, Amplitude, 2, 2.155133, 1.080366, 0.000, 1.000
18750.000, 0.343, Amplitude, 2, 2.155133, 1.077672, 0.000, 1.000
18766.670, 0.343, Amplitude, 2, 2.155133, 1.0752, 0.000, 1.000
18783.330, 0.343, Amplitude, 2, 2.155133, 1.072978, 0.000, 1.000
18800.000, 0.343, Amplitude, 2, 2.155133, 1.07103, 0.000, 1.000
18816.670, 0.343, Amplitude, 2, 2.155133, 1.069377, 0.000, 1.000
18833.330, 0.343, Amplitude, 2, 2.155133, 1.068039, 0.000, 1.000
18850.000, 0.344, Amplitude, 2, 2.161416, 1.066978, 0.000, 1.000
18866.670, 0.342, Amplitude, 2, 2.148849, 1.066387, 0.000, 1.000
18883.340, 0.343, Amplitude, 2, 2.155133, 1.066032, 0.000, 1.000
18900.000, 0.343, Amplitude, 2, 2.155133, 1.066058, 0.000, 1.000
18916.670, 0.343, Amplitude, 2, 2.155133, 1.066433, 0.000, 1.000
18933.330, 0.343, Amplitude, 2, 2.155133, 1.067155, 0.000, 1.000
18950.000, 0.343, Amplitude, 2, 2.155133, 1.068214, 0.000, 1.000
18966.670, 0.343, Amplitude, 2, 2.155133, 1.0696, 0.000, 1.000
18983.330, 0.343, Amplitude, 2, 2.155133, 1.071296, 0.000, 1.000
19000.000, 0.343, Amplitude, 2, 2.155133, 1.073286, 0.000, 1.000
19016.670, 0.343, Amplitude, 2, 2.155133, 1.075546, 0.000, 1.000
19033.330, 0.343, Amplitude, 2, 2.155133, 1.078052, 0.000, 1.000
19050.000, 0.343, Amplitude, 2, 2.155133, 1.080777, 0.000, 1.000
19066.670, 0.343, Amplitude, 2, 2.155133, 1.08369, 0.000, 1.000
19083.330, 0.343, Amplitude, 2, 2.155133, 1.086761, 0.000, 1.000
19100.000, 0.343, Amplitude, 2, 2.155133, 1.089954, 0.000, 1.000
19116.670, 0.342, Amplitude, 3, 0.02899998, 1.122077, 0.000, 1.000
19133.340, 0.343, Amplitude, 3, 0.02899998, 1.124159, 0.000, 1.000
19150.000, 0.343, Amplitude, 3, 0.02899998, 1.125051, 0.000, 1.000
19166.670, 0.343, Amplitude, 3, 0.02899998, 1.124823, 0.000, 1.000
19183.330, 0.343, Amplitude, 3, 0.02899998, 1.123595, 0.000, 1.000
19200.000, 0.343, Amplitude, 3, 0.02899998, 1.121527, 0.000, 1.000
19216.670, 0.343, Amplitude, 3, 0.02899998, 1.118813, 0.000, 1.000
19233.330, 0.343, Amplitude, 3, 0.02899998, 1.115673, 0.000, 1.000
19250.000, 0.343, Amplitude, 3, 0.02899998, 1.112338, 0.000, 1.000
19266.670, 0.343, Amplitude, 3, 0.02899998, 1.109041, 0.000, 1.000
19283.330, 0.343, Amplitude, 3, 0.02899998, 1.106009, 0.000, 1.000
19300.000, 0.343, Amplitude, 3, 0.02899998, 1.103446, 0.000, 1.000
19316.670, 0.343, Amplitude, 4, 2.155133, 1.124905, 0.000, 1.000
19333.330, 0.343, Amplitude, 4, 2.155133, 1.120263, 0.000, 1.000
19350.000, 0.343, Amplitude, 4, 2.155133, 1.115629, 0.000, 1.000
19366.670, 0.343, Amplitude, 4, 2.155133, 1.111239, 0.000, 1.000
19383.340, 0.343, Amplitude, 4, 2.155133, 1.107307, 0.000, 1.000
19400.000, 0.343, Amplitude, 4, 2.155133, 1.104015, 0.000, 1.000
19416.670, 0.343, Amplitude, 4, 2.155133, 1.101506, 0.000, 1.000
19433.330, 0.342, Amplitude, 4, 2.148849, 1.099886, 0.000, 1.000
19450.000, 0.343, Amplitude, 4, 2.155133, 1.099177, 0.000, 1.000
19466.670, 0.343, Amplitude, 4, 2.155133, 1.099401, 0.000, 1.000
19483.330, 0.343, Amplitude, 4, 2.155133, 1.100493, 0.000, 1.000
19500.000, 0.343, Amplitude, 4, 2.155133, 1.102352, 0.000, 1.000
19516.670, 0.343, Amplitude, 4, 2.155133, 1.104829, 0.000, 1.000
19533.330, 0.343, Amplitude, 4, 2.155133, 1.107744, 0.000, 1.000
19550.000, 0.343, Amplitude, 4, 2.155133, 1.110886, 0.000, 1.000
19566.670, 0.343, Amplitude, 4, 2.155133, 1.11403, 0.000, 1.000
19583.330, 0.343, Amplitude, 4, 2.155133, 1.11694, 0.000, 1.000
19600.000, 0.343, Amplitude, 4, 2.155133, 1.119393, 0.000, 1.000
19616.670, 0.343, Amplitude, 4, 2.155133, 1.121173, 0.000, 1.000
19633.340, 0.343, Amplitude, 4, 2.155133, 1.122097, 0.000, 1.000
19650.000, 0.343, Amplitude, 4, 2.155133, 1.122015, 0.000, 1.000
19666.670, 0.344, Amplitude, 4, 2.161416, 1.120867, 0.000, 1.000
19683.330, 0.344, Amplitude, 4, 2.161416, 1.118466, 0.000, 1.000
19700.000, 0.344, Amplitude, 4, 2.161416, 1.114892, 0.000, 1.000
19716.670, 0.344, Amplitude, 4, 2.161416, 1.110197, 0.000, 1.000
19733.330, 0.344, Amplitude, 4, 2.161416, 1.104486, 0.000, 1.000
19750.000, 0.343, Amplitude, 4, 2.155133, 1.098045, 0.000, 1.000
19766.670, 0.343, Amplitude, 4, 2.155133, 1.090835, 0.000, 1.000
19783.330, 0.343, Amplitude, 4, 2.155133, 1.083192, 0.000, 1.000
19800.000, 0.343, Amplitude, 4, 2.155133, 1.075377, 0.000, 1.000
19816.670, 0.343, Amplitude, 4, 2.155133, 1.067668, 0.000, 1.000
19833.330, 0.343, Amplitude, 4, 2.155133, 1.060347, 0.000, 1.000
19850.000, 0.343, Amplitude, 4, 2.155133, 1.05369, 0.000, 1.000
19866.670, 0.344, Amplitude, 4, 2.161416, 1.047816, 0.000, 1.000
19883.340, 0.343, Amplitude, 4, 2.155133, 1.043373, 0.000, 1.000
19900.000, 0.344, Amplitude, 4, 2.161416, 1.040049, 0.000, 1.000
19916.670, 0.343, Amplitude, 4, 2.155133, 1.03837, 0.000, 1.000
19933.330, 0.343, Amplitude, 4, 2.155133, 1.038183, 0.000, 1.000
19950.000, 0.343, Amplitude, 4, 2.155133, 1.039599, 0.000, 1.000
19966.670, 0.343, Amplitude, 4, 2.155133, 1.042593, 0.000, 1.000
19983.330, 0.343, Amplitude, 4, 2.155133, 1.047077, 0.000, 1.000
20000.000, 0.343, Amplitude, 4, 2.155133, 1.052913, 0.000, 1.000
20016.670, 0.343, Amplitude, 4, 2.155133, 1.05991, 0.000, 1.000
20033.330, 0.343, Amplitude, 4, 2.155133, 1.067835, 0.000, 1.000
20050.000, 0.343, Amplitude, 4, 2.155133, 1.076426, 0.000, 1.000
20066.670, 0.343, Amplitude, 4, 2.155133, 1.085395, 0.000, 1.000
20083.330, 0.344, Amplitude, 4, 2.161416, 1.094622, 0.000, 1.000
20100.000, 0.344, Amplitude, 4, 2.161416, 1.103447, 0.000, 1.000
20116.670, 0.344, Amplitude, 4, 2.161416, 1.111769, 0.000, 1.000
20133.340, 0.344, Amplitude, 4, 2.161416, 1.119334, 0.000, 1.000
20150.000, 0.344, Amplitude, 4, 2.161416, 1.125918, 0.000, 1.000
