mean,std,RMS_contrast,michelson,lap_var,video,frame_idx,time_sec,time_orig_sec,t_idx,k,u,roi_x0,roi_y0,roi_x1,roi_y1,video_W,video_H,scale_x,scale_y
0.4603104889392853,0.1482921689748764,0.3221568252659735,0.5914893559718962,545.1421508789062,gauss3tap,60,0.0,1.0,1.0,1,0.0,1481,155,1771,720,3440,720,1.0,1.0140845070422535
0.46027469635009766,0.14812901616096497,0.32182740897409634,0.5914893559718962,544.005859375,gauss3tap,61,0.016666666666666607,1.0166666666666666,1.0166666666666666,1,0.016666666666666607,1480,155,1770,720,3440,720,1.0,1.0140845070422535
0.46074968576431274,0.14819377660751343,0.32163618982250824,0.5914893559718962,545.1170654296875,gauss3tap,62,0.03333333333333344,1.0333333333333334,1.0333333333333334,1,0.03333333333333344,1479,155,1769,720,3440,720,1.0,1.0140845070422535
0.4606817364692688,0.14818212389945984,0.3216583357928743,0.5914893559718962,546.095458984375,gauss3tap,63,0.050000000000000044,1.05,1.05,1,0.050000000000000044,1478,155,1768,720,3440,720,1.0,1.0140845070422535
0.4607728123664856,0.14813704788684845,0.3214969301488543,0.5914893559718962,545.173828125,gauss3tap,64,0.06666666666666665,1.0666666666666667,1.0666666666666667,1,0.06666666666666665,1477,155,1767,720,3440,720,1.0,1.0140845070422535
0.4611188769340515,0.14813238382339478,0.3212455356325069,0.5982906178633084,545.8871459960938,gauss3tap,65,0.08333333333333326,1.0833333333333333,1.0833333333333333,1,0.08333333333333326,1476,155,1766,720,3440,720,1.0,1.0140845070422535
0.4609229564666748,0.14790189266204834,0.3208820202556381,0.5914893559718962,546.8568725585938,gauss3tap,66,0.10000000000000009,1.1,1.1,1,0.10000000000000009,1476,155,1766,720,3440,720,1.0,1.0140845070422535
0.4611806273460388,0.147635355591774,0.32012479197169413,0.5914893559718962,545.4130859375,gauss3tap,67,0.1166666666666667,1.1166666666666667,1.1166666666666667,1,0.1166666666666667,1475,155,1765,720,3440,720,1.0,1.0140845070422535
0.46133583784103394,0.14775195717811584,0.3202698378406264,0.5914893559718962,546.8486938476562,gauss3tap,68,0.1333333333333333,1.1333333333333333,1.1333333333333333,1,0.1333333333333333,1474,155,1764,720,3440,720,1.0,1.0140845070422535
0.4613015949726105,0.14749474823474884,0.3197360395993122,0.5914893559718962,543.3618774414062,gauss3tap,69,0.1499999999999999,1.15,1.15,1,0.1499999999999999,1473,155,1763,720,3440,720,1.0,1.0140845070422535
0.461932510137558,0.1475009322166443,0.31931272596421717,0.5914893559718962,545.9005737304688,gauss3tap,70,0.16666666666666674,1.1666666666666667,1.1666666666666667,1,0.16666666666666674,1472,155,1762,720,3440,720,1.0,1.0140845070422535
0.46170473098754883,0.1473219394683838,0.3190825789513752,0.5897435841496377,546.1453247070312,gauss3tap,71,0.18333333333333335,1.1833333333333333,1.1833333333333333,1,0.18333333333333335,1471,155,1761,720,3440,720,1.0,1.0140845070422535
0.46198341250419617,0.14735408127307892,0.31895967278293524,0.5982906178633084,543.4545288085938,gauss3tap,72,0.19999999999999996,1.2,1.2,1,0.19999999999999996,1470,155,1760,720,3440,720,1.0,1.0140845070422535
0.46212559938430786,0.14727330207824707,0.3186867360033563,0.5982906178633084,544.52197265625,gauss3tap,73,0.21666666666666656,1.2166666666666666,1.2166666666666666,1,0.21666666666666656,1469,155,1759,720,3440,720,1.0,1.0140845070422535
0.4623068571090698,0.14716018736362457,0.31831711322796724,0.5982906178633084,543.2481689453125,gauss3tap,74,0.2333333333333334,1.2333333333333334,1.2333333333333334,1,0.2333333333333334,1468,155,1758,720,3440,720,1.0,1.0140845070422535
0.46244415640830994,0.14714708924293518,0.31819428145410594,0.5982906178633084,542.9198608398438,gauss3tap,75,0.25,1.25,1.25,1,0.25,1467,155,1757,720,3440,720,1.0,1.0140845070422535
0.46279647946357727,0.14688144624233246,0.3173780475573211,0.5982906178633084,535.2025756835938,gauss3tap,76,0.2666666666666666,1.2666666666666666,1.2666666666666666,1,0.2666666666666666,1466,155,1756,720,3440,720,1.0,1.0140845070422535
0.46257320046424866,0.14689400792121887,0.3175583985371587,0.5982906178633084,537.2055053710938,gauss3tap,77,0.28333333333333344,1.2833333333333334,1.2833333333333334,1,0.28333333333333344,1465,155,1755,720,3440,720,1.0,1.0140845070422535
0.46276986598968506,0.14684627950191498,0.3173203078265797,0.5914893559718962,534.0843505859375,gauss3tap,78,0.30000000000000004,1.3,1.3,1,0.30000000000000004,1464,155,1754,720,3440,720,1.0,1.0140845070422535
0.4629380404949188,0.1466185599565506,0.3167131321346416,0.5914893559718962,535.6278686523438,gauss3tap,79,0.31666666666666665,1.3166666666666667,1.3166666666666667,1,0.31666666666666665,1464,155,1754,720,3440,720,1.0,1.0140845070422535
0.4631759822368622,0.14652076363563538,0.31633928807067047,0.5982906178633084,534.2531127929688,gauss3tap,80,0.33333333333333326,1.3333333333333333,1.3333333333333333,1,0.33333333333333326,1463,155,1753,720,3440,720,1.0,1.0140845070422535
0.46338367462158203,0.14623458683490753,0.3155799215380849,0.606837548039544,526.24609375,gauss3tap,81,0.3500000000000001,1.35,1.35,1,0.3500000000000001,1462,155,1752,720,3440,720,1.0,1.0140845070422535
0.4633333683013916,0.14656409621238708,0.31632535680830937,0.5999999934893614,529.260498046875,gauss3tap,82,0.3666666666666667,1.3666666666666667,1.3666666666666667,1,0.3666666666666667,1461,155,1751,720,3440,720,1.0,1.0140845070422535
0.4634030759334564,0.14652079343795776,0.316184328256713,0.5982906178633084,525.6057739257812,gauss3tap,83,0.3833333333333333,1.3833333333333333,1.3833333333333333,1,0.3833333333333333,1460,155,1750,720,3440,720,1.0,1.0140845070422535
0.4638466536998749,0.1464916169643402,0.31581905924653897,0.5982906178633084,520.9854736328125,gauss3tap,84,0.3999999999999999,1.4,1.4,1,0.3999999999999999,1459,155,1749,720,3440,720,1.0,1.0140845070422535
0.4637617766857147,0.1465788036584854,0.31606485887078906,0.5982906178633084,524.0667114257812,gauss3tap,85,0.41666666666666674,1.4166666666666667,1.4166666666666667,1,0.41666666666666674,1458,155,1748,720,3440,720,1.0,1.0140845070422535
0.46381476521492004,0.14665906131267548,0.31620178819167066,0.6051501813724247,522.5505981445312,gauss3tap,86,0.43333333333333335,1.4333333333333333,1.4333333333333333,1,0.43333333333333335,1457,155,1747,720,3440,720,1.0,1.0140845070422535
0.4637959599494934,0.14678938686847687,0.3164956066445812,0.6051501813724247,521.6067504882812,gauss3tap,87,0.44999999999999996,1.45,1.45,1,0.44999999999999996,1456,155,1746,720,3440,720,1.0,1.0140845070422535
0.46399012207984924,0.1466689556837082,0.3161036098467447,0.6051501813724247,516.2900390625,gauss3tap,88,0.46666666666666656,1.4666666666666666,1.4666666666666666,1,0.46666666666666656,1455,155,1745,720,3440,720,1.0,1.0140845070422535
0.4641355574131012,0.14687010645866394,0.3164379478117932,0.6034482426849872,515.690185546875,gauss3tap,89,0.4833333333333334,1.4833333333333334,1.4833333333333334,1,0.4833333333333334,1454,155,1744,720,3440,720,1.0,1.0140845070422535
0.46409541368484497,0.14599891006946564,0.31458812696375493,0.6103896027970327,519.7510375976562,gauss3tap,90,0.5,1.5,1.5,1,0.5,1454,155,1744,720,3440,720,1.0,1.0140845070422535
0.46458449959754944,0.14606252312660217,0.31439387260916246,0.6034482426849872,517.2288818359375,gauss3tap,91,0.5166666666666666,1.5166666666666666,1.5166666666666666,1,0.5166666666666666,1453,155,1743,720,3440,720,1.0,1.0140845070422535
0.46489039063453674,0.14586251974105835,0.3137567898626604,0.6051501813724247,514.5259399414062,gauss3tap,92,0.5333333333333334,1.5333333333333334,1.5333333333333334,1,0.5333333333333334,1452,155,1742,720,3440,720,1.0,1.0140845070422535
0.4648825526237488,0.14555911719799042,0.3131094364487881,0.6051501813724247,515.927001953125,gauss3tap,93,0.55,1.55,1.55,1,0.55,1451,155,1741,720,3440,720,1.0,1.0140845070422535
0.4652246832847595,0.14586684107780457,0.3135406249567258,0.6051501813724247,518.2523803710938,gauss3tap,94,0.5666666666666667,1.5666666666666667,1.5666666666666667,1,0.5666666666666667,1450,155,1740,720,3440,720,1.0,1.0140845070422535
0.4653412997722626,0.14592735469341278,0.3135920917161415,0.6051501813724247,517.4912719726562,gauss3tap,95,0.5833333333333333,1.5833333333333333,1.5833333333333333,1,0.5833333333333333,1449,155,1739,720,3440,720,1.0,1.0140845070422535
0.4652421176433563,0.14588043093681335,0.3135580857128266,0.6051501813724247,513.9580688476562,gauss3tap,96,0.6000000000000001,1.6,1.6,1,0.6000000000000001,1448,155,1738,720,3440,720,1.0,1.0140845070422535
0.4657897353172302,0.1456931233406067,0.31278731403024146,0.606837548039544,511.3438415527344,gauss3tap,97,0.6166666666666667,1.6166666666666667,1.6166666666666667,1,0.6166666666666667,1447,155,1737,720,3440,720,1.0,1.0140845070422535
0.4657064378261566,0.145973339676857,0.3134449616453396,0.606837548039544,512.8946533203125,gauss3tap,98,0.6333333333333333,1.6333333333333333,1.6333333333333333,1,0.6333333333333333,1446,155,1736,720,3440,720,1.0,1.0140845070422535
0.46590790152549744,0.1457158923149109,0.31275685325411434,0.6137338725455729,511.7027587890625,gauss3tap,99,0.6499999999999999,1.65,1.65,1,0.6499999999999999,1445,155,1735,720,3440,720,1.0,1.0140845070422535
0.46599894762039185,0.1461210995912552,0.31356529280112067,0.606837548039544,513.3099365234375,gauss3tap,100,0.6666666666666667,1.6666666666666667,1.6666666666666667,1,0.6666666666666667,1444,155,1734,720,3440,720,1.0,1.0140845070422535
0.4658614993095398,0.14573785662651062,0.3128351531821353,0.606837548039544,514.3966674804688,gauss3tap,101,0.6833333333333333,1.6833333333333333,1.6833333333333333,1,0.6833333333333333,1443,155,1733,720,3440,720,1.0,1.0140845070422535
0.4662025570869446,0.14618165791034698,0.313558243198358,0.606837548039544,513.3638305664062,gauss3tap,102,0.7,1.7,1.7,1,0.7,1442,155,1732,720,3440,720,1.0,1.0140845070422535
0.46624499559402466,0.145834282040596,0.312784652469991,0.5999999934893614,516.0886840820312,gauss3tap,103,0.7166666666666666,1.7166666666666666,1.7166666666666666,1,0.7166666666666666,1442,155,1732,720,3440,720,1.0,1.0140845070422535
0.46601617336273193,0.14597347378730774,0.313236919657974,0.6051501813724247,516.736083984375,gauss3tap,104,0.7333333333333334,1.7333333333333334,1.7333333333333334,1,0.7333333333333334,1441,155,1731,720,3440,720,1.0,1.0140845070422535
0.466420978307724,0.14641648530960083,0.3139148730009587,0.6051501813724247,519.0639038085938,gauss3tap,105,0.75,1.75,1.75,1,0.75,1440,155,1730,720,3440,720,1.0,1.0140845070422535
0.46646633744239807,0.14652784168720245,0.314123071236766,0.6051501813724247,521.4078369140625,gauss3tap,106,0.7666666666666666,1.7666666666666666,1.7666666666666666,1,0.7666666666666666,1439,155,1729,720,3440,720,1.0,1.0140845070422535
0.46654456853866577,0.14652703702449799,0.31406867374486974,0.6034482426849872,523.7427368164062,gauss3tap,107,0.7833333333333334,1.7833333333333334,1.7833333333333334,1,0.7833333333333334,1438,155,1728,720,3440,720,1.0,1.0140845070422535
0.4667811691761017,0.14655503630638123,0.3139694633041121,0.5982906178633084,524.0601806640625,gauss3tap,108,0.8,1.8,1.8,1,0.8,1437,155,1727,720,3440,720,1.0,1.0140845070422535
0.46705418825149536,0.14633223414421082,0.31330889368307335,0.5982906178633084,523.2491455078125,gauss3tap,109,0.8166666666666667,1.8166666666666667,1.8166666666666667,1,0.8166666666666667,1436,155,1726,720,3440,720,1.0,1.0140845070422535
0.46691328287124634,0.14661581814289093,0.3140108032506176,0.5982906178633084,523.3421020507812,gauss3tap,110,0.8333333333333333,1.8333333333333333,1.8333333333333333,1,0.8333333333333333,1435,155,1725,720,3440,720,1.0,1.0140845070422535
0.46699315309524536,0.1459524929523468,0.31253668037658,0.5982906178633084,523.123046875,gauss3tap,111,0.8500000000000001,1.85,1.85,1,0.8500000000000001,1434,155,1724,720,3440,720,1.0,1.0140845070422535
0.46725407242774963,0.14677947759628296,0.3141320388976572,0.5982906178633084,526.6431274414062,gauss3tap,112,0.8666666666666667,1.8666666666666667,1.8666666666666667,1,0.8666666666666667,1433,155,1723,720,3440,720,1.0,1.0140845070422535
0.46710577607154846,0.14657726883888245,0.3137988721390632,0.5982906178633084,524.2973022460938,gauss3tap,113,0.8833333333333333,1.8833333333333333,1.8833333333333333,1,0.8833333333333333,1432,155,1722,720,3440,720,1.0,1.0140845070422535
0.4675953984260559,0.14671096205711365,0.31375620763888246,0.5914893559718962,525.5643310546875,gauss3tap,114,0.8999999999999999,1.9,1.9,1,0.8999999999999999,1432,155,1722,720,3440,720,1.0,1.0140845070422535
0.46759551763534546,0.1467653512954712,0.3138724444984987,0.5914893559718962,525.102783203125,gauss3tap,115,0.9166666666666667,1.9166666666666667,1.9166666666666667,1,0.9166666666666667,1431,155,1721,720,3440,720,1.0,1.0140845070422535
0.4677017331123352,0.14689941704273224,0.3140878117434108,0.5914893559718962,524.0136108398438,gauss3tap,116,0.9333333333333333,1.9333333333333333,1.9333333333333333,1,0.9333333333333333,1430,155,1720,720,3440,720,1.0,1.0140845070422535
0.4679766297340393,0.14677976071834564,0.3136476230988016,0.5914893559718962,526.256103515625,gauss3tap,117,0.95,1.95,1.95,1,0.95,1429,155,1719,720,3440,720,1.0,1.0140845070422535
0.4678848683834076,0.1469060480594635,0.31397904665574927,0.5914893559718962,527.4475708007812,gauss3tap,118,0.9666666666666666,1.9666666666666666,1.9666666666666666,1,0.9666666666666666,1428,155,1718,720,3440,720,1.0,1.0140845070422535
0.46800127625465393,0.14676325023174286,0.31359582664028074,0.5914893559718962,523.9710693359375,gauss3tap,119,0.9833333333333334,1.9833333333333334,1.9833333333333334,1,0.9833333333333334,1427,155,1717,720,3440,720,1.0,1.0140845070422535
0.46864256262779236,0.14669227600097656,0.3130152584696637,0.5914893559718962,523.8363647460938,gauss3tap,120,1.0,2.0,2.0,2,0.0,1426,155,1716,720,3440,720,1.0,1.0140845070422535
0.4682455360889435,0.14677603542804718,0.31345954415157856,0.5914893559718962,524.278076171875,gauss3tap,121,1.0166666666666666,2.0166666666666666,2.0166666666666666,2,0.016666666666666607,1425,155,1715,720,3440,720,1.0,1.0140845070422535
0.468456894159317,0.14682991802692413,0.31343313914952764,0.5914893559718962,525.092041015625,gauss3tap,122,1.0333333333333332,2.033333333333333,2.033333333333333,2,0.033333333333333215,1424,155,1714,720,3440,720,1.0,1.0140845070422535
0.46853506565093994,0.1467629224061966,0.31323785567664825,0.5914893559718962,522.832275390625,gauss3tap,123,1.0499999999999998,2.05,2.05,2,0.04999999999999982,1423,155,1713,720,3440,720,1.0,1.0140845070422535
0.4688897132873535,0.1467655450105667,0.31300652951317337,0.5914893559718962,523.3681640625,gauss3tap,124,1.0666666666666669,2.066666666666667,2.066666666666667,2,0.06666666666666687,1422,155,1712,720,3440,720,1.0,1.0140845070422535
0.4686955511569977,0.1468420773744583,0.31329948380985634,0.5914893559718962,524.3023681640625,gauss3tap,125,1.0833333333333335,2.0833333333333335,2.0833333333333335,2,0.08333333333333348,1421,155,1711,720,3440,720,1.0,1.0140845070422535
0.4687758982181549,0.1467333883047104,0.3130139278327095,0.5914893559718962,522.3220825195312,gauss3tap,126,1.1,2.1,2.1,2,0.10000000000000009,1420,155,1710,720,3440,720,1.0,1.0140845070422535
0.46895861625671387,0.14646315574645996,0.31231573010085584,0.5897435841496377,522.6185302734375,gauss3tap,127,1.1166666666666667,2.1166666666666667,2.1166666666666667,2,0.1166666666666667,1419,155,1709,720,3440,720,1.0,1.0140845070422535
0.469002366065979,0.14650005102157593,0.3123652640108723,0.5914893559718962,524.947265625,gauss3tap,128,1.1333333333333333,2.1333333333333333,2.1333333333333333,2,0.1333333333333333,1419,155,1709,720,3440,720,1.0,1.0140845070422535
0.46894171833992004,0.1463666409254074,0.3121211700301304,0.5914893559718962,521.3236694335938,gauss3tap,129,1.15,2.15,2.15,2,0.1499999999999999,1418,155,1708,720,3440,720,1.0,1.0140845070422535
0.4694560468196869,0.1463669091463089,0.3117797864572592,0.5914893559718962,521.4769897460938,gauss3tap,130,1.1666666666666665,2.1666666666666665,2.1666666666666665,2,0.16666666666666652,1417,155,1707,720,3440,720,1.0,1.0140845070422535
0.46929827332496643,0.14626502990722656,0.31166751531870635,0.5932203069210824,524.239990234375,gauss3tap,131,1.1833333333333331,2.183333333333333,2.183333333333333,2,0.18333333333333313,1416,155,1706,720,3440,720,1.0,1.0140845070422535
0.46937352418899536,0.14628228545188904,0.3116543111120275,0.5932203069210824,524.2935791015625,gauss3tap,132,1.2000000000000002,2.2,2.2,2,0.20000000000000018,1415,155,1705,720,3440,720,1.0,1.0140845070422535
0.4694886803627014,0.14616137742996216,0.3113203372738241,0.5932203069210824,523.0951538085938,gauss3tap,133,1.2166666666666668,2.216666666666667,2.216666666666667,2,0.21666666666666679,1414,155,1704,720,3440,720,1.0,1.0140845070422535
0.4695899486541748,0.1460544317960739,0.31102545764534617,0.5999999934893614,522.0762939453125,gauss3tap,134,1.2333333333333334,2.2333333333333334,2.2333333333333334,2,0.2333333333333334,1413,155,1703,720,3440,720,1.0,1.0140845070422535
0.4696642756462097,0.14600828289985657,0.3108779768062717,0.5999999934893614,522.9856567382812,gauss3tap,135,1.25,2.25,2.25,2,0.25,1412,155,1702,720,3440,720,1.0,1.0140845070422535
0.46989375352859497,0.14574575424194336,0.31016745816647584,0.5999999934893614,518.2673950195312,gauss3tap,136,1.2666666666666666,2.2666666666666666,2.2666666666666666,2,0.2666666666666666,1411,155,1701,720,3440,720,1.0,1.0140845070422535
0.46970313787460327,0.1457807421684265,0.31036782024578985,0.5999999934893614,518.588623046875,gauss3tap,137,1.2833333333333332,2.283333333333333,2.283333333333333,2,0.2833333333333332,1410,155,1700,720,3440,720,1.0,1.0140845070422535
0.46980616450309753,0.14579978585243225,0.3103402930083691,0.5982906178633084,517.3815307617188,gauss3tap,138,1.2999999999999998,2.3,2.3,2,0.2999999999999998,1409,155,1699,720,3440,720,1.0,1.0140845070422535
0.4700664281845093,0.1457226425409317,0.310004354073313,0.5999999934893614,514.856201171875,gauss3tap,139,1.3166666666666669,2.316666666666667,2.316666666666667,2,0.3166666666666669,1408,155,1698,720,3440,720,1.0,1.0140845070422535
0.4701896607875824,0.14558087289333344,0.3096215887717842,0.606837548039544,513.1605224609375,gauss3tap,140,1.3333333333333335,2.3333333333333335,2.3333333333333335,2,0.3333333333333335,1407,155,1697,720,3440,720,1.0,1.0140845070422535
0.4704028069972992,0.14536023139953613,0.3090122468385871,0.5982906178633084,508.5765380859375,gauss3tap,141,1.35,2.35,2.35,2,0.3500000000000001,1406,155,1696,720,3440,720,1.0,1.0140845070422535
0.470268189907074,0.145615354180336,0.3096432082992427,0.6051501813724247,510.59393310546875,gauss3tap,142,1.3666666666666667,2.3666666666666667,2.3666666666666667,2,0.3666666666666667,1405,155,1695,720,3440,720,1.0,1.0140845070422535
0.4702690541744232,0.1454695761203766,0.3093326506087625,0.6120689578014058,507.22613525390625,gauss3tap,143,1.3833333333333333,2.3833333333333333,2.3833333333333333,2,0.3833333333333333,1405,155,1695,720,3440,720,1.0,1.0140845070422535
0.4706767201423645,0.1454765498638153,0.30907954557220907,0.6051501813724247,502.5950927734375,gauss3tap,144,1.4,2.4,2.4,2,0.3999999999999999,1404,155,1694,720,3440,720,1.0,1.0140845070422535
0.4704510271549225,0.14559507369995117,0.3094797592124466,0.6120689578014058,503.03424072265625,gauss3tap,145,1.4166666666666665,2.4166666666666665,2.4166666666666665,2,0.4166666666666665,1403,155,1693,720,3440,720,1.0,1.0140845070422535
0.47044649720191956,0.14563319087028503,0.3095637625975147,0.6120689578014058,503.6483154296875,gauss3tap,146,1.4333333333333331,2.433333333333333,2.433333333333333,2,0.4333333333333331,1402,155,1692,720,3440,720,1.0,1.0140845070422535
0.4704074263572693,0.14576011896133423,0.30985930003587575,0.6120689578014058,501.6938781738281,gauss3tap,147,1.4500000000000002,2.45,2.45,2,0.4500000000000002,1401,155,1691,720,3440,720,1.0,1.0140845070422535
0.47044458985328674,0.14557838439941406,0.3094485183692496,0.6120689578014058,499.1385192871094,gauss3tap,148,1.4666666666666668,2.466666666666667,2.466666666666667,2,0.4666666666666668,1400,155,1690,720,3440,720,1.0,1.0140845070422535
0.47096022963523865,0.1457534283399582,0.30948138733079683,0.6137338725455729,502.1629638671875,gauss3tap,149,1.4833333333333334,2.4833333333333334,2.4833333333333334,2,0.4833333333333334,1399,155,1689,720,3440,720,1.0,1.0140845070422535
0.4705098867416382,0.1458500772714615,0.309983016896134,0.6206896218058228,506.2012939453125,gauss3tap,150,1.5,2.5,2.5,2,0.5,1398,155,1688,720,3440,720,1.0,1.0140845070422535
0.47132182121276855,0.14543183147907257,0.3085616278474917,0.606837548039544,501.8489074707031,gauss3tap,151,1.5166666666666666,2.5166666666666666,2.5166666666666666,2,0.5166666666666666,1397,155,1687,720,3440,720,1.0,1.0140845070422535
0.47121334075927734,0.14521701633930206,0.30817678681070987,0.6137338725455729,501.95245361328125,gauss3tap,152,1.5333333333333332,2.533333333333333,2.533333333333333,2,0.5333333333333332,1396,155,1686,720,3440,720,1.0,1.0140845070422535
0.4717041552066803,0.14478981494903564,0.3069504694443286,0.5999999934893614,495.0309143066406,gauss3tap,153,1.5499999999999998,2.55,2.55,2,0.5499999999999998,1395,155,1685,720,3440,720,1.0,1.0140845070422535
0.47178658843040466,0.14520736038684845,0.30778186762816373,0.5999999934893614,495.4285888671875,gauss3tap,154,1.5666666666666669,2.566666666666667,2.566666666666667,2,0.5666666666666669,1394,155,1684,720,3440,720,1.0,1.0140845070422535
0.47185349464416504,0.1452709287405014,0.3078729463926592,0.5982906178633084,495.5938720703125,gauss3tap,155,1.5833333333333335,2.5833333333333335,2.5833333333333335,2,0.5833333333333335,1393,155,1683,720,3440,720,1.0,1.0140845070422535
0.4717910885810852,0.14520631730556488,0.30777672097306163,0.5982906178633084,491.5712585449219,gauss3tap,156,1.6,2.6,2.6,2,0.6000000000000001,1392,155,1682,720,3440,720,1.0,1.0140845070422535
0.47218483686447144,0.1451311856508255,0.3073609553855117,0.606837548039544,488.1473083496094,gauss3tap,157,1.6166666666666667,2.6166666666666667,2.6166666666666667,2,0.6166666666666667,1391,155,1681,720,3440,720,1.0,1.0140845070422535
0.4720878601074219,0.1452634036540985,0.30770416452565147,0.5999999934893614,491.46697998046875,gauss3tap,158,1.6333333333333333,2.6333333333333333,2.6333333333333333,2,0.6333333333333333,1391,155,1681,720,3440,720,1.0,1.0140845070422535
0.47223183512687683,0.14482738077640533,0.3066870272958696,0.5932203069210824,490.9455871582031,gauss3tap,159,1.65,2.65,2.65,2,0.6499999999999999,1390,155,1680,720,3440,720,1.0,1.0140845070422535
0.47235241532325745,0.1454009860754013,0.30782309623136833,0.5932203069210824,494.0931396484375,gauss3tap,160,1.6666666666666665,2.6666666666666665,2.6666666666666665,2,0.6666666666666665,1389,155,1679,720,3440,720,1.0,1.0140845070422535
0.47219112515449524,0.14514879882335663,0.30739416311969875,0.5914893559718962,493.0729675292969,gauss3tap,161,1.6833333333333331,2.683333333333333,2.683333333333333,2,0.6833333333333331,1388,155,1678,720,3440,720,1.0,1.0140845070422535
0.4728347063064575,0.14525090157985687,0.30719170266194173,0.5798319013377693,492.8950500488281,gauss3tap,162,1.7000000000000002,2.7,2.7,2,0.7000000000000002,1387,155,1677,720,3440,720,1.0,1.0140845070422535
0.4723469913005829,0.14521564543247223,0.30743424861940166,0.5798319013377693,493.94476318359375,gauss3tap,163,1.7166666666666668,2.716666666666667,2.716666666666667,2,0.7166666666666668,1386,155,1676,720,3440,720,1.0,1.0140845070422535
0.4728228449821472,0.14531980454921722,0.30734513574794137,0.5798319013377693,494.47900390625,gauss3tap,164,1.7333333333333334,2.7333333333333334,2.7333333333333334,2,0.7333333333333334,1385,155,1675,720,3440,720,1.0,1.0140845070422535
0.4728128910064697,0.14580696821212769,0.30838195806787544,0.5798319013377693,498.2192077636719,gauss3tap,165,1.75,2.75,2.75,2,0.75,1384,155,1674,720,3440,720,1.0,1.0140845070422535
0.47276005148887634,0.1459723263978958,0.3087661972506331,0.5815899534172287,500.56494140625,gauss3tap,166,1.7666666666666666,2.7666666666666666,2.7666666666666666,2,0.7666666666666666,1383,155,1673,720,3440,720,1.0,1.0140845070422535
0.4727957546710968,0.14598733186721802,0.30877461850525456,0.5815899534172287,502.9657287597656,gauss3tap,167,1.7833333333333332,2.783333333333333,2.783333333333333,2,0.7833333333333332,1382,155,1672,720,3440,720,1.0,1.0140845070422535
0.4730047881603241,0.14597856998443604,0.30861963885397387,0.5815899534172287,501.4272155761719,gauss3tap,168,1.7999999999999998,2.8,2.8,2,0.7999999999999998,1381,155,1671,720,3440,720,1.0,1.0140845070422535
0.47302764654159546,0.14592696726322174,0.3084956349701082,0.5815899534172287,497.7314758300781,gauss3tap,169,1.8166666666666669,2.816666666666667,2.816666666666667,2,0.8166666666666669,1380,155,1670,720,3440,720,1.0,1.0140845070422535
0.47330546379089355,0.14593863487243652,0.30833920787679764,0.5815899534172287,496.8810119628906,gauss3tap,170,1.8333333333333335,2.8333333333333335,2.8333333333333335,2,0.8333333333333335,1379,155,1669,720,3440,720,1.0,1.0140845070422535
0.4728684425354004,0.14546489715576172,0.30762233423654284,0.5815899534172287,495.3298645019531,gauss3tap,171,1.85,2.85,2.85,2,0.8500000000000001,1378,155,1668,720,3440,720,1.0,1.0140845070422535
0.47345757484436035,0.14627906680107117,0.3089591792032595,0.5815899534172287,500.09857177734375,gauss3tap,172,1.8666666666666667,2.8666666666666667,2.8666666666666667,2,0.8666666666666667,1377,155,1667,720,3440,720,1.0,1.0140845070422535
0.47334811091423035,0.14589935541152954,0.3082284453347734,0.5815899534172287,499.6332702636719,gauss3tap,173,1.8833333333333333,2.8833333333333333,2.8833333333333333,2,0.8833333333333333,1377,155,1667,720,3440,720,1.0,1.0140845070422535
0.4736233651638031,0.14628611505031586,0.30886591059768254,0.5815899534172287,503.7358703613281,gauss3tap,174,1.9,2.9,2.9,2,0.8999999999999999,1376,155,1666,720,3440,720,1.0,1.0140845070422535
0.47374722361564636,0.14633242785930634,0.30888291788533506,0.5798319013377693,501.0212707519531,gauss3tap,175,1.9166666666666665,2.9166666666666665,2.9166666666666665,2,0.9166666666666665,1375,155,1665,720,3440,720,1.0,1.0140845070422535
0.47402191162109375,0.14631997048854828,0.3086776450931908,0.5798319013377693,501.378662109375,gauss3tap,176,1.9333333333333331,2.933333333333333,2.933333333333333,2,0.9333333333333331,1374,155,1664,720,3440,720,1.0,1.0140845070422535
0.47384780645370483,0.1464518904685974,0.3090694636194569,0.5798319013377693,503.34197998046875,gauss3tap,177,1.9500000000000002,2.95,2.95,2,0.9500000000000002,1373,155,1663,720,3440,720,1.0,1.0140845070422535
0.47393280267715454,0.146505206823349,0.3091265320832493,0.5798319013377693,501.0782470703125,gauss3tap,178,1.9666666666666668,2.966666666666667,2.966666666666667,2,0.9666666666666668,1372,155,1662,720,3440,720,1.0,1.0140845070422535
0.4739430248737335,0.1464444100856781,0.3089915861400799,0.5798319013377693,499.4622802734375,gauss3tap,179,1.9833333333333334,2.9833333333333334,2.9833333333333334,2,0.9833333333333334,1371,155,1661,720,3440,720,1.0,1.0140845070422535
0.47431641817092896,0.14645439386367798,0.3087693893050239,0.5798319013377693,499.3039855957031,gauss3tap,180,2.0,3.0,3.0,3,0.0,1370,155,1661,720,3440,720,1.0,1.0140845070422535
0.47417590022087097,0.1463128626346588,0.30856241213626046,0.5798319013377693,497.22698974609375,gauss3tap,181,2.0166666666666666,3.0166666666666666,3.0166666666666666,3,0.016666666666666607,1369,155,1660,720,3440,720,1.0,1.0140845070422535
0.4746141731739044,0.14636334776878357,0.30838384725463264,0.5798319013377693,496.8779602050781,gauss3tap,182,2.033333333333333,3.033333333333333,3.033333333333333,3,0.033333333333333215,1368,155,1659,720,3440,720,1.0,1.0140845070422535
0.4744265675544739,0.14639289677143097,0.3085680771217377,0.5798319013377693,497.2428894042969,gauss3tap,183,2.05,3.05,3.05,3,0.04999999999999982,1367,155,1658,720,3440,720,1.0,1.0140845070422535
0.4744897186756134,0.14634837210178375,0.30843317201042164,0.5798319013377693,497.1045227050781,gauss3tap,184,2.066666666666667,3.066666666666667,3.066666666666667,3,0.06666666666666687,1366,155,1657,720,3440,720,1.0,1.0140845070422535
0.4748364984989166,0.1463349312543869,0.3081796126354947,0.5815899534172287,496.6783752441406,gauss3tap,185,2.0833333333333335,3.0833333333333335,3.0833333333333335,3,0.08333333333333348,1365,155,1656,720,3440,720,1.0,1.0140845070422535
0.4747367203235626,0.14623168110847473,0.30802689526215665,0.5815899534172287,496.34747314453125,gauss3tap,186,2.1,3.1,3.1,3,0.10000000000000009,1364,155,1656,720,3440,720,1.0,1.0140845070422535
0.4746837317943573,0.14590108394622803,0.3073648223019093,0.5815899534172287,495.5302734375,gauss3tap,187,2.1166666666666667,3.1166666666666667,3.1166666666666667,3,0.1166666666666667,1364,155,1655,720,3440,720,1.0,1.0140845070422535
0.47470012307167053,0.14619985222816467,0.30798359225673805,0.5815899534172287,497.3670349121094,gauss3tap,188,2.1333333333333333,3.1333333333333333,3.1333333333333333,3,0.1333333333333333,1363,155,1654,720,3440,720,1.0,1.0140845070422535
0.4745798110961914,0.14601774513721466,0.30767794719956854,0.5815899534172287,492.1592712402344,gauss3tap,189,2.15,3.15,3.15,3,0.1499999999999999,1362,155,1653,720,3440,720,1.0,1.0140845070422535
0.47516024112701416,0.1459544152021408,0.3071688232674286,0.5815899534172287,491.8130798339844,gauss3tap,190,2.1666666666666665,3.1666666666666665,3.1666666666666665,3,0.16666666666666652,1361,155,1652,720,3440,720,1.0,1.0140845070422535
0.47485896944999695,0.14594218134880066,0.3073379417144801,0.5815899534172287,494.03277587890625,gauss3tap,191,2.183333333333333,3.183333333333333,3.183333333333333,3,0.18333333333333313,1360,155,1651,720,3440,720,1.0,1.0140845070422535
0.47493642568588257,0.1459190994501114,0.30723921873751664,0.5833333284547905,491.98883056640625,gauss3tap,192,2.2,3.2,3.2,3,0.20000000000000018,1359,155,1650,720,3440,720,1.0,1.0140845070422535
0.4749652147293091,0.14576087892055511,0.3068874758223126,0.5833333284547905,492.2686767578125,gauss3tap,193,2.216666666666667,3.216666666666667,3.216666666666667,3,0.21666666666666679,1358,155,1649,720,3440,720,1.0,1.0140845070422535
0.47502851486206055,0.14567621052265167,0.3066683428431026,0.5833333284547905,492.34063720703125,gauss3tap,194,2.2333333333333334,3.2333333333333334,3.2333333333333334,3,0.2333333333333334,1357,155,1648,720,3440,720,1.0,1.0140845070422535
0.4750309884548187,0.1456272155046463,0.30656360527700854,0.5867768543592778,492.0740661621094,gauss3tap,195,2.25,3.25,3.25,3,0.25,1356,155,1647,720,3440,720,1.0,1.0140845070422535
0.4753457307815552,0.14540046453475952,0.30588359600255305,0.5884773609806627,486.4490051269531,gauss3tap,196,2.2666666666666666,3.2666666666666666,3.2666666666666666,3,0.2666666666666666,1355,155,1646,720,3440,720,1.0,1.0140845070422535
0.47504833340644836,0.14544039964675903,0.30615915551634953,0.5884773609806627,488.2686767578125,gauss3tap,197,2.283333333333333,3.283333333333333,3.283333333333333,3,0.2833333333333332,1354,155,1645,720,3440,720,1.0,1.0140845070422535
0.47497648000717163,0.14545731246471405,0.30624107829530217,0.5999999936250001,484.77264404296875,gauss3tap,198,2.3,3.3,3.3,3,0.2999999999999998,1354,155,1644,720,3440,720,1.0,1.0140845070422535
0.47522711753845215,0.1452859789133072,0.30571903516082766,0.5966386493379563,480.404541015625,gauss3tap,199,2.316666666666667,3.316666666666667,3.316666666666667,3,0.3166666666666669,1353,155,1644,720,3440,720,1.0,1.0140845070422535
0.47524094581604004,0.14520403742790222,0.3055377186054413,0.5966386493379563,479.0639343261719,gauss3tap,200,2.3333333333333335,3.3333333333333335,3.3333333333333335,3,0.3333333333333335,1352,155,1643,720,3440,720,1.0,1.0140845070422535
0.4754917025566101,0.14495956897735596,0.3048624511202131,0.5999999936250001,473.44384765625,gauss3tap,201,2.35,3.35,3.35,3,0.3500000000000001,1351,155,1642,720,3440,720,1.0,1.0140845070422535
0.4753120541572571,0.14516133069992065,0.30540215922626784,0.5999999936250001,476.7780456542969,gauss3tap,202,2.3666666666666667,3.3666666666666667,3.3666666666666667,3,0.3666666666666667,1350,155,1641,720,3440,720,1.0,1.0140845070422535
0.47526121139526367,0.14513090252876282,0.3053708066117619,0.6016597445403904,473.5306701660156,gauss3tap,203,2.3833333333333333,3.3833333333333333,3.3833333333333333,3,0.3833333333333333,1349,155,1640,720,3440,720,1.0,1.0140845070422535
0.4756567180156708,0.14508938789367676,0.305029613475575,0.5999999936250001,467.63836669921875,gauss3tap,204,2.4,3.4,3.4,3,0.3999999999999999,1348,155,1639,720,3440,720,1.0,1.0140845070422535
0.47527754306793213,0.14523467421531677,0.30557865246911453,0.5966386493379563,470.9881286621094,gauss3tap,205,2.4166666666666665,3.4166666666666665,3.4166666666666665,3,0.4166666666666665,1347,155,1638,720,3440,720,1.0,1.0140845070422535
0.47515666484832764,0.14526596665382385,0.30572224772006723,0.6016949344050437,469.6171569824219,gauss3tap,206,2.433333333333333,3.433333333333333,3.433333333333333,3,0.4333333333333331,1346,155,1637,720,3440,720,1.0,1.0140845070422535
0.4750533998012543,0.1453847736120224,0.30603879608578394,0.5999999934893614,464.1849365234375,gauss3tap,207,2.45,3.45,3.45,3,0.4500000000000002,1345,155,1636,720,3440,720,1.0,1.0140845070422535
0.4754160940647125,0.14507828652858734,0.30516064829987255,0.6016949344050437,463.9499206542969,gauss3tap,208,2.466666666666667,3.466666666666667,3.466666666666667,3,0.4666666666666668,1344,155,1635,720,3440,720,1.0,1.0140845070422535
0.4753042161464691,0.1453915238380432,0.30589150241058355,0.6016949344050437,467.5338439941406,gauss3tap,209,2.4833333333333334,3.4833333333333334,3.4833333333333334,3,0.4833333333333334,1343,155,1634,720,3440,720,1.0,1.0140845070422535
0.47588977217674255,0.1452232152223587,0.30516144843056053,0.606837548039544,464.70050048828125,gauss3tap,210,2.5,3.5,3.5,3,0.5,1342,155,1634,720,3440,720,1.0,1.0140845070422535
0.476502925157547,0.1452825516462326,0.3048932985023431,0.606837548039544,462.01910400390625,gauss3tap,211,2.5166666666666666,3.5166666666666666,3.5166666666666666,3,0.5166666666666666,1342,155,1633,720,3440,720,1.0,1.0140845070422535
0.4759369492530823,0.14521817862987518,0.3051206169358547,0.61538460742939,465.1526794433594,gauss3tap,212,2.533333333333333,3.533333333333333,3.533333333333333,3,0.5333333333333332,1341,155,1632,720,3440,720,1.0,1.0140845070422535
0.47637465596199036,0.14475513994693756,0.30386825809600776,0.6085106049982653,462.956787109375,gauss3tap,213,2.55,3.55,3.55,3,0.5499999999999998,1340,155,1631,720,3440,720,1.0,1.0140845070422535
0.476330041885376,0.14520657062530518,0.3048444456749239,0.6101694581887391,464.9090270996094,gauss3tap,214,2.566666666666667,3.566666666666667,3.566666666666667,3,0.5666666666666669,1339,155,1630,720,3440,720,1.0,1.0140845070422535
0.47630059719085693,0.1452435404062271,0.30494090961346815,0.6085106049982653,462.6017761230469,gauss3tap,215,2.5833333333333335,3.5833333333333335,3.5833333333333335,3,0.5833333333333335,1338,155,1629,720,3440,720,1.0,1.0140845070422535
0.47617071866989136,0.14514760673046112,0.30482261506478636,0.6085106049982653,458.322021484375,gauss3tap,216,2.6,3.6,3.6,3,0.6000000000000001,1337,155,1628,720,3440,720,1.0,1.0140845070422535
0.4764696955680847,0.1450706422328949,0.30446981316457516,0.6085106049982653,454.7683410644531,gauss3tap,217,2.6166666666666667,3.6166666666666667,3.6166666666666667,3,0.6166666666666667,1336,155,1627,720,3440,720,1.0,1.0140845070422535
0.4763076603412628,0.14523202180862427,0.30491220455166945,0.606837548039544,456.6872863769531,gauss3tap,218,2.6333333333333333,3.6333333333333333,3.6333333333333333,3,0.6333333333333333,1335,155,1626,720,3440,720,1.0,1.0140845070422535
0.4763154685497284,0.14467176795005798,0.3037309818075835,0.6085106049982653,456.18731689453125,gauss3tap,219,2.65,3.65,3.65,3,0.6499999999999999,1334,155,1625,720,3440,720,1.0,1.0140845070422535
0.4763954281806946,0.14532366394996643,0.30504839530987665,0.6085106049982653,460.66400146484375,gauss3tap,220,2.6666666666666665,3.6666666666666665,3.6666666666666665,3,0.6666666666666665,1333,155,1624,720,3440,720,1.0,1.0140845070422535
0.47616326808929443,0.14505833387374878,0.3046399009512576,0.6034482426849872,458.3775939941406,gauss3tap,221,2.683333333333333,3.683333333333333,3.683333333333333,3,0.6833333333333331,1332,155,1623,720,3440,720,1.0,1.0140845070422535
0.4763486385345459,0.1454155445098877,0.30527124398746314,0.6034482426849872,457.013427734375,gauss3tap,222,2.7,3.7,3.7,3,0.7000000000000002,1332,155,1622,720,3440,720,1.0,1.0140845070422535
0.4764878451824188,0.14476610720157623,0.3038190913515601,0.6051501813724247,457.7479553222656,gauss3tap,223,2.716666666666667,3.716666666666667,3.716666666666667,3,0.7166666666666668,1331,155,1622,720,3440,720,1.0,1.0140845070422535
0.4762584865093231,0.1451399177312851,0.30475029588987895,0.6051501813724247,459.25592041015625,gauss3tap,224,2.7333333333333334,3.7333333333333334,3.7333333333333334,3,0.7333333333333334,1330,155,1621,720,3440,720,1.0,1.0140845070422535
0.47650831937789917,0.14556929469108582,0.3054916057419865,0.606837548039544,464.7575378417969,gauss3tap,225,2.75,3.75,3.75,3,0.75,1329,155,1620,720,3440,720,1.0,1.0140845070422535
0.4764285385608673,0.14568884670734406,0.30579369592234085,0.606837548039544,465.5416259765625,gauss3tap,226,2.7666666666666666,3.7666666666666666,3.7666666666666666,3,0.7666666666666666,1328,155,1619,720,3440,720,1.0,1.0140845070422535
0.4763537645339966,0.14577288925647736,0.3060181257072705,0.6034482426849872,466.1730041503906,gauss3tap,227,2.783333333333333,3.783333333333333,3.783333333333333,3,0.7833333333333332,1327,155,1618,720,3440,720,1.0,1.0140845070422535
0.4764976501464844,0.14574624598026276,0.30586980413599013,0.6051501813724247,466.4924621582031,gauss3tap,228,2.8,3.8,3.8,3,0.7999999999999998,1326,155,1617,720,3440,720,1.0,1.0140845070422535
0.47641459107398987,0.14562198519706726,0.3056623052038897,0.6034482426849872,467.468505859375,gauss3tap,229,2.816666666666667,3.816666666666667,3.816666666666667,3,0.8166666666666669,1325,155,1616,720,3440,720,1.0,1.0140845070422535
0.476540207862854,0.14562401175498962,0.3055859847634088,0.5982906178633084,464.9293212890625,gauss3tap,230,2.8333333333333335,3.8333333333333335,3.8333333333333335,3,0.8333333333333335,1324,155,1615,720,3440,720,1.0,1.0140845070422535
0.4760496914386749,0.1451924443244934,0.3049942976241887,0.5982906178633084,461.07781982421875,gauss3tap,231,2.85,3.85,3.85,3,0.8500000000000001,1323,155,1614,720,3440,720,1.0,1.0140845070422535
0.4766300320625305,0.14589063823223114,0.30608779421648646,0.5965665433931978,465.2331848144531,gauss3tap,232,2.8666666666666667,3.8666666666666667,3.8666666666666667,3,0.8666666666666667,1322,155,1613,720,3440,720,1.0,1.0140845070422535
0.4764699935913086,0.145512655377388,0.3053973057707978,0.5897435841496377,465.7205810546875,gauss3tap,233,2.8833333333333333,3.8833333333333333,3.8833333333333333,3,0.8833333333333333,1321,155,1612,720,3440,720,1.0,1.0140845070422535
0.47683417797088623,0.1459343582391739,0.3060484376344343,0.5897435841496377,471.75762939453125,gauss3tap,234,2.9,3.9,3.9,3,0.8999999999999999,1320,155,1612,720,3440,720,1.0,1.0140845070422535
0.4768505096435547,0.14601445198059082,0.30620591981264167,0.5897435841496377,472.56640625,gauss3tap,235,2.9166666666666665,3.9166666666666665,3.9166666666666665,3,0.9166666666666665,1320,155,1611,720,3440,720,1.0,1.0140845070422535
0.4769443869590759,0.1460884064435959,0.30630070795470726,0.5897435841496377,470.6969909667969,gauss3tap,236,2.933333333333333,3.933333333333333,3.933333333333333,3,0.9333333333333331,1319,155,1610,720,3440,720,1.0,1.0140845070422535
0.47677356004714966,0.14615124464035034,0.30654225364442284,0.5897435841496377,471.2418212890625,gauss3tap,237,2.95,3.95,3.95,3,0.9500000000000002,1318,155,1609,720,3440,720,1.0,1.0140845070422535
0.4768061637878418,0.14619985222816467,0.3066232365800224,0.5897435841496377,469.5000305175781,gauss3tap,238,2.966666666666667,3.966666666666667,3.966666666666667,3,0.9666666666666668,1317,155,1608,720,3440,720,1.0,1.0140845070422535
0.47672638297080994,0.14617544412612915,0.30662335100687305,0.5897435841496377,470.3131408691406,gauss3tap,239,2.9833333333333334,3.9833333333333334,3.9833333333333334,3,0.9833333333333334,1316,155,1607,720,3440,720,1.0,1.0140845070422535
0.47685301303863525,0.14623819291591644,0.3066735154242024,0.5897435841496377,472.556640625,gauss3tap,240,3.0,4.0,4.0,4,0.0,1315,155,1606,720,3440,720,1.0,1.0140845070422535
0.47668367624282837,0.1461193859577179,0.30653322145218737,0.5897435841496377,471.51654052734375,gauss3tap,241,3.0166666666666666,4.016666666666667,4.016666666666667,4,0.016666666666666607,1314,155,1605,720,3440,720,1.0,1.0140845070422535
0.47702792286872864,0.14610742032527924,0.3062869284123996,0.5897435841496377,474.4830322265625,gauss3tap,242,3.033333333333333,4.033333333333333,4.033333333333333,4,0.033333333333333215,1313,155,1604,720,3440,720,1.0,1.0140845070422535
0.47683092951774597,0.14609983563423157,0.306397558392484,0.5897435841496377,478.317138671875,gauss3tap,243,3.05,4.05,4.05,4,0.04999999999999982,1312,155,1603,720,3440,720,1.0,1.0140845070422535
0.4768517315387726,0.1460810899734497,0.3063448809100594,0.578059067269218,476.8013000488281,gauss3tap,244,3.0666666666666664,4.066666666666666,4.066666666666666,4,0.06666666666666643,1311,155,1602,720,3440,720,1.0,1.0140845070422535
0.4770531952381134,0.1460176408290863,0.3060825065753493,0.578059067269218,479.4013671875,gauss3tap,245,3.083333333333333,4.083333333333333,4.083333333333333,4,0.08333333333333304,1310,155,1601,720,3440,720,1.0,1.0140845070422535
0.47673583030700684,0.1460617333650589,0.30637875531027525,0.578059067269218,481.48443603515625,gauss3tap,246,3.0999999999999996,4.1,4.1,4,0.09999999999999964,1310,155,1600,720,3440,720,1.0,1.0140845070422535
0.47688689827919006,0.14547188580036163,0.30504482986393106,0.578059067269218,480.2943420410156,gauss3tap,247,3.1166666666666663,4.116666666666666,4.116666666666666,4,0.11666666666666625,1309,155,1600,720,3440,720,1.0,1.0140845070422535
0.4769088923931122,0.1459011435508728,0.3059308451126535,0.578059067269218,483.7066345214844,gauss3tap,248,3.1333333333333337,4.133333333333334,4.133333333333334,4,0.13333333333333375,1308,155,1599,720,3440,720,1.0,1.0140845070422535
0.4766177535057068,0.1457754522562027,0.30585400591024603,0.5762711821242872,485.9077453613281,gauss3tap,249,3.1500000000000004,4.15,4.15,4,0.15000000000000036,1307,155,1598,720,3440,720,1.0,1.0140845070422535
0.4769659638404846,0.1457657665014267,0.3056104093290652,0.5762711821242872,474.368896484375,gauss3tap,250,3.166666666666667,4.166666666666667,4.166666666666667,4,0.16666666666666696,1306,155,1597,720,3440,720,1.0,1.0140845070422535
0.4770260751247406,0.14556370675563812,0.3051483164019715,0.571428542498224,477.0882873535156,gauss3tap,251,3.1833333333333336,4.183333333333334,4.183333333333334,4,0.18333333333333357,1305,155,1596,720,3440,720,1.0,1.0140845070422535
0.47687944769859314,0.14564211666584015,0.3054065641005065,0.571428542498224,480.6519470214844,gauss3tap,252,3.2,4.2,4.2,4,0.20000000000000018,1304,155,1595,720,3440,720,1.0,1.0140845070422535
0.47680288553237915,0.14552859961986542,0.3052175248587238,0.5696202243055526,483.5474548339844,gauss3tap,253,3.216666666666667,4.216666666666667,4.216666666666667,4,0.21666666666666679,1303,155,1594,720,3440,720,1.0,1.0140845070422535
0.4767836034297943,0.1454840451478958,0.3051364204850512,0.5762711821242872,485.70648193359375,gauss3tap,254,3.2333333333333334,4.233333333333333,4.233333333333333,4,0.2333333333333334,1302,155,1593,720,3440,720,1.0,1.0140845070422535
0.4767274856567383,0.145414799451828,0.305027087333205,0.5762711821242872,490.2109069824219,gauss3tap,255,3.25,4.25,4.25,4,0.25,1301,155,1592,720,3440,720,1.0,1.0140845070422535
0.47695669531822205,0.1451645940542221,0.3043559141439669,0.5762711821242872,488.4723205566406,gauss3tap,256,3.2666666666666666,4.266666666666667,4.266666666666667,4,0.2666666666666666,1300,155,1591,720,3440,720,1.0,1.0140845070422535
0.47657978534698486,0.14525528252124786,0.3047869085920678,0.578059067269218,492.2117919921875,gauss3tap,257,3.283333333333333,4.283333333333333,4.283333333333333,4,0.2833333333333332,1299,155,1590,720,3440,720,1.0,1.0140845070422535
0.4768266975879669,0.14510385692119598,0.3043115132019459,0.578059067269218,491.9484558105469,gauss3tap,258,3.3,4.3,4.3,4,0.2999999999999998,1298,155,1590,720,3440,720,1.0,1.0140845070422535
0.4767078161239624,0.14503492414951324,0.30424280072926385,0.5914893559718962,489.7046203613281,gauss3tap,259,3.3166666666666664,4.316666666666666,4.316666666666666,4,0.31666666666666643,1298,155,1589,720,3440,720,1.0,1.0140845070422535
0.476628839969635,0.1450331211090088,0.3042894300633471,0.5897435841496377,488.0400390625,gauss3tap,260,3.333333333333333,4.333333333333333,4.333333333333333,4,0.33333333333333304,1297,155,1588,720,3440,720,1.0,1.0140845070422535
0.47672128677368164,0.14471451938152313,0.3035621029748642,0.5897435841496377,485.84686279296875,gauss3tap,261,3.3499999999999996,4.35,4.35,4,0.34999999999999964,1296,155,1587,720,3440,720,1.0,1.0140845070422535
0.47655001282691956,0.14484544098377228,0.3039459323169089,0.5897435841496377,488.9935302734375,gauss3tap,262,3.3666666666666663,4.366666666666666,4.366666666666666,4,0.36666666666666625,1295,155,1586,720,3440,720,1.0,1.0140845070422535
0.47635793685913086,0.14483003318309784,0.3040361436983167,0.5982906178633084,488.093994140625,gauss3tap,263,3.3833333333333337,4.383333333333334,4.383333333333334,4,0.38333333333333375,1294,155,1585,720,3440,720,1.0,1.0140845070422535
0.47670695185661316,0.14474420249462128,0.3036334983044748,0.5982906178633084,487.6174011230469,gauss3tap,264,3.4000000000000004,4.4,4.4,4,0.40000000000000036,1293,155,1584,720,3440,720,1.0,1.0140845070422535
0.4762853682041168,0.14483076333999634,0.304084000827604,0.5982906178633084,489.4591369628906,gauss3tap,265,3.416666666666667,4.416666666666667,4.416666666666667,4,0.41666666666666696,1292,155,1583,720,3440,720,1.0,1.0140845070422535
0.47609829902648926,0.14483244717121124,0.3042070186457079,0.6051501813724247,491.33160400390625,gauss3tap,266,3.4333333333333336,4.433333333333334,4.433333333333334,4,0.43333333333333357,1291,155,1582,720,3440,720,1.0,1.0140845070422535
0.47595956921577454,0.14485140144824982,0.3043355103534579,0.606837548039544,487.1946716308594,gauss3tap,267,3.45,4.45,4.45,4,0.4500000000000002,1290,155,1581,720,3440,720,1.0,1.0140845070422535
0.4762476086616516,0.14454621076583862,0.3035106215796765,0.606837548039544,487.7667236328125,gauss3tap,268,3.466666666666667,4.466666666666667,4.466666666666667,4,0.4666666666666668,1289,155,1580,720,3440,720,1.0,1.0140845070422535
0.4760094881057739,0.14486485719680786,0.30433186264829004,0.6120689578014058,492.1549377441406,gauss3tap,269,3.4833333333333334,4.483333333333333,4.483333333333333,4,0.4833333333333334,1288,155,1579,720,3440,720,1.0,1.0140845070422535
0.4755059480667114,0.14470230042934418,0.30431227616509293,0.6034482426849872,493.5990295410156,gauss3tap,270,3.5,4.5,4.5,4,0.5,1288,155,1578,720,3440,720,1.0,1.0140845070422535
0.47705045342445374,0.14500342309474945,0.3039582480517019,0.6157204903515452,483.3192138671875,gauss3tap,271,3.5166666666666666,4.516666666666667,4.516666666666667,4,0.5166666666666666,1287,155,1578,720,3440,720,1.0,1.0140845070422535
0.476636677980423,0.14467665553092957,0.30353654928231605,0.6157204903515452,480.07269287109375,gauss3tap,272,3.533333333333333,4.533333333333333,4.533333333333333,4,0.5333333333333332,1286,155,1577,720,3440,720,1.0,1.0140845070422535
0.4769981801509857,0.14426860213279724,0.302451047219134,0.6120689578014058,480.793701171875,gauss3tap,273,3.55,4.55,4.55,4,0.5499999999999998,1285,155,1576,720,3440,720,1.0,1.0140845070422535
0.47684842348098755,0.14462848007678986,0.30330073440947214,0.6190476106473736,485.8958740234375,gauss3tap,274,3.5666666666666664,4.566666666666666,4.566666666666666,4,0.5666666666666664,1284,155,1575,720,3440,720,1.0,1.0140845070422535
0.47665348649024963,0.14465416967868805,0.30347867107620613,0.6173912960662399,486.3155822753906,gauss3tap,275,3.583333333333333,4.583333333333333,4.583333333333333,4,0.583333333333333,1283,155,1574,720,3440,720,1.0,1.0140845070422535
0.4764132499694824,0.14450202882289886,0.3033123570745181,0.6173912960662399,486.05413818359375,gauss3tap,276,3.5999999999999996,4.6,4.6,4,0.5999999999999996,1282,155,1573,720,3440,720,1.0,1.0140845070422535
0.4766985774040222,0.14437922835350037,0.30287320367310605,0.6173912960662399,485.17962646484375,gauss3tap,277,3.6166666666666663,4.616666666666666,4.616666666666666,4,0.6166666666666663,1281,155,1572,720,3440,720,1.0,1.0140845070422535
0.476444810628891,0.14435884356498718,0.3029917365340196,0.6173912960662399,488.85552978515625,gauss3tap,278,3.6333333333333337,4.633333333333334,4.633333333333334,4,0.6333333333333337,1280,155,1571,720,3440,720,1.0,1.0140845070422535
0.47625648975372314,0.14362624287605286,0.301573297058042,0.6173912960662399,490.33233642578125,gauss3tap,279,3.6500000000000004,4.65,4.65,4,0.6500000000000004,1279,155,1570,720,3440,720,1.0,1.0140845070422535
0.47636616230010986,0.14424583315849304,0.302804526320602,0.6173912960662399,493.09857177734375,gauss3tap,280,3.666666666666667,4.666666666666667,4.666666666666667,4,0.666666666666667,1278,155,1569,720,3440,720,1.0,1.0140845070422535
0.47614169120788574,0.14406271278858185,0.3025626875846428,0.6103896027970327,493.23504638671875,gauss3tap,281,3.6833333333333336,4.683333333333334,4.683333333333334,4,0.6833333333333336,1277,155,1568,720,3440,720,1.0,1.0140845070422535
0.4768197238445282,0.1439574956893921,0.30191178231799204,0.6034482426849872,492.37322998046875,gauss3tap,282,3.7,4.7,4.7,4,0.7000000000000002,1276,155,1568,720,3440,720,1.0,1.0140845070422535
0.47591856122016907,0.14358046650886536,0.30169124550183246,0.6034482426849872,494.8290100097656,gauss3tap,283,3.716666666666667,4.716666666666667,4.716666666666667,4,0.7166666666666668,1276,155,1567,720,3440,720,1.0,1.0140845070422535
0.4761861264705658,0.14367905259132385,0.30172876022022743,0.6034482426849872,498.26641845703125,gauss3tap,284,3.7333333333333334,4.733333333333333,4.733333333333333,4,0.7333333333333334,1275,155,1566,720,3440,720,1.0,1.0140845070422535
0.47601956129074097,0.14407585561275482,0.302667924392455,0.6103896027970327,501.24127197265625,gauss3tap,285,3.75,4.75,4.75,4,0.75,1274,155,1565,720,3440,720,1.0,1.0140845070422535
0.4757970869541168,0.1441408395767212,0.30294602573126106,0.6034482426849872,506.3207702636719,gauss3tap,286,3.7666666666666666,4.766666666666667,4.766666666666667,4,0.7666666666666666,1273,155,1564,720,3440,720,1.0,1.0140845070422535
0.4756103456020355,0.1441621482372284,0.30310977576328324,0.6034482426849872,511.2186584472656,gauss3tap,287,3.783333333333333,4.783333333333333,4.783333333333333,4,0.7833333333333332,1272,155,1563,720,3440,720,1.0,1.0140845070422535
0.4756307005882263,0.14408878982067108,0.30294256996667074,0.6034482426849872,515.2062377929688,gauss3tap,288,3.8,4.8,4.8,4,0.7999999999999998,1271,155,1562,720,3440,720,1.0,1.0140845070422535
0.4753856062889099,0.1438661515712738,0.3026304259989239,0.6034482426849872,515.2073364257812,gauss3tap,289,3.8166666666666664,4.816666666666666,4.816666666666666,4,0.8166666666666664,1270,155,1561,720,3440,720,1.0,1.0140845070422535
0.47542694211006165,0.14372402429580688,0.3023051672984132,0.5948275796689205,516.70556640625,gauss3tap,290,3.833333333333333,4.833333333333333,4.833333333333333,4,0.833333333333333,1269,155,1560,720,3440,720,1.0,1.0140845070422535
0.4749242067337036,0.14349216222763062,0.3021369666396452,0.5948275796689205,520.7264404296875,gauss3tap,291,3.8499999999999996,4.85,4.85,4,0.8499999999999996,1268,155,1559,720,3440,720,1.0,1.0140845070422535
0.4752661883831024,0.1439703106880188,0.3029256260550793,0.5965665433931978,526.443603515625,gauss3tap,292,3.8666666666666663,4.866666666666666,4.866666666666666,4,0.8666666666666663,1267,155,1558,720,3440,720,1.0,1.0140845070422535
0.4749043583869934,0.1434171050786972,0.3019915474052419,0.5965665433931978,526.696533203125,gauss3tap,293,3.8833333333333337,4.883333333333334,4.883333333333334,4,0.8833333333333337,1266,155,1557,720,3440,720,1.0,1.0140845070422535
0.4749689996242523,0.1439484804868698,0.30306920571670004,0.5965665433931978,531.283447265625,gauss3tap,294,3.9000000000000004,4.9,4.9,4,0.9000000000000004,1266,155,1556,720,3440,720,1.0,1.0140845070422535
0.47525957226753235,0.14390915632247925,0.3028011673870263,0.5965665433931978,533.6627197265625,gauss3tap,295,3.916666666666667,4.916666666666667,4.916666666666667,4,0.916666666666667,1265,155,1556,720,3440,720,1.0,1.0140845070422535
0.47520604729652405,0.14391553401947021,0.30284869439210094,0.5897435841496377,538.4461059570312,gauss3tap,296,3.9333333333333336,4.933333333333334,4.933333333333334,4,0.9333333333333336,1264,155,1555,720,3440,720,1.0,1.0140845070422535
0.47497808933258057,0.14387761056423187,0.3029141991312919,0.5897435841496377,540.8981323242188,gauss3tap,297,3.95,4.95,4.95,4,0.9500000000000002,1263,155,1554,720,3440,720,1.0,1.0140845070422535
0.47490012645721436,0.14386607706546783,0.3029396414553974,0.5897435841496377,542.37548828125,gauss3tap,298,3.966666666666667,4.966666666666667,4.966666666666667,4,0.9666666666666668,1262,155,1553,720,3440,720,1.0,1.0140845070422535
0.4747052490711212,0.14374417066574097,0.3028072007186357,0.5897435841496377,543.7965087890625,gauss3tap,299,3.9833333333333334,4.983333333333333,4.983333333333333,4,0.9833333333333334,1261,155,1552,720,3440,720,1.0,1.0140845070422535
0.47469422221183777,0.1437971442937851,0.30292583001011475,0.5897435841496377,548.422607421875,gauss3tap,300,4.0,5.0,5.0,5,0.0,1260,155,1551,720,3440,720,1.0,1.0140845070422535
0.47442731261253357,0.14363057911396027,0.3027451672113409,0.5879828002859766,548.3739624023438,gauss3tap,301,4.016666666666667,5.016666666666667,5.016666666666667,5,0.016666666666666607,1259,155,1550,720,3440,720,1.0,1.0140845070422535
0.4746805429458618,0.1435185968875885,0.30234774944310194,0.5879828002859766,552.5183715820312,gauss3tap,302,4.033333333333333,5.033333333333333,5.033333333333333,5,0.033333333333333215,1258,155,1549,720,3440,720,1.0,1.0140845070422535
0.4743896424770355,0.14348718523979187,0.3024669372330752,0.5879828002859766,559.5263061523438,gauss3tap,303,4.05,5.05,5.05,5,0.04999999999999982,1257,155,1548,720,3440,720,1.0,1.0140845070422535
0.47429928183555603,0.14337050914764404,0.30227856464384506,0.5879828002859766,559.6901245117188,gauss3tap,304,4.066666666666666,5.066666666666666,5.066666666666666,5,0.06666666666666643,1256,155,1547,720,3440,720,1.0,1.0140845070422535
0.4743941128253937,0.14330939948558807,0.30208932318146525,0.5879828002859766,560.8541870117188,gauss3tap,305,4.083333333333333,5.083333333333333,5.083333333333333,5,0.08333333333333304,1255,155,1546,720,3440,720,1.0,1.0140845070422535
0.47446760535240173,0.14321991801261902,0.3018539377155281,0.5879828002859766,562.89208984375,gauss3tap,306,4.1,5.1,5.1,5,0.09999999999999964,1254,155,1546,720,3440,720,1.0,1.0140845070422535
0.4742603600025177,0.1426306664943695,0.30074337961995923,0.5744680534146742,563.2616577148438,gauss3tap,307,4.116666666666666,5.116666666666666,5.116666666666666,5,0.11666666666666625,1254,155,1545,720,3440,720,1.0,1.0140845070422535
0.4741714596748352,0.1431003212928772,0.30179023927991444,0.5744680534146742,567.519775390625,gauss3tap,308,4.133333333333334,5.133333333333334,5.133333333333334,5,0.13333333333333375,1253,155,1544,720,3440,720,1.0,1.0140845070422535
0.47388696670532227,0.1428624838590622,0.3014695294061617,0.5744680534146742,565.6572265625,gauss3tap,309,4.15,5.15,5.15,5,0.15000000000000036,1252,155,1543,720,3440,720,1.0,1.0140845070422535
0.47426438331604004,0.14280807971954346,0.30111490917763056,0.5879828002859766,568.2730102539062,gauss3tap,310,4.166666666666667,5.166666666666667,5.166666666666667,5,0.16666666666666696,1251,155,1542,720,3440,720,1.0,1.0140845070422535
0.4737929403781891,0.1426866054534912,0.30115814374105077,0.5879828002859766,573.6624755859375,gauss3tap,311,4.183333333333334,5.183333333333334,5.183333333333334,5,0.18333333333333357,1250,155,1541,720,3440,720,1.0,1.0140845070422535
0.47370216250419617,0.14265939593315125,0.3011584160127269,0.5744680534146742,573.7864990234375,gauss3tap,312,4.2,5.2,5.2,5,0.20000000000000018,1249,155,1540,720,3440,720,1.0,1.0140845070422535
0.47367823123931885,0.14245940744876862,0.3007514279651979,0.5744680534146742,573.7083129882812,gauss3tap,313,4.216666666666667,5.216666666666667,5.216666666666667,5,0.21666666666666679,1248,155,1539,720,3440,720,1.0,1.0140845070422535
0.47357454895973206,0.1423724740743637,0.3006337046210914,0.5744680534146742,578.8276977539062,gauss3tap,314,4.233333333333333,5.233333333333333,5.233333333333333,5,0.2333333333333334,1247,155,1538,720,3440,720,1.0,1.0140845070422535
0.47352108359336853,0.14228788018226624,0.300489000611353,0.5708154747731838,578.6162109375,gauss3tap,315,4.25,5.25,5.25,5,0.25,1246,155,1537,720,3440,720,1.0,1.0140845070422535
0.4737836718559265,0.1419953554868698,0.2997050361266967,0.5708154747731838,571.6570434570312,gauss3tap,316,4.266666666666667,5.266666666666667,5.266666666666667,5,0.2666666666666666,1245,155,1536,720,3440,720,1.0,1.0140845070422535
0.47334304451942444,0.14199793338775635,0.29998947281887123,0.5708154747731838,574.94873046875,gauss3tap,317,4.283333333333333,5.283333333333333,5.283333333333333,5,0.2833333333333332,1244,155,1535,720,3440,720,1.0,1.0140845070422535
0.47315600514411926,0.14195244014263153,0.30001191065782823,0.5844156065903546,572.7368774414062,gauss3tap,318,4.3,5.3,5.3,5,0.2999999999999998,1244,155,1534,720,3440,720,1.0,1.0140845070422535
0.4733879864215851,0.1417870670557022,0.2995155519943326,0.5844156065903546,572.6228637695312,gauss3tap,319,4.316666666666666,5.316666666666666,5.316666666666666,5,0.31666666666666643,1243,155,1534,720,3440,720,1.0,1.0140845070422535
0.4732491075992584,0.14172548055648804,0.299473311805516,0.5844156065903546,572.9963989257812,gauss3tap,320,4.333333333333333,5.333333333333333,5.333333333333333,5,0.33333333333333304,1242,155,1533,720,3440,720,1.0,1.0140845070422535
0.47331660985946655,0.14132316410541534,0.2985806079393027,0.5844156065903546,565.3241577148438,gauss3tap,321,4.35,5.35,5.35,5,0.34999999999999964,1241,155,1532,720,3440,720,1.0,1.0140845070422535
0.47308412194252014,0.14146563410758972,0.29902849103545465,0.5913043952863225,570.1844482421875,gauss3tap,322,4.366666666666666,5.366666666666666,5.366666666666666,5,0.36666666666666625,1240,155,1531,720,3440,720,1.0,1.0140845070422535
0.4729559123516083,0.14143499732017517,0.2990447748638795,0.5913043952863225,572.208984375,gauss3tap,323,4.383333333333334,5.383333333333334,5.383333333333334,5,0.38333333333333375,1239,155,1530,720,3440,720,1.0,1.0140845070422535
0.472851037979126,0.14136773347854614,0.29896884882189545,0.5913043952863225,570.9479370117188,gauss3tap,324,4.4,5.4,5.4,5,0.40000000000000036,1238,155,1529,720,3440,720,1.0,1.0140845070422535
0.472723126411438,0.14129620790481567,0.2988984397451567,0.5913043952863225,574.2745971679688,gauss3tap,325,4.416666666666667,5.416666666666667,5.416666666666667,5,0.41666666666666696,1237,155,1528,720,3440,720,1.0,1.0140845070422535
0.4726461172103882,0.14117451012134552,0.29868965806315545,0.5913043952863225,573.4259033203125,gauss3tap,326,4.433333333333334,5.433333333333334,5.433333333333334,5,0.43333333333333357,1236,155,1527,720,3440,720,1.0,1.0140845070422535
0.47247400879859924,0.14116321504116058,0.2987745556890272,0.5913043952863225,572.1619262695312,gauss3tap,327,4.45,5.45,5.45,5,0.4500000000000002,1235,155,1526,720,3440,720,1.0,1.0140845070422535
0.47265005111694336,0.14081552624702454,0.2979276590259107,0.5913043952863225,569.9954833984375,gauss3tap,328,4.466666666666667,5.466666666666667,5.466666666666667,5,0.4666666666666668,1234,155,1525,720,3440,720,1.0,1.0140845070422535
0.47242096066474915,0.14114245772361755,0.2987641668933839,0.5913043952863225,577.2937622070312,gauss3tap,329,4.483333333333333,5.483333333333333,5.483333333333333,5,0.4833333333333334,1233,155,1524,720,3440,720,1.0,1.0140845070422535
0.473430871963501,0.14107923209667206,0.2979933026581661,0.5948275796689205,571.5240478515625,gauss3tap,330,4.5,5.5,5.5,5,0.5,1232,155,1524,720,3440,720,1.0,1.0140845070422535
0.47378817200660706,0.14102137088775635,0.2976464509741397,0.5948275796689205,567.4325561523438,gauss3tap,331,4.516666666666667,5.516666666666667,5.516666666666667,5,0.5166666666666666,1232,155,1523,720,3440,720,1.0,1.0140845070422535
0.47313082218170166,0.14085888862609863,0.2977165702276681,0.6017315423942735,569.7273559570312,gauss3tap,332,4.533333333333333,5.533333333333333,5.533333333333333,5,0.5333333333333332,1231,155,1522,720,3440,720,1.0,1.0140845070422535
0.47344914078712463,0.1404089480638504,0.29656605747505504,0.5879828002859766,565.5447387695312,gauss3tap,333,4.55,5.55,5.55,5,0.5499999999999998,1230,155,1521,720,3440,720,1.0,1.0140845070422535
0.4732282757759094,0.14079497754573822,0.29752020700725756,0.5879828002859766,570.083740234375,gauss3tap,334,4.566666666666666,5.566666666666666,5.566666666666666,5,0.5666666666666664,1229,155,1520,720,3440,720,1.0,1.0140845070422535
0.47305768728256226,0.1408277302980423,0.2976967315129098,0.5948275796689205,569.8364868164062,gauss3tap,335,4.583333333333333,5.583333333333333,5.583333333333333,5,0.583333333333333,1228,155,1519,720,3440,720,1.0,1.0140845070422535
0.472839891910553,0.14064711332321167,0.29745187061183737,0.5948275796689205,567.6712036132812,gauss3tap,336,4.6,5.6,5.6,5,0.5999999999999996,1227,155,1518,720,3440,720,1.0,1.0140845070422535
0.47310230135917664,0.14053352177143097,0.29704678754938213,0.5948275796689205,564.5584716796875,gauss3tap,337,4.616666666666666,5.616666666666666,5.616666666666666,5,0.6166666666666663,1226,155,1517,720,3440,720,1.0,1.0140845070422535
0.472927451133728,0.14044754207134247,0.29697480821827055,0.5948275796689205,568.3603515625,gauss3tap,338,4.633333333333334,5.633333333333334,5.633333333333334,5,0.6333333333333337,1225,155,1516,720,3440,720,1.0,1.0140845070422535
0.4728051424026489,0.1396462321281433,0.2953568323409856,0.5913043952863225,564.4196166992188,gauss3tap,339,4.65,5.65,5.65,5,0.6500000000000004,1224,155,1515,720,3440,720,1.0,1.0140845070422535
0.472913920879364,0.14028580486774445,0.29664130343314005,0.5913043952863225,570.6058349609375,gauss3tap,340,4.666666666666667,5.666666666666667,5.666666666666667,5,0.666666666666667,1223,155,1514,720,3440,720,1.0,1.0140845070422535
0.47281432151794434,0.14014661312103271,0.2964094017012973,0.5913043952863225,567.8095703125,gauss3tap,341,4.683333333333334,5.683333333333334,5.683333333333334,5,0.6833333333333336,1222,155,1513,720,3440,720,1.0,1.0140845070422535
0.472962349653244,0.14003168046474457,0.2960736253248776,0.5913043952863225,568.6353149414062,gauss3tap,342,4.7,5.7,5.7,5,0.7000000000000002,1222,155,1512,720,3440,720,1.0,1.0140845070422535
0.47253772616386414,0.13950100541114807,0.29521664564535993,0.5913043952863225,566.7839965820312,gauss3tap,343,4.716666666666667,5.716666666666667,5.716666666666667,5,0.7166666666666668,1221,155,1512,720,3440,720,1.0,1.0140845070422535
0.47287794947624207,0.13966073095798492,0.29534201829299184,0.5913043952863225,567.8438720703125,gauss3tap,344,4.733333333333333,5.733333333333333,5.733333333333333,5,0.7333333333333334,1220,155,1511,720,3440,720,1.0,1.0140845070422535
0.472709059715271,0.14005887508392334,0.29628979864567784,0.5913043952863225,574.2582397460938,gauss3tap,345,4.75,5.75,5.75,5,0.75,1219,155,1510,720,3440,720,1.0,1.0140845070422535
0.47256091237068176,0.1400676965713501,0.29640135258894623,0.5913043952863225,576.267578125,gauss3tap,346,4.766666666666667,5.766666666666667,5.766666666666667,5,0.7666666666666666,1218,155,1509,720,3440,720,1.0,1.0140845070422535
0.4724251925945282,0.14010819792747498,0.29657223441512,0.5844156065903546,576.4130249023438,gauss3tap,347,4.783333333333333,5.783333333333333,5.783333333333333,5,0.7833333333333332,1217,155,1508,720,3440,720,1.0,1.0140845070422535
0.4724448621273041,0.1400214284658432,0.29637622657509405,0.5913043952863225,578.35595703125,gauss3tap,348,4.8,5.8,5.8,5,0.7999999999999998,1216,155,1507,720,3440,720,1.0,1.0140845070422535
0.4722381830215454,0.13978712260723114,0.296009777847116,0.5844156065903546,577.7750854492188,gauss3tap,349,4.816666666666666,5.816666666666666,5.816666666666666,5,0.8166666666666664,1215,155,1506,720,3440,720,1.0,1.0140845070422535
0.47232964634895325,0.13962940871715546,0.2956185512391337,0.5844156065903546,574.9458618164062,gauss3tap,350,4.833333333333333,5.833333333333333,5.833333333333333,5,0.833333333333333,1214,155,1505,720,3440,720,1.0,1.0140845070422535
0.47191378474235535,0.13960787653923035,0.29583342994974376,0.5844156065903546,575.401611328125,gauss3tap,351,4.85,5.85,5.85,5,0.8499999999999996,1213,155,1504,720,3440,720,1.0,1.0140845070422535
0.472206711769104,0.13994473218917847,0.29636327849142213,0.5844156065903546,579.0713500976562,gauss3tap,352,4.866666666666666,5.866666666666666,5.866666666666666,5,0.8666666666666663,1212,155,1503,720,3440,720,1.0,1.0140845070422535
0.471918523311615,0.13948804140090942,0.29557652763088954,0.5844156065903546,578.5693359375,gauss3tap,353,4.883333333333334,5.883333333333334,5.883333333333334,5,0.8833333333333337,1211,155,1502,720,3440,720,1.0,1.0140845070422535
0.4723771810531616,0.13986022770404816,0.29607743632208566,0.5844156065903546,580.0646362304688,gauss3tap,354,4.9,5.9,5.9,5,0.9000000000000004,1210,155,1502,720,3440,720,1.0,1.0140845070422535
0.4722711145877838,0.13983851671218872,0.29609796032786273,0.5844156065903546,582.2445678710938,gauss3tap,355,4.916666666666667,5.916666666666667,5.916666666666667,5,0.916666666666667,1210,155,1501,720,3440,720,1.0,1.0140845070422535
0.47214460372924805,0.13987953960895538,0.2962641858902355,0.5844156065903546,582.6473999023438,gauss3tap,356,4.933333333333334,5.933333333333334,5.933333333333334,5,0.9333333333333336,1209,155,1500,720,3440,720,1.0,1.0140845070422535
0.4720166027545929,0.13978905975818634,0.2961528386520251,0.5844156065903546,583.6410522460938,gauss3tap,357,4.95,5.95,5.95,5,0.9500000000000002,1208,155,1499,720,3440,720,1.0,1.0140845070422535
0.47194722294807434,0.13975343108177185,0.29612088243167667,0.5844156065903546,581.602294921875,gauss3tap,358,4.966666666666667,5.966666666666667,5.966666666666667,5,0.9666666666666668,1207,155,1498,720,3440,720,1.0,1.0140845070422535
0.4716634452342987,0.13962583243846893,0.29602851543609593,0.5844156065903546,580.5637817382812,gauss3tap,359,4.983333333333333,5.983333333333333,5.983333333333333,5,0.9833333333333334,1206,155,1497,720,3440,720,1.0,1.0140845070422535
