FrondFrameNum, FrondFrameLuminance, BackFrameNum, BackFrameLuminance, Time, Knob, ResponsePattern, StepNumber, Amplitude, Velocity
1, 1.000, 2, 0.000, 0.000, 1, Velocity, 0, 2, 2
1, 0.983, 2, 0.017, 16.667, 0.341, Velocity, 0, 0.02299997, 0.682
1, 0.967, 2, 0.033, 33.333, 0.341, Velocity, 0, 0.02299997, 0.682
1, 0.950, 2, 0.050, 50.000, 0.341, Velocity, 0, 0.02299997, 0.682
1, 0.933, 2, 0.067, 66.667, 0.341, Velocity, 0, 0.02299997, 0.682
1, 0.917, 2, 0.083, 83.333, 0.342, Velocity, 0, 0.02600002, 0.684
1, 0.900, 2, 0.100, 100.000, 0.341, Velocity, 0, 0.02299997, 0.682
1, 0.883, 2, 0.117, 116.667, 0.342, Velocity, 0, 0.02600002, 0.684
1, 0.867, 2, 0.133, 133.333, 0.342, Velocity, 0, 0.02600002, 0.684
1, 0.850, 2, 0.150, 150.000, 0.341, Velocity, 0, 0.02299997, 0.682
1, 0.833, 2, 0.167, 166.667, 0.341, Velocity, 0, 0.02299997, 0.682
1, 0.817, 2, 0.183, 183.333, 0.341, Velocity, 0, 0.02299997, 0.682
1, 0.800, 2, 0.200, 200.000, 0.342, Velocity, 0, 0.02600002, 0.684
1, 0.783, 2, 0.217, 216.667, 0.341, Velocity, 0, 0.02299997, 0.682
1, 0.767, 2, 0.233, 233.333, 0.341, Velocity, 0, 0.02299997, 0.682
1, 0.750, 2, 0.250, 250.000, 0.342, Velocity, 0, 0.02600002, 0.684
1, 0.733, 2, 0.267, 266.667, 0.341, Velocity, 0, 0.02299997, 0.682
1, 0.717, 2, 0.283, 283.333, 0.341, Velocity, 0, 0.02299997, 0.682
1, 0.700, 2, 0.300, 300.000, 0.341, Velocity, 0, 0.02299997, 0.682
1, 0.683, 2, 0.317, 316.667, 0.341, Velocity, 0, 0.02299997, 0.682
1, 0.667, 2, 0.333, 333.333, 0.342, Velocity, 0, 0.02600002, 0.684
1, 0.650, 2, 0.350, 350.000, 0.341, Velocity, 0, 0.02299997, 0.682
1, 0.633, 2, 0.367, 366.667, 0.341, Velocity, 0, 0.02299997, 0.682
1, 0.617, 2, 0.383, 383.333, 0.341, Velocity, 0, 0.02299997, 0.682
1, 0.600, 2, 0.400, 400.000, 0.342, Velocity, 0, 0.02600002, 0.684
1, 0.583, 2, 0.417, 416.667, 0.341, Velocity, 0, 0.02299997, 0.682
1, 0.567, 2, 0.433, 433.333, 0.342, Velocity, 0, 0.02600002, 0.684
1, 0.550, 2, 0.450, 450.000, 0.341, Velocity, 0, 0.02299997, 0.682
1, 0.533, 2, 0.467, 466.667, 0.341, Velocity, 0, 0.02299997, 0.682
1, 0.517, 2, 0.483, 483.333, 0.341, Velocity, 0, 0.02299997, 0.682
1, 0.500, 2, 0.500, 500.000, 0.342, Velocity, 0, 0.02600002, 0.684
1, 0.483, 2, 0.517, 516.667, 0.342, Velocity, 0, 0.02600002, 0.684
1, 0.467, 2, 0.533, 533.333, 0.342, Velocity, 0, 0.02600002, 0.684
1, 0.450, 2, 0.550, 550.000, 0.342, Velocity, 0, 0.02600002, 0.684
1, 0.433, 2, 0.567, 566.667, 0.342, Velocity, 0, 0.02600002, 0.684
1, 0.417, 2, 0.583, 583.333, 0.341, Velocity, 0, 0.02299997, 0.682
1, 0.400, 2, 0.600, 600.000, 0.341, Velocity, 0, 0.02299997, 0.682
1, 0.383, 2, 0.617, 616.667, 0.341, Velocity, 0, 0.02299997, 0.682
1, 0.367, 2, 0.633, 633.333, 0.341, Velocity, 0, 0.02299997, 0.682
1, 0.350, 2, 0.650, 650.000, 0.341, Velocity, 0, 0.02299997, 0.682
1, 0.333, 2, 0.667, 666.667, 0.341, Velocity, 0, 0.02299997, 0.682
1, 0.317, 2, 0.683, 683.333, 0.341, Velocity, 0, 0.02299997, 0.682
1, 0.300, 2, 0.700, 700.000, 0.341, Velocity, 0, 0.02299997, 0.682
1, 0.283, 2, 0.717, 716.667, 0.341, Velocity, 0, 0.02299997, 0.682
1, 0.267, 2, 0.733, 733.333, 0.341, Velocity, 0, 0.02299997, 0.682
1, 0.250, 2, 0.750, 750.000, 0.341, Velocity, 0, 0.02299997, 0.682
1, 0.233, 2, 0.767, 766.667, 0.342, Velocity, 0, 0.02600002, 0.684
1, 0.217, 2, 0.783, 783.333, 0.342, Velocity, 0, 0.02600002, 0.684
1, 0.200, 2, 0.800, 800.000, 0.342, Velocity, 0, 0.02600002, 0.684
1, 0.183, 2, 0.817, 816.667, 0.342, Velocity, 0, 0.02600002, 0.684
1, 0.167, 2, 0.833, 833.333, 0.341, Velocity, 0, 0.02299997, 0.682
1, 0.150, 2, 0.850, 850.000, 0.341, Velocity, 0, 0.02299997, 0.682
1, 0.133, 2, 0.867, 866.667, 0.341, Velocity, 0, 0.02299997, 0.682
1, 0.117, 2, 0.883, 883.333, 0.341, Velocity, 0, 0.02299997, 0.682
1, 0.100, 2, 0.900, 900.000, 0.341, Velocity, 0, 0.02299997, 0.682
1, 0.083, 2, 0.917, 916.667, 0.341, Velocity, 0, 0.02299997, 0.682
1, 0.067, 2, 0.933, 933.333, 0.341, Velocity, 0, 0.02299997, 0.682
1, 0.050, 2, 0.950, 950.000, 0.341, Velocity, 0, 0.02299997, 0.682
1, 0.033, 2, 0.967, 966.667, 0.342, Velocity, 0, 0.02600002, 0.684
1, 0.017, 2, 0.983, 983.333, 0.342, Velocity, 0, 0.02600002, 0.684
2, 1.000, 3, 0.000, 1000.000, 0.342, Velocity, 0, 0.02600002, 0.684
2, 0.983, 3, 0.017, 1016.667, 0.341, Velocity, 0, 0.02299997, 0.682
2, 0.967, 3, 0.033, 1033.333, 0.341, Velocity, 0, 0.02299997, 0.682
2, 0.950, 3, 0.050, 1050.000, 0.341, Velocity, 0, 0.02299997, 0.682
2, 0.933, 3, 0.067, 1066.667, 0.341, Velocity, 0, 0.02299997, 0.682
2, 0.917, 3, 0.083, 1083.333, 0.341, Velocity, 0, 0.02299997, 0.682
2, 0.900, 3, 0.100, 1100.000, 0.342, Velocity, 0, 0.02600002, 0.684
2, 0.883, 3, 0.117, 1116.667, 0.342, Velocity, 0, 0.02600002, 0.684
2, 0.867, 3, 0.133, 1133.333, 0.341, Velocity, 0, 0.02299997, 0.682
2, 0.850, 3, 0.150, 1150.000, 0.342, Velocity, 0, 0.02600002, 0.684
2, 0.833, 3, 0.167, 1166.667, 0.341, Velocity, 0, 0.02299997, 0.682
2, 0.817, 3, 0.183, 1183.333, 0.341, Velocity, 0, 0.02299997, 0.682
2, 0.800, 3, 0.200, 1200.000, 0.341, Velocity, 0, 0.02299997, 0.682
2, 0.783, 3, 0.217, 1216.667, 0.341, Velocity, 0, 0.02299997, 0.682
2, 0.767, 3, 0.233, 1233.333, 0.341, Velocity, 0, 0.02299997, 0.682
2, 0.750, 3, 0.250, 1250.000, 0.341, Velocity, 0, 0.02299997, 0.682
2, 0.733, 3, 0.267, 1266.667, 0.341, Velocity, 0, 0.02299997, 0.682
2, 0.717, 3, 0.283, 1283.333, 0.342, Velocity, 0, 0.02600002, 0.684
2, 0.700, 3, 0.300, 1300.000, 0.342, Velocity, 0, 0.02600002, 0.684
2, 0.683, 3, 0.317, 1316.667, 0.341, Velocity, 0, 0.02299997, 0.682
2, 0.667, 3, 0.333, 1333.333, 0.342, Velocity, 0, 0.02600002, 0.684
2, 0.650, 3, 0.350, 1350.000, 0.341, Velocity, 0, 0.02299997, 0.682
2, 0.633, 3, 0.367, 1366.667, 0.342, Velocity, 0, 0.02600002, 0.684
2, 0.617, 3, 0.383, 1383.333, 0.342, Velocity, 0, 0.02600002, 0.684
2, 0.600, 3, 0.400, 1400.000, 0.341, Velocity, 0, 0.02299997, 0.682
2, 0.583, 3, 0.417, 1416.667, 0.341, Velocity, 0, 0.02299997, 0.682
2, 0.567, 3, 0.433, 1433.333, 0.342, Velocity, 0, 0.02600002, 0.684
2, 0.550, 3, 0.450, 1450.000, 0.342, Velocity, 0, 0.02600002, 0.684
2, 0.533, 3, 0.467, 1466.667, 0.341, Velocity, 0, 0.02299997, 0.682
2, 0.517, 3, 0.483, 1483.333, 0.342, Velocity, 0, 0.02600002, 0.684
2, 0.500, 3, 0.500, 1500.000, 0.342, Velocity, 0, 0.02600002, 0.684
2, 0.483, 3, 0.517, 1516.667, 0.341, Velocity, 0, 0.02299997, 0.682
2, 0.467, 3, 0.533, 1533.333, 0.341, Velocity, 0, 0.02299997, 0.682
2, 0.450, 3, 0.550, 1550.000, 0.341, Velocity, 0, 0.02299997, 0.682
2, 0.433, 3, 0.567, 1566.667, 0.341, Velocity, 0, 0.02299997, 0.682
2, 0.417, 3, 0.583, 1583.333, 0.341, Velocity, 0, 0.02299997, 0.682
2, 0.400, 3, 0.600, 1600.000, 0.341, Velocity, 0, 0.02299997, 0.682
2, 0.383, 3, 0.617, 1616.667, 0.341, Velocity, 0, 0.02299997, 0.682
2, 0.367, 3, 0.633, 1633.333, 0.342, Velocity, 0, 0.02600002, 0.684
2, 0.350, 3, 0.650, 1650.000, 0.342, Velocity, 0, 0.02600002, 0.684
2, 0.333, 3, 0.667, 1666.667, 0.342, Velocity, 0, 0.02600002, 0.684
2, 0.317, 3, 0.683, 1683.333, 0.342, Velocity, 0, 0.02600002, 0.684
2, 0.300, 3, 0.700, 1700.000, 0.342, Velocity, 0, 0.02600002, 0.684
2, 0.283, 3, 0.717, 1716.667, 0.342, Velocity, 0, 0.02600002, 0.684
2, 0.267, 3, 0.733, 1733.333, 0.342, Velocity, 0, 0.02600002, 0.684
2, 0.250, 3, 0.750, 1750.000, 0.342, Velocity, 0, 0.02600002, 0.684
2, 0.233, 3, 0.767, 1766.667, 0.342, Velocity, 0, 0.02600002, 0.684
2, 0.217, 3, 0.783, 1783.333, 0.342, Velocity, 0, 0.02600002, 0.684
2, 0.200, 3, 0.800, 1800.000, 0.341, Velocity, 0, 0.02299997, 0.682
2, 0.183, 3, 0.817, 1816.667, 0.341, Velocity, 0, 0.02299997, 0.682
2, 0.167, 3, 0.833, 1833.333, 0.342, Velocity, 0, 0.02600002, 0.684
2, 0.150, 3, 0.850, 1850.000, 0.341, Velocity, 0, 0.02299997, 0.682
2, 0.133, 3, 0.867, 1866.667, 0.342, Velocity, 0, 0.02600002, 0.684
2, 0.117, 3, 0.883, 1883.333, 0.342, Velocity, 0, 0.02600002, 0.684
2, 0.100, 3, 0.900, 1900.000, 0.341, Velocity, 0, 0.02299997, 0.682
2, 0.083, 3, 0.917, 1916.667, 0.341, Velocity, 0, 0.02299997, 0.682
2, 0.067, 3, 0.933, 1933.333, 0.341, Velocity, 0, 0.02299997, 0.682
2, 0.050, 3, 0.950, 1950.000, 0.341, Velocity, 0, 0.02299997, 0.682
2, 0.033, 3, 0.967, 1966.667, 0.341, Velocity, 0, 0.02299997, 0.682
2, 0.017, 3, 0.983, 1983.333, 0.341, Velocity, 0, 0.02299997, 0.682
3, 1.000, 4, 0.000, 2000.000, 0.341, Velocity, 0, 0.02299997, 0.682
3, 0.983, 4, 0.017, 2016.667, 0.341, Velocity, 0, 0.02299997, 0.682
3, 0.967, 4, 0.033, 2033.333, 0.341, Velocity, 0, 0.02299997, 0.682
3, 0.950, 4, 0.050, 2050.000, 0.342, Velocity, 0, 0.02600002, 0.684
3, 0.933, 4, 0.067, 2066.667, 0.342, Velocity, 0, 0.02600002, 0.684
3, 0.917, 4, 0.083, 2083.333, 0.341, Velocity, 0, 0.02299997, 0.682
3, 0.900, 4, 0.100, 2100.000, 0.341, Velocity, 0, 0.02299997, 0.682
3, 0.883, 4, 0.117, 2116.667, 0.341, Velocity, 0, 0.02299997, 0.682
3, 0.867, 4, 0.133, 2133.333, 0.341, Velocity, 0, 0.02299997, 0.682
3, 0.850, 4, 0.150, 2150.000, 0.341, Velocity, 0, 0.02299997, 0.682
3, 0.833, 4, 0.167, 2166.667, 0.341, Velocity, 0, 0.02299997, 0.682
3, 0.817, 4, 0.183, 2183.333, 0.342, Velocity, 0, 0.02600002, 0.684
3, 0.800, 4, 0.200, 2200.000, 0.341, Velocity, 0, 0.02299997, 0.682
3, 0.783, 4, 0.217, 2216.667, 0.341, Velocity, 0, 0.02299997, 0.682
3, 0.767, 4, 0.233, 2233.333, 0.342, Velocity, 0, 0.02600002, 0.684
3, 0.750, 4, 0.250, 2250.000, 0.341, Velocity, 0, 0.02299997, 0.682
3, 0.733, 4, 0.267, 2266.667, 0.341, Velocity, 0, 0.02299997, 0.682
3, 0.717, 4, 0.283, 2283.333, 0.341, Velocity, 0, 0.02299997, 0.682
3, 0.700, 4, 0.300, 2300.000, 0.342, Velocity, 0, 0.02600002, 0.684
3, 0.683, 4, 0.317, 2316.667, 0.342, Velocity, 0, 0.02600002, 0.684
3, 0.667, 4, 0.333, 2333.333, 0.341, Velocity, 0, 0.02299997, 0.682
3, 0.650, 4, 0.350, 2350.000, 0.341, Velocity, 0, 0.02299997, 0.682
3, 0.633, 4, 0.367, 2366.667, 0.341, Velocity, 0, 0.02299997, 0.682
3, 0.617, 4, 0.383, 2383.333, 0.341, Velocity, 0, 0.02299997, 0.682
3, 0.600, 4, 0.400, 2400.000, 0.341, Velocity, 0, 0.02299997, 0.682
3, 0.583, 4, 0.417, 2416.667, 0.341, Velocity, 0, 0.02299997, 0.682
3, 0.567, 4, 0.433, 2433.333, 0.341, Velocity, 0, 0.02299997, 0.682
3, 0.550, 4, 0.450, 2450.000, 0.341, Velocity, 0, 0.02299997, 0.682
3, 0.533, 4, 0.467, 2466.667, 0.341, Velocity, 0, 0.02299997, 0.682
3, 0.517, 4, 0.483, 2483.333, 0.341, Velocity, 0, 0.02299997, 0.682
3, 0.500, 4, 0.500, 2500.000, 0.342, Velocity, 0, 0.02600002, 0.684
3, 0.483, 4, 0.517, 2516.667, 0.341, Velocity, 0, 0.02299997, 0.682
3, 0.467, 4, 0.533, 2533.333, 0.341, Velocity, 0, 0.02299997, 0.682
3, 0.450, 4, 0.550, 2550.000, 0.341, Velocity, 0, 0.02299997, 0.682
3, 0.433, 4, 0.567, 2566.667, 0.342, Velocity, 0, 0.02600002, 0.684
3, 0.417, 4, 0.583, 2583.333, 0.342, Velocity, 0, 0.02600002, 0.684
3, 0.400, 4, 0.600, 2600.000, 0.341, Velocity, 0, 0.02299997, 0.682
3, 0.383, 4, 0.617, 2616.667, 0.341, Velocity, 0, 0.02299997, 0.682
3, 0.367, 4, 0.633, 2633.333, 0.341, Velocity, 0, 0.02299997, 0.682
3, 0.350, 4, 0.650, 2650.000, 0.341, Velocity, 0, 0.02299997, 0.682
3, 0.333, 4, 0.667, 2666.667, 0.341, Velocity, 0, 0.02299997, 0.682
3, 0.317, 4, 0.683, 2683.333, 0.341, Velocity, 0, 0.02299997, 0.682
3, 0.300, 4, 0.700, 2700.000, 0.341, Velocity, 0, 0.02299997, 0.682
3, 0.283, 4, 0.717, 2716.667, 0.341, Velocity, 0, 0.02299997, 0.682
3, 0.267, 4, 0.733, 2733.333, 0.341, Velocity, 0, 0.02299997, 0.682
3, 0.250, 4, 0.750, 2750.000, 0.341, Velocity, 0, 0.02299997, 0.682
3, 0.233, 4, 0.767, 2766.667, 0.341, Velocity, 0, 0.02299997, 0.682
3, 0.217, 4, 0.783, 2783.333, 0.341, Velocity, 0, 0.02299997, 0.682
3, 0.200, 4, 0.800, 2800.000, 0.341, Velocity, 0, 0.02299997, 0.682
3, 0.183, 4, 0.817, 2816.667, 0.342, Velocity, 0, 0.02600002, 0.684
3, 0.167, 4, 0.833, 2833.333, 0.342, Velocity, 0, 0.02600002, 0.684
3, 0.150, 4, 0.850, 2850.000, 0.341, Velocity, 0, 0.02299997, 0.682
3, 0.133, 4, 0.867, 2866.667, 0.342, Velocity, 0, 0.02600002, 0.684
3, 0.117, 4, 0.883, 2883.333, 0.341, Velocity, 0, 0.02299997, 0.682
3, 0.100, 4, 0.900, 2900.000, 0.342, Velocity, 0, 0.02600002, 0.684
3, 0.083, 4, 0.917, 2916.667, 0.342, Velocity, 0, 0.02600002, 0.684
3, 0.067, 4, 0.933, 2933.333, 0.341, Velocity, 0, 0.02299997, 0.682
3, 0.050, 4, 0.950, 2950.000, 0.341, Velocity, 0, 0.02299997, 0.682
3, 0.033, 4, 0.967, 2966.667, 0.341, Velocity, 0, 0.02299997, 0.682
3, 0.017, 4, 0.983, 2983.333, 0.341, Velocity, 0, 0.02299997, 0.682
4, 1.000, 5, 0.000, 3000.000, 0.341, Velocity, 0, 0.02299997, 0.682
4, 0.983, 5, 0.017, 3016.667, 0.342, Velocity, 0, 0.02600002, 0.684
4, 0.967, 5, 0.033, 3033.333, 0.341, Velocity, 0, 0.02299997, 0.682
4, 0.950, 5, 0.050, 3050.000, 0.341, Velocity, 0, 0.02299997, 0.682
4, 0.933, 5, 0.067, 3066.667, 0.342, Velocity, 0, 0.02600002, 0.684
4, 0.917, 5, 0.083, 3083.333, 0.341, Velocity, 0, 0.02299997, 0.682
4, 0.900, 5, 0.100, 3100.000, 0.342, Velocity, 0, 0.02600002, 0.684
4, 0.883, 5, 0.117, 3116.667, 0.342, Velocity, 0, 0.02600002, 0.684
4, 0.867, 5, 0.133, 3133.333, 0.341, Velocity, 0, 0.02299997, 0.682
4, 0.850, 5, 0.150, 3150.000, 0.341, Velocity, 0, 0.02299997, 0.682
4, 0.833, 5, 0.167, 3166.667, 0.341, Velocity, 0, 0.02299997, 0.682
4, 0.817, 5, 0.183, 3183.333, 0.341, Velocity, 0, 0.02299997, 0.682
4, 0.800, 5, 0.200, 3200.000, 0.341, Velocity, 0, 0.02299997, 0.682
4, 0.783, 5, 0.217, 3216.667, 0.341, Velocity, 0, 0.02299997, 0.682
4, 0.767, 5, 0.233, 3233.333, 0.341, Velocity, 0, 0.02299997, 0.682
4, 0.750, 5, 0.250, 3250.000, 0.341, Velocity, 0, 0.02299997, 0.682
4, 0.733, 5, 0.267, 3266.667, 0.341, Velocity, 0, 0.02299997, 0.682
4, 0.717, 5, 0.283, 3283.333, 0.342, Velocity, 0, 0.02600002, 0.684
4, 0.700, 5, 0.300, 3300.000, 0.342, Velocity, 0, 0.02600002, 0.684
4, 0.683, 5, 0.317, 3316.667, 0.342, Velocity, 0, 0.02600002, 0.684
4, 0.667, 5, 0.333, 3333.333, 0.341, Velocity, 0, 0.02299997, 0.682
4, 0.650, 5, 0.350, 3350.000, 0.341, Velocity, 0, 0.02299997, 0.682
4, 0.633, 5, 0.367, 3366.667, 0.341, Velocity, 0, 0.02299997, 0.682
4, 0.617, 5, 0.383, 3383.333, 0.342, Velocity, 0, 0.02600002, 0.684
4, 0.600, 5, 0.400, 3400.000, 0.341, Velocity, 0, 0.02299997, 0.682
4, 0.583, 5, 0.417, 3416.667, 0.341, Velocity, 0, 0.02299997, 0.682
4, 0.567, 5, 0.433, 3433.333, 0.342, Velocity, 0, 0.02600002, 0.684
4, 0.550, 5, 0.450, 3450.000, 0.342, Velocity, 0, 0.02600002, 0.684
4, 0.533, 5, 0.467, 3466.667, 0.341, Velocity, 0, 0.02299997, 0.682
4, 0.517, 5, 0.483, 3483.333, 0.341, Velocity, 0, 0.02299997, 0.682
4, 0.500, 5, 0.500, 3500.000, 0.341, Velocity, 0, 0.02299997, 0.682
4, 0.483, 5, 0.517, 3516.667, 0.341, Velocity, 0, 0.02299997, 0.682
4, 0.467, 5, 0.533, 3533.333, 0.341, Velocity, 0, 0.02299997, 0.682
4, 0.450, 5, 0.550, 3550.000, 0.341, Velocity, 0, 0.02299997, 0.682
4, 0.433, 5, 0.567, 3566.667, 0.341, Velocity, 0, 0.02299997, 0.682
4, 0.417, 5, 0.583, 3583.333, 0.341, Velocity, 0, 0.02299997, 0.682
4, 0.400, 5, 0.600, 3600.000, 0.341, Velocity, 0, 0.02299997, 0.682
4, 0.383, 5, 0.617, 3616.667, 0.341, Velocity, 0, 0.02299997, 0.682
4, 0.367, 5, 0.633, 3633.333, 0.341, Velocity, 0, 0.02299997, 0.682
4, 0.350, 5, 0.650, 3650.000, 0.341, Velocity, 0, 0.02299997, 0.682
4, 0.333, 5, 0.667, 3666.667, 0.342, Velocity, 0, 0.02600002, 0.684
4, 0.317, 5, 0.683, 3683.334, 0.341, Velocity, 0, 0.02299997, 0.682
4, 0.300, 5, 0.700, 3700.000, 0.342, Velocity, 0, 0.02600002, 0.684
4, 0.283, 5, 0.717, 3716.667, 0.341, Velocity, 0, 0.02299997, 0.682
4, 0.267, 5, 0.733, 3733.333, 0.341, Velocity, 0, 0.02299997, 0.682
4, 0.250, 5, 0.750, 3750.000, 0.341, Velocity, 0, 0.02299997, 0.682
4, 0.233, 5, 0.767, 3766.667, 0.342, Velocity, 0, 0.02600002, 0.684
4, 0.217, 5, 0.783, 3783.333, 0.342, Velocity, 0, 0.02600002, 0.684
4, 0.200, 5, 0.800, 3800.000, 0.341, Velocity, 0, 0.02299997, 0.682
4, 0.183, 5, 0.817, 3816.667, 0.341, Velocity, 0, 0.02299997, 0.682
4, 0.167, 5, 0.833, 3833.333, 0.341, Velocity, 0, 0.02299997, 0.682
4, 0.150, 5, 0.850, 3850.000, 0.342, Velocity, 0, 0.02600002, 0.684
4, 0.133, 5, 0.867, 3866.667, 0.342, Velocity, 0, 0.02600002, 0.684
4, 0.117, 5, 0.883, 3883.333, 0.342, Velocity, 0, 0.02600002, 0.684
4, 0.100, 5, 0.900, 3900.000, 0.342, Velocity, 0, 0.02600002, 0.684
4, 0.083, 5, 0.917, 3916.667, 0.342, Velocity, 0, 0.02600002, 0.684
4, 0.067, 5, 0.933, 3933.334, 0.341, Velocity, 0, 0.02299997, 0.682
4, 0.050, 5, 0.950, 3950.000, 0.341, Velocity, 0, 0.02299997, 0.682
4, 0.033, 5, 0.967, 3966.667, 0.342, Velocity, 0, 0.02600002, 0.684
4, 0.017, 5, 0.983, 3983.333, 0.342, Velocity, 0, 0.02600002, 0.684
5, 1.000, 6, 0.000, 4000.000, 0.342, Velocity, 0, 0.02600002, 0.684
5, 0.983, 6, 0.017, 4016.667, 0.342, Velocity, 0, 0.02600002, 0.684
5, 0.967, 6, 0.033, 4033.334, 0.342, Velocity, 0, 0.02600002, 0.684
5, 0.950, 6, 0.050, 4050.000, 0.342, Velocity, 0, 0.02600002, 0.684
5, 0.933, 6, 0.067, 4066.667, 0.342, Velocity, 0, 0.02600002, 0.684
5, 0.917, 6, 0.083, 4083.333, 0.342, Velocity, 0, 0.02600002, 0.684
5, 0.900, 6, 0.100, 4100.000, 0.342, Velocity, 0, 0.02600002, 0.684
5, 0.883, 6, 0.117, 4116.667, 0.341, Velocity, 0, 0.02299997, 0.682
5, 0.867, 6, 0.133, 4133.333, 0.341, Velocity, 0, 0.02299997, 0.682
5, 0.850, 6, 0.150, 4150.000, 0.341, Velocity, 0, 0.02299997, 0.682
5, 0.833, 6, 0.167, 4166.667, 0.341, Velocity, 0, 0.02299997, 0.682
5, 0.817, 6, 0.183, 4183.333, 0.341, Velocity, 0, 0.02299997, 0.682
5, 0.800, 6, 0.200, 4200.000, 0.341, Velocity, 0, 0.02299997, 0.682
5, 0.783, 6, 0.217, 4216.667, 0.341, Velocity, 0, 0.02299997, 0.682
5, 0.767, 6, 0.233, 4233.333, 0.341, Velocity, 0, 0.02299997, 0.682
5, 0.750, 6, 0.250, 4250.000, 0.342, Velocity, 0, 0.02600002, 0.684
5, 0.733, 6, 0.267, 4266.667, 0.342, Velocity, 0, 0.02600002, 0.684
5, 0.717, 6, 0.283, 4283.334, 0.342, Velocity, 0, 0.02600002, 0.684
5, 0.700, 6, 0.300, 4300.000, 0.342, Velocity, 0, 0.02600002, 0.684
5, 0.683, 6, 0.317, 4316.667, 0.342, Velocity, 0, 0.02600002, 0.684
5, 0.667, 6, 0.333, 4333.333, 0.342, Velocity, 0, 0.02600002, 0.684
5, 0.650, 6, 0.350, 4350.000, 0.341, Velocity, 0, 0.02299997, 0.682
5, 0.633, 6, 0.367, 4366.667, 0.342, Velocity, 0, 0.02600002, 0.684
5, 0.617, 6, 0.383, 4383.333, 0.342, Velocity, 0, 0.02600002, 0.684
5, 0.600, 6, 0.400, 4400.000, 0.342, Velocity, 0, 0.02600002, 0.684
5, 0.583, 6, 0.417, 4416.667, 0.342, Velocity, 0, 0.02600002, 0.684
5, 0.567, 6, 0.433, 4433.333, 0.342, Velocity, 0, 0.02600002, 0.684
5, 0.550, 6, 0.450, 4450.000, 0.342, Velocity, 0, 0.02600002, 0.684
5, 0.533, 6, 0.467, 4466.667, 0.341, Velocity, 0, 0.02299997, 0.682
5, 0.517, 6, 0.483, 4483.333, 0.341, Velocity, 0, 0.02299997, 0.682
5, 0.500, 6, 0.500, 4500.000, 0.341, Velocity, 0, 0.02299997, 0.682
5, 0.483, 6, 0.517, 4516.667, 0.342, Velocity, 0, 0.02600002, 0.684
5, 0.467, 6, 0.533, 4533.334, 0.342, Velocity, 0, 0.02600002, 0.684
5, 0.450, 6, 0.550, 4550.000, 0.342, Velocity, 0, 0.02600002, 0.684
5, 0.433, 6, 0.567, 4566.667, 0.341, Velocity, 0, 0.02299997, 0.682
5, 0.417, 6, 0.583, 4583.333, 0.341, Velocity, 0, 0.02299997, 0.682
5, 0.400, 6, 0.600, 4600.000, 0.342, Velocity, 0, 0.02600002, 0.684
5, 0.383, 6, 0.617, 4616.667, 0.342, Velocity, 0, 0.02600002, 0.684
5, 0.367, 6, 0.633, 4633.333, 0.341, Velocity, 0, 0.02299997, 0.682
5, 0.350, 6, 0.650, 4650.000, 0.341, Velocity, 0, 0.02299997, 0.682
5, 0.333, 6, 0.667, 4666.667, 0.341, Velocity, 0, 0.02299997, 0.682
5, 0.317, 6, 0.683, 4683.333, 0.341, Velocity, 0, 0.02299997, 0.682
5, 0.300, 6, 0.700, 4700.000, 0.341, Velocity, 0, 0.02299997, 0.682
5, 0.283, 6, 0.717, 4716.667, 0.341, Velocity, 0, 0.02299997, 0.682
5, 0.267, 6, 0.733, 4733.333, 0.341, Velocity, 0, 0.02299997, 0.682
5, 0.250, 6, 0.750, 4750.000, 0.342, Velocity, 0, 0.02600002, 0.684
5, 0.233, 6, 0.767, 4766.667, 0.342, Velocity, 0, 0.02600002, 0.684
5, 0.217, 6, 0.783, 4783.334, 0.342, Velocity, 0, 0.02600002, 0.684
5, 0.200, 6, 0.800, 4800.000, 0.341, Velocity, 0, 0.02299997, 0.682
5, 0.183, 6, 0.817, 4816.667, 0.341, Velocity, 0, 0.02299997, 0.682
5, 0.167, 6, 0.833, 4833.333, 0.341, Velocity, 0, 0.02299997, 0.682
5, 0.150, 6, 0.850, 4850.000, 0.341, Velocity, 0, 0.02299997, 0.682
5, 0.133, 6, 0.867, 4866.667, 0.341, Velocity, 0, 0.02299997, 0.682
5, 0.117, 6, 0.883, 4883.333, 0.341, Velocity, 0, 0.02299997, 0.682
5, 0.100, 6, 0.900, 4900.000, 0.341, Velocity, 0, 0.02299997, 0.682
5, 0.083, 6, 0.917, 4916.667, 0.342, Velocity, 0, 0.02600002, 0.684
5, 0.067, 6, 0.933, 4933.333, 0.341, Velocity, 0, 0.02299997, 0.682
5, 0.050, 6, 0.950, 4950.000, 0.341, Velocity, 0, 0.02299997, 0.682
5, 0.033, 6, 0.967, 4966.667, 0.341, Velocity, 0, 0.02299997, 0.682
5, 0.017, 6, 0.983, 4983.333, 0.341, Velocity, 0, 0.02299997, 0.682
6, 1.000, 7, 0.000, 5000.000, 0.341, Velocity, 0, 0.02299997, 0.682
6, 0.983, 7, 0.017, 5016.667, 0.341, Velocity, 0, 0.02299997, 0.682
6, 0.967, 7, 0.033, 5033.334, 0.342, Velocity, 0, 0.02600002, 0.684
6, 0.950, 7, 0.050, 5050.000, 0.341, Velocity, 0, 0.02299997, 0.682
6, 0.933, 7, 0.067, 5066.667, 0.341, Velocity, 0, 0.02299997, 0.682
6, 0.917, 7, 0.083, 5083.333, 0.341, Velocity, 0, 0.02299997, 0.682
6, 0.900, 7, 0.100, 5100.000, 0.341, Velocity, 0, 0.02299997, 0.682
6, 0.883, 7, 0.117, 5116.667, 0.341, Velocity, 0, 0.02299997, 0.682
6, 0.867, 7, 0.133, 5133.333, 0.341, Velocity, 0, 0.02299997, 0.682
6, 0.850, 7, 0.150, 5150.000, 0.342, Velocity, 0, 0.02600002, 0.684
6, 0.833, 7, 0.167, 5166.667, 0.342, Velocity, 0, 0.02600002, 0.684
6, 0.817, 7, 0.183, 5183.333, 0.342, Velocity, 0, 0.02600002, 0.684
6, 0.800, 7, 0.200, 5200.000, 0.342, Velocity, 0, 0.02600002, 0.684
6, 0.783, 7, 0.217, 5216.667, 0.342, Velocity, 0, 0.02600002, 0.684
6, 0.767, 7, 0.233, 5233.333, 0.342, Velocity, 0, 0.02600002, 0.684
6, 0.750, 7, 0.250, 5250.000, 0.341, Velocity, 0, 0.02299997, 0.682
6, 0.733, 7, 0.267, 5266.667, 0.341, Velocity, 0, 0.02299997, 0.682
6, 0.717, 7, 0.283, 5283.334, 0.341, Velocity, 0, 0.02299997, 0.682
6, 0.700, 7, 0.300, 5300.000, 0.342, Velocity, 0, 0.02600002, 0.684
6, 0.683, 7, 0.317, 5316.667, 0.341, Velocity, 0, 0.02299997, 0.682
6, 0.667, 7, 0.333, 5333.333, 0.342, Velocity, 0, 0.02600002, 0.684
6, 0.650, 7, 0.350, 5350.000, 0.342, Velocity, 0, 0.02600002, 0.684
6, 0.633, 7, 0.367, 5366.667, 0.342, Velocity, 0, 0.02600002, 0.684
6, 0.617, 7, 0.383, 5383.333, 0.342, Velocity, 0, 0.02600002, 0.684
6, 0.600, 7, 0.400, 5400.000, 0.341, Velocity, 0, 0.02299997, 0.682
6, 0.583, 7, 0.417, 5416.667, 0.341, Velocity, 0, 0.02299997, 0.682
6, 0.567, 7, 0.433, 5433.333, 0.341, Velocity, 0, 0.02299997, 0.682
6, 0.550, 7, 0.450, 5450.000, 0.342, Velocity, 0, 0.02600002, 0.684
6, 0.533, 7, 0.467, 5466.667, 0.341, Velocity, 0, 0.02299997, 0.682
6, 0.517, 7, 0.483, 5483.333, 0.342, Velocity, 0, 0.02600002, 0.684
6, 0.500, 7, 0.500, 5500.000, 0.342, Velocity, 0, 0.02600002, 0.684
6, 0.483, 7, 0.517, 5516.667, 0.341, Velocity, 0, 0.02299997, 0.682
6, 0.467, 7, 0.533, 5533.334, 0.341, Velocity, 0, 0.02299997, 0.682
6, 0.450, 7, 0.550, 5550.000, 0.341, Velocity, 0, 0.02299997, 0.682
6, 0.433, 7, 0.567, 5566.667, 0.342, Velocity, 0, 0.02600002, 0.684
6, 0.417, 7, 0.583, 5583.333, 0.341, Velocity, 0, 0.02299997, 0.682
6, 0.400, 7, 0.600, 5600.000, 0.342, Velocity, 0, 0.02600002, 0.684
6, 0.383, 7, 0.617, 5616.667, 0.341, Velocity, 0, 0.02299997, 0.682
6, 0.367, 7, 0.633, 5633.333, 0.341, Velocity, 0, 0.02299997, 0.682
6, 0.350, 7, 0.650, 5650.000, 0.341, Velocity, 0, 0.02299997, 0.682
6, 0.333, 7, 0.667, 5666.667, 0.341, Velocity, 0, 0.02299997, 0.682
6, 0.317, 7, 0.683, 5683.333, 0.341, Velocity, 0, 0.02299997, 0.682
6, 0.300, 7, 0.700, 5700.000, 0.341, Velocity, 0, 0.02299997, 0.682
6, 0.283, 7, 0.717, 5716.667, 0.341, Velocity, 0, 0.02299997, 0.682
6, 0.267, 7, 0.733, 5733.333, 0.341, Velocity, 0, 0.02299997, 0.682
6, 0.250, 7, 0.750, 5750.000, 0.342, Velocity, 0, 0.02600002, 0.684
6, 0.233, 7, 0.767, 5766.667, 0.342, Velocity, 0, 0.02600002, 0.684
6, 0.217, 7, 0.783, 5783.334, 0.342, Velocity, 0, 0.02600002, 0.684
6, 0.200, 7, 0.800, 5800.000, 0.342, Velocity, 0, 0.02600002, 0.684
6, 0.183, 7, 0.817, 5816.667, 0.341, Velocity, 0, 0.02299997, 0.682
6, 0.167, 7, 0.833, 5833.333, 0.341, Velocity, 0, 0.02299997, 0.682
6, 0.150, 7, 0.850, 5850.000, 0.341, Velocity, 0, 0.02299997, 0.682
6, 0.133, 7, 0.867, 5866.667, 0.342, Velocity, 0, 0.02600002, 0.684
6, 0.117, 7, 0.883, 5883.333, 0.342, Velocity, 0, 0.02600002, 0.684
6, 0.100, 7, 0.900, 5900.000, 0.341, Velocity, 0, 0.02299997, 0.682
6, 0.083, 7, 0.917, 5916.667, 0.341, Velocity, 0, 0.02299997, 0.682
6, 0.067, 7, 0.933, 5933.334, 0.341, Velocity, 0, 0.02299997, 0.682
6, 0.050, 7, 0.950, 5950.000, 0.341, Velocity, 0, 0.02299997, 0.682
6, 0.033, 7, 0.967, 5966.667, 0.341, Velocity, 0, 0.02299997, 0.682
6, 0.017, 7, 0.983, 5983.333, 0.341, Velocity, 0, 0.02299997, 0.682
7, 1.000, 8, 0.000, 6000.000, 0.342, Velocity, 0, 0.02600002, 0.684
7, 0.983, 8, 0.017, 6016.667, 0.342, Velocity, 0, 0.02600002, 0.684
7, 0.967, 8, 0.033, 6033.334, 0.341, Velocity, 0, 0.02299997, 0.682
7, 0.950, 8, 0.050, 6050.000, 0.341, Velocity, 0, 0.02299997, 0.682
7, 0.933, 8, 0.067, 6066.667, 0.342, Velocity, 0, 0.02600002, 0.684
7, 0.917, 8, 0.083, 6083.333, 0.342, Velocity, 0, 0.02600002, 0.684
7, 0.900, 8, 0.100, 6100.000, 0.342, Velocity, 0, 0.02600002, 0.684
7, 0.883, 8, 0.117, 6116.667, 0.341, Velocity, 0, 0.02299997, 0.682
7, 0.867, 8, 0.133, 6133.333, 0.341, Velocity, 0, 0.02299997, 0.682
7, 0.850, 8, 0.150, 6150.000, 0.341, Velocity, 0, 0.02299997, 0.682
7, 0.833, 8, 0.167, 6166.667, 0.341, Velocity, 0, 0.02299997, 0.682
7, 0.817, 8, 0.183, 6183.334, 0.341, Velocity, 0, 0.02299997, 0.682
7, 0.800, 8, 0.200, 6200.000, 0.341, Velocity, 0, 0.02299997, 0.682
7, 0.783, 8, 0.217, 6216.667, 0.341, Velocity, 0, 0.02299997, 0.682
7, 0.767, 8, 0.233, 6233.333, 0.342, Velocity, 0, 0.02600002, 0.684
7, 0.750, 8, 0.250, 6250.000, 0.341, Velocity, 0, 0.02299997, 0.682
7, 0.733, 8, 0.267, 6266.667, 0.341, Velocity, 0, 0.02299997, 0.682
7, 0.717, 8, 0.283, 6283.334, 0.341, Velocity, 0, 0.02299997, 0.682
7, 0.700, 8, 0.300, 6300.000, 0.341, Velocity, 0, 0.02299997, 0.682
7, 0.683, 8, 0.317, 6316.667, 0.341, Velocity, 0, 0.02299997, 0.682
7, 0.667, 8, 0.333, 6333.333, 0.341, Velocity, 0, 0.02299997, 0.682
7, 0.650, 8, 0.350, 6350.000, 0.341, Velocity, 0, 0.02299997, 0.682
7, 0.633, 8, 0.367, 6366.667, 0.341, Velocity, 0, 0.02299997, 0.682
7, 0.617, 8, 0.383, 6383.333, 0.342, Velocity, 0, 0.02600002, 0.684
7, 0.600, 8, 0.400, 6400.000, 0.341, Velocity, 0, 0.02299997, 0.682
7, 0.583, 8, 0.417, 6416.667, 0.342, Velocity, 0, 0.02600002, 0.684
7, 0.567, 8, 0.433, 6433.334, 0.341, Velocity, 0, 0.02299997, 0.682
7, 0.550, 8, 0.450, 6450.000, 0.342, Velocity, 0, 0.02600002, 0.684
7, 0.533, 8, 0.467, 6466.667, 0.341, Velocity, 0, 0.02299997, 0.682
7, 0.517, 8, 0.483, 6483.333, 0.342, Velocity, 0, 0.02600002, 0.684
7, 0.500, 8, 0.500, 6500.000, 0.342, Velocity, 0, 0.02600002, 0.684
7, 0.483, 8, 0.517, 6516.667, 0.341, Velocity, 0, 0.02299997, 0.682
7, 0.467, 8, 0.533, 6533.334, 0.341, Velocity, 0, 0.02299997, 0.682
7, 0.450, 8, 0.550, 6550.000, 0.341, Velocity, 0, 0.02299997, 0.682
7, 0.433, 8, 0.567, 6566.667, 0.341, Velocity, 0, 0.02299997, 0.682
7, 0.417, 8, 0.583, 6583.333, 0.342, Velocity, 0, 0.02600002, 0.684
7, 0.400, 8, 0.600, 6600.000, 0.342, Velocity, 0, 0.02600002, 0.684
7, 0.383, 8, 0.617, 6616.667, 0.341, Velocity, 0, 0.02299997, 0.682
7, 0.367, 8, 0.633, 6633.333, 0.341, Velocity, 0, 0.02299997, 0.682
7, 0.350, 8, 0.650, 6650.000, 0.342, Velocity, 0, 0.02600002, 0.684
7, 0.333, 8, 0.667, 6666.667, 0.341, Velocity, 0, 0.02299997, 0.682
7, 0.317, 8, 0.683, 6683.334, 0.341, Velocity, 0, 0.02299997, 0.682
7, 0.300, 8, 0.700, 6700.000, 0.342, Velocity, 0, 0.02600002, 0.684
7, 0.283, 8, 0.717, 6716.667, 0.341, Velocity, 0, 0.02299997, 0.682
7, 0.267, 8, 0.733, 6733.333, 0.341, Velocity, 0, 0.02299997, 0.682
7, 0.250, 8, 0.750, 6750.000, 0.341, Velocity, 0, 0.02299997, 0.682
7, 0.233, 8, 0.767, 6766.667, 0.341, Velocity, 0, 0.02299997, 0.682
7, 0.217, 8, 0.783, 6783.334, 0.341, Velocity, 0, 0.02299997, 0.682
7, 0.200, 8, 0.800, 6800.000, 0.341, Velocity, 0, 0.02299997, 0.682
7, 0.183, 8, 0.817, 6816.667, 0.342, Velocity, 0, 0.02600002, 0.684
7, 0.167, 8, 0.833, 6833.333, 0.342, Velocity, 0, 0.02600002, 0.684
7, 0.150, 8, 0.850, 6850.000, 0.342, Velocity, 0, 0.02600002, 0.684
7, 0.133, 8, 0.867, 6866.667, 0.342, Velocity, 0, 0.02600002, 0.684
7, 0.117, 8, 0.883, 6883.333, 0.341, Velocity, 0, 0.02299997, 0.682
7, 0.100, 8, 0.900, 6900.000, 0.341, Velocity, 0, 0.02299997, 0.682
7, 0.083, 8, 0.917, 6916.667, 0.341, Velocity, 0, 0.02299997, 0.682
7, 0.067, 8, 0.933, 6933.334, 0.341, Velocity, 0, 0.02299997, 0.682
7, 0.050, 8, 0.950, 6950.000, 0.341, Velocity, 0, 0.02299997, 0.682
7, 0.033, 8, 0.967, 6966.667, 0.341, Velocity, 0, 0.02299997, 0.682
7, 0.017, 8, 0.983, 6983.333, 0.342, Velocity, 0, 0.02600002, 0.684
8, 1.000, 9, 0.000, 7000.000, 0.341, Velocity, 0, 0.02299997, 0.682
8, 0.983, 9, 0.017, 7016.667, 0.341, Velocity, 0, 0.02299997, 0.682
8, 0.967, 9, 0.033, 7033.334, 0.342, Velocity, 0, 0.02600002, 0.684
8, 0.950, 9, 0.050, 7050.000, 0.341, Velocity, 0, 0.02299997, 0.682
8, 0.933, 9, 0.067, 7066.667, 0.341, Velocity, 0, 0.02299997, 0.682
8, 0.917, 9, 0.083, 7083.333, 0.341, Velocity, 0, 0.02299997, 0.682
8, 0.900, 9, 0.100, 7100.000, 0.342, Velocity, 0, 0.02600002, 0.684
8, 0.883, 9, 0.117, 7116.667, 0.342, Velocity, 0, 0.02600002, 0.684
8, 0.867, 9, 0.133, 7133.333, 0.342, Velocity, 0, 0.02600002, 0.684
8, 0.850, 9, 0.150, 7150.000, 0.341, Velocity, 0, 0.02299997, 0.682
8, 0.833, 9, 0.167, 7166.667, 0.342, Velocity, 0, 0.02600002, 0.684
8, 0.817, 9, 0.183, 7183.334, 0.342, Velocity, 0, 0.02600002, 0.684
8, 0.800, 9, 0.200, 7200.000, 0.342, Velocity, 0, 0.02600002, 0.684
8, 0.783, 9, 0.217, 7216.667, 0.341, Velocity, 0, 0.02299997, 0.682
8, 0.767, 9, 0.233, 7233.333, 0.342, Velocity, 0, 0.02600002, 0.684
8, 0.750, 9, 0.250, 7250.000, 0.342, Velocity, 0, 0.02600002, 0.684
8, 0.733, 9, 0.267, 7266.667, 0.342, Velocity, 0, 0.02600002, 0.684
8, 0.717, 9, 0.283, 7283.334, 0.342, Velocity, 0, 0.02600002, 0.684
8, 0.700, 9, 0.300, 7300.000, 0.341, Velocity, 0, 0.02299997, 0.682
8, 0.683, 9, 0.317, 7316.667, 0.341, Velocity, 0, 0.02299997, 0.682
8, 0.667, 9, 0.333, 7333.333, 0.342, Velocity, 0, 0.02600002, 0.684
8, 0.650, 9, 0.350, 7350.000, 0.342, Velocity, 0, 0.02600002, 0.684
8, 0.633, 9, 0.367, 7366.667, 0.342, Velocity, 0, 0.02600002, 0.684
8, 0.617, 9, 0.383, 7383.333, 0.342, Velocity, 0, 0.02600002, 0.684
8, 0.600, 9, 0.400, 7400.000, 0.341, Velocity, 0, 0.02299997, 0.682
8, 0.583, 9, 0.417, 7416.667, 0.342, Velocity, 0, 0.02600002, 0.684
8, 0.567, 9, 0.433, 7433.334, 0.341, Velocity, 0, 0.02299997, 0.682
8, 0.550, 9, 0.450, 7450.000, 0.341, Velocity, 0, 0.02299997, 0.682
8, 0.533, 9, 0.467, 7466.667, 0.342, Velocity, 0, 0.02600002, 0.684
8, 0.517, 9, 0.483, 7483.333, 0.341, Velocity, 0, 0.02299997, 0.682
8, 0.500, 9, 0.500, 7500.000, 0.341, Velocity, 0, 0.02299997, 0.682
8, 0.483, 9, 0.517, 7516.667, 0.342, Velocity, 0, 0.02600002, 0.684
8, 0.467, 9, 0.533, 7533.334, 0.342, Velocity, 0, 0.02600002, 0.684
8, 0.450, 9, 0.550, 7550.000, 0.341, Velocity, 0, 0.02299997, 0.682
8, 0.433, 9, 0.567, 7566.667, 0.341, Velocity, 0, 0.02299997, 0.682
8, 0.417, 9, 0.583, 7583.333, 0.341, Velocity, 0, 0.02299997, 0.682
8, 0.400, 9, 0.600, 7600.000, 0.342, Velocity, 0, 0.02600002, 0.684
8, 0.383, 9, 0.617, 7616.667, 0.342, Velocity, 0, 0.02600002, 0.684
8, 0.367, 9, 0.633, 7633.333, 0.342, Velocity, 0, 0.02600002, 0.684
8, 0.350, 9, 0.650, 7650.000, 0.341, Velocity, 0, 0.02299997, 0.682
8, 0.333, 9, 0.667, 7666.667, 0.341, Velocity, 0, 0.02299997, 0.682
8, 0.317, 9, 0.683, 7683.334, 0.341, Velocity, 0, 0.02299997, 0.682
8, 0.300, 9, 0.700, 7700.000, 0.341, Velocity, 0, 0.02299997, 0.682
8, 0.283, 9, 0.717, 7716.667, 0.341, Velocity, 0, 0.02299997, 0.682
8, 0.267, 9, 0.733, 7733.333, 0.341, Velocity, 0, 0.02299997, 0.682
8, 0.250, 9, 0.750, 7750.000, 0.341, Velocity, 0, 0.02299997, 0.682
8, 0.233, 9, 0.767, 7766.667, 0.341, Velocity, 0, 0.02299997, 0.682
8, 0.217, 9, 0.783, 7783.334, 0.341, Velocity, 0, 0.02299997, 0.682
8, 0.200, 9, 0.800, 7800.000, 0.341, Velocity, 0, 0.02299997, 0.682
8, 0.183, 9, 0.817, 7816.667, 0.342, Velocity, 0, 0.02600002, 0.684
8, 0.167, 9, 0.833, 7833.334, 0.342, Velocity, 0, 0.02600002, 0.684
8, 0.150, 9, 0.850, 7850.000, 0.341, Velocity, 0, 0.02299997, 0.682
8, 0.133, 9, 0.867, 7866.667, 0.342, Velocity, 0, 0.02600002, 0.684
8, 0.117, 9, 0.883, 7883.333, 0.342, Velocity, 0, 0.02600002, 0.684
8, 0.100, 9, 0.900, 7900.000, 0.342, Velocity, 0, 0.02600002, 0.684
8, 0.083, 9, 0.917, 7916.667, 0.341, Velocity, 0, 0.02299997, 0.682
8, 0.067, 9, 0.933, 7933.334, 0.341, Velocity, 0, 0.02299997, 0.682
8, 0.050, 9, 0.950, 7950.000, 0.342, Velocity, 0, 0.02600002, 0.684
8, 0.033, 9, 0.967, 7966.667, 0.342, Velocity, 0, 0.02600002, 0.684
8, 0.017, 9, 0.983, 7983.333, 0.341, Velocity, 0, 0.02299997, 0.682
9, 1.000, 10, 0.000, 8000.000, 0.341, Velocity, 0, 0.02299997, 0.682
9, 0.983, 10, 0.017, 8016.667, 0.341, Velocity, 0, 0.02299997, 0.682
9, 0.967, 10, 0.033, 8033.334, 0.341, Velocity, 0, 0.02299997, 0.682
9, 0.950, 10, 0.050, 8050.000, 0.341, Velocity, 0, 0.02299997, 0.682
9, 0.933, 10, 0.067, 8066.667, 0.341, Velocity, 0, 0.02299997, 0.682
9, 0.917, 10, 0.083, 8083.334, 0.341, Velocity, 0, 0.02299997, 0.682
9, 0.900, 10, 0.100, 8100.000, 0.341, Velocity, 0, 0.02299997, 0.682
9, 0.883, 10, 0.117, 8116.667, 0.342, Velocity, 0, 0.02600002, 0.684
9, 0.867, 10, 0.133, 8133.334, 0.341, Velocity, 0, 0.02299997, 0.682
9, 0.850, 10, 0.150, 8150.000, 0.342, Velocity, 0, 0.02600002, 0.684
9, 0.833, 10, 0.167, 8166.667, 0.342, Velocity, 0, 0.02600002, 0.684
9, 0.817, 10, 0.183, 8183.333, 0.341, Velocity, 0, 0.02299997, 0.682
9, 0.800, 10, 0.200, 8200.001, 0.341, Velocity, 0, 0.02299997, 0.682
9, 0.783, 10, 0.217, 8216.667, 0.341, Velocity, 0, 0.02299997, 0.682
9, 0.767, 10, 0.233, 8233.334, 0.341, Velocity, 0, 0.02299997, 0.682
9, 0.750, 10, 0.250, 8250.000, 0.341, Velocity, 0, 0.02299997, 0.682
9, 0.733, 10, 0.267, 8266.667, 0.341, Velocity, 0, 0.02299997, 0.682
9, 0.717, 10, 0.283, 8283.334, 0.342, Velocity, 0, 0.02600002, 0.684
9, 0.700, 10, 0.300, 8300.000, 0.342, Velocity, 0, 0.02600002, 0.684
9, 0.683, 10, 0.317, 8316.668, 0.341, Velocity, 0, 0.02299997, 0.682
9, 0.667, 10, 0.333, 8333.334, 0.341, Velocity, 0, 0.02299997, 0.682
9, 0.650, 10, 0.350, 8350.000, 0.341, Velocity, 0, 0.02299997, 0.682
9, 0.633, 10, 0.367, 8366.667, 0.342, Velocity, 0, 0.02600002, 0.684
9, 0.617, 10, 0.383, 8383.334, 0.341, Velocity, 0, 0.02299997, 0.682
9, 0.600, 10, 0.400, 8400.001, 0.341, Velocity, 0, 0.02299997, 0.682
9, 0.583, 10, 0.417, 8416.667, 0.342, Velocity, 0, 0.02600002, 0.684
9, 0.567, 10, 0.433, 8433.333, 0.341, Velocity, 0, 0.02299997, 0.682
9, 0.550, 10, 0.450, 8450.001, 0.341, Velocity, 0, 0.02299997, 0.682
9, 0.533, 10, 0.467, 8466.667, 0.341, Velocity, 0, 0.02299997, 0.682
9, 0.517, 10, 0.483, 8483.334, 0.341, Velocity, 0, 0.02299997, 0.682
9, 0.500, 10, 0.500, 8500.000, 0.341, Velocity, 0, 0.02299997, 0.682
9, 0.483, 10, 0.517, 8516.667, 0.341, Velocity, 0, 0.02299997, 0.682
9, 0.467, 10, 0.533, 8533.334, 0.341, Velocity, 0, 0.02299997, 0.682
9, 0.450, 10, 0.550, 8550.000, 0.341, Velocity, 0, 0.02299997, 0.682
9, 0.433, 10, 0.567, 8566.668, 0.342, Velocity, 0, 0.02600002, 0.684
9, 0.417, 10, 0.583, 8583.334, 0.342, Velocity, 0, 0.02600002, 0.684
9, 0.400, 10, 0.600, 8600.000, 0.342, Velocity, 0, 0.02600002, 0.684
9, 0.383, 10, 0.617, 8616.667, 0.341, Velocity, 0, 0.02299997, 0.682
9, 0.367, 10, 0.633, 8633.334, 0.341, Velocity, 0, 0.02299997, 0.682
9, 0.350, 10, 0.650, 8650.001, 0.342, Velocity, 0, 0.02600002, 0.684
9, 0.333, 10, 0.667, 8666.667, 0.341, Velocity, 0, 0.02299997, 0.682
9, 0.317, 10, 0.683, 8683.333, 0.342, Velocity, 0, 0.02600002, 0.684
9, 0.300, 10, 0.700, 8700.001, 0.342, Velocity, 0, 0.02600002, 0.684
9, 0.283, 10, 0.717, 8716.667, 0.342, Velocity, 0, 0.02600002, 0.684
9, 0.267, 10, 0.733, 8733.334, 0.342, Velocity, 0, 0.02600002, 0.684
9, 0.250, 10, 0.750, 8750.000, 0.341, Velocity, 0, 0.02299997, 0.682
9, 0.233, 10, 0.767, 8766.667, 0.341, Velocity, 0, 0.02299997, 0.682
9, 0.217, 10, 0.783, 8783.334, 0.341, Velocity, 0, 0.02299997, 0.682
9, 0.200, 10, 0.800, 8800.000, 0.341, Velocity, 0, 0.02299997, 0.682
9, 0.183, 10, 0.817, 8816.668, 0.341, Velocity, 0, 0.02299997, 0.682
9, 0.167, 10, 0.833, 8833.334, 0.341, Velocity, 0, 0.02299997, 0.682
9, 0.150, 10, 0.850, 8850.000, 0.341, Velocity, 0, 0.02299997, 0.682
9, 0.133, 10, 0.867, 8866.667, 0.341, Velocity, 0, 0.02299997, 0.682
9, 0.117, 10, 0.883, 8883.334, 0.341, Velocity, 0, 0.02299997, 0.682
9, 0.100, 10, 0.900, 8900.001, 0.341, Velocity, 0, 0.02299997, 0.682
9, 0.083, 10, 0.917, 8916.667, 0.341, Velocity, 0, 0.02299997, 0.682
9, 0.067, 10, 0.933, 8933.333, 0.341, Velocity, 0, 0.02299997, 0.682
9, 0.050, 10, 0.950, 8950.001, 0.342, Velocity, 0, 0.02600002, 0.684
9, 0.033, 10, 0.967, 8966.667, 0.342, Velocity, 0, 0.02600002, 0.684
9, 0.017, 10, 0.983, 8983.334, 0.341, Velocity, 0, 0.02299997, 0.682
10, 1.000, 11, 0.000, 9000.000, 0.342, Velocity, 0, 0.02600002, 0.684
10, 0.983, 11, 0.017, 9016.667, 0.342, Velocity, 0, 0.02600002, 0.684
10, 0.967, 11, 0.033, 9033.334, 0.342, Velocity, 0, 0.02600002, 0.684
10, 0.950, 11, 0.050, 9050.000, 0.341, Velocity, 0, 0.02299997, 0.682
10, 0.933, 11, 0.067, 9066.668, 0.341, Velocity, 0, 0.02299997, 0.682
10, 0.917, 11, 0.083, 9083.334, 0.342, Velocity, 0, 0.02600002, 0.684
10, 0.900, 11, 0.100, 9100.000, 0.341, Velocity, 0, 0.02299997, 0.682
10, 0.883, 11, 0.117, 9116.667, 0.342, Velocity, 0, 0.02600002, 0.684
10, 0.867, 11, 0.133, 9133.334, 0.341, Velocity, 0, 0.02299997, 0.682
10, 0.850, 11, 0.150, 9150.001, 0.341, Velocity, 0, 0.02299997, 0.682
10, 0.833, 11, 0.167, 9166.667, 0.341, Velocity, 0, 0.02299997, 0.682
10, 0.817, 11, 0.183, 9183.333, 0.342, Velocity, 0, 0.02600002, 0.684
10, 0.800, 11, 0.200, 9200.001, 0.342, Velocity, 0, 0.02600002, 0.684
10, 0.783, 11, 0.217, 9216.667, 0.342, Velocity, 0, 0.02600002, 0.684
10, 0.767, 11, 0.233, 9233.334, 0.341, Velocity, 0, 0.02299997, 0.682
10, 0.750, 11, 0.250, 9250.001, 0.341, Velocity, 0, 0.02299997, 0.682
10, 0.733, 11, 0.267, 9266.667, 0.341, Velocity, 0, 0.02299997, 0.682
10, 0.717, 11, 0.283, 9283.334, 0.341, Velocity, 0, 0.02299997, 0.682
10, 0.700, 11, 0.300, 9300.000, 0.341, Velocity, 0, 0.02299997, 0.682
10, 0.683, 11, 0.317, 9316.668, 0.341, Velocity, 0, 0.02299997, 0.682
10, 0.667, 11, 0.333, 9333.334, 0.342, Velocity, 0, 0.02600002, 0.684
10, 0.650, 11, 0.350, 9350.000, 0.341, Velocity, 0, 0.02299997, 0.682
10, 0.633, 11, 0.367, 9366.667, 0.341, Velocity, 0, 0.02299997, 0.682
10, 0.617, 11, 0.383, 9383.334, 0.341, Velocity, 0, 0.02299997, 0.682
10, 0.600, 11, 0.400, 9400.001, 0.342, Velocity, 0, 0.02600002, 0.684
10, 0.583, 11, 0.417, 9416.667, 0.341, Velocity, 0, 0.02299997, 0.682
10, 0.567, 11, 0.433, 9433.333, 0.341, Velocity, 0, 0.02299997, 0.682
10, 0.550, 11, 0.450, 9450.001, 0.341, Velocity, 0, 0.02299997, 0.682
10, 0.533, 11, 0.467, 9466.667, 0.341, Velocity, 0, 0.02299997, 0.682
10, 0.517, 11, 0.483, 9483.334, 0.342, Velocity, 0, 0.02600002, 0.684
10, 0.500, 11, 0.500, 9500.001, 0.341, Velocity, 0, 0.02299997, 0.682
10, 0.483, 11, 0.517, 9516.667, 0.342, Velocity, 0, 0.02600002, 0.684
10, 0.467, 11, 0.533, 9533.334, 0.342, Velocity, 0, 0.02600002, 0.684
10, 0.450, 11, 0.550, 9550.000, 0.342, Velocity, 0, 0.02600002, 0.684
10, 0.433, 11, 0.567, 9566.668, 0.342, Velocity, 0, 0.02600002, 0.684
10, 0.417, 11, 0.583, 9583.334, 0.342, Velocity, 0, 0.02600002, 0.684
10, 0.400, 11, 0.600, 9600.000, 0.341, Velocity, 0, 0.02299997, 0.682
10, 0.383, 11, 0.617, 9616.667, 0.341, Velocity, 0, 0.02299997, 0.682
10, 0.367, 11, 0.633, 9633.334, 0.341, Velocity, 0, 0.02299997, 0.682
10, 0.350, 11, 0.650, 9650.001, 0.341, Velocity, 0, 0.02299997, 0.682
10, 0.333, 11, 0.667, 9666.667, 0.341, Velocity, 0, 0.02299997, 0.682
10, 0.317, 11, 0.683, 9683.333, 0.341, Velocity, 0, 0.02299997, 0.682
10, 0.300, 11, 0.700, 9700.001, 0.341, Velocity, 0, 0.02299997, 0.682
10, 0.283, 11, 0.717, 9716.667, 0.342, Velocity, 0, 0.02600002, 0.684
10, 0.267, 11, 0.733, 9733.334, 0.341, Velocity, 0, 0.02299997, 0.682
10, 0.250, 11, 0.750, 9750.001, 0.341, Velocity, 0, 0.02299997, 0.682
10, 0.233, 11, 0.767, 9766.667, 0.341, Velocity, 0, 0.02299997, 0.682
10, 0.217, 11, 0.783, 9783.334, 0.342, Velocity, 0, 0.02600002, 0.684
10, 0.200, 11, 0.800, 9800.000, 0.342, Velocity, 0, 0.02600002, 0.684
10, 0.183, 11, 0.817, 9816.668, 0.342, Velocity, 0, 0.02600002, 0.684
10, 0.167, 11, 0.833, 9833.334, 0.341, Velocity, 0, 0.02299997, 0.682
10, 0.150, 11, 0.850, 9850.000, 0.341, Velocity, 0, 0.02299997, 0.682
10, 0.133, 11, 0.867, 9866.667, 0.341, Velocity, 0, 0.02299997, 0.682
10, 0.117, 11, 0.883, 9883.334, 0.341, Velocity, 0, 0.02299997, 0.682
10, 0.100, 11, 0.900, 9900.001, 0.341, Velocity, 0, 0.02299997, 0.682
10, 0.083, 11, 0.917, 9916.667, 0.342, Velocity, 0, 0.02600002, 0.684
10, 0.067, 11, 0.933, 9933.333, 0.342, Velocity, 0, 0.02600002, 0.684
10, 0.050, 11, 0.950, 9950.001, 0.342, Velocity, 0, 0.02600002, 0.684
10, 0.033, 11, 0.967, 9966.667, 0.341, Velocity, 0, 0.02299997, 0.682
10, 0.017, 11, 0.983, 9983.334, 0.342, Velocity, 0, 0.02600002, 0.684
11, 1.000, 12, 0.000, 10000.000, 0.342, Velocity, 0, 0.02600002, 0.684
11, 0.983, 12, 0.017, 10016.670, 0.342, Velocity, 0, 0.02600002, 0.684
11, 0.967, 12, 0.033, 10033.330, 0.341, Velocity, 0, 0.02299997, 0.682
11, 0.950, 12, 0.050, 10050.000, 0.341, Velocity, 0, 0.02299997, 0.682
11, 0.933, 12, 0.067, 10066.670, 0.341, Velocity, 0, 0.02299997, 0.682
11, 0.917, 12, 0.083, 10083.330, 0.341, Velocity, 0, 0.02299997, 0.682
11, 0.900, 12, 0.100, 10100.000, 0.341, Velocity, 0, 0.02299997, 0.682
11, 0.883, 12, 0.117, 10116.670, 0.342, Velocity, 0, 0.02600002, 0.684
11, 0.867, 12, 0.133, 10133.330, 0.341, Velocity, 0, 0.02299997, 0.682
11, 0.850, 12, 0.150, 10150.000, 0.341, Velocity, 0, 0.02299997, 0.682
11, 0.833, 12, 0.167, 10166.670, 0.341, Velocity, 0, 0.02299997, 0.682
11, 0.817, 12, 0.183, 10183.330, 0.341, Velocity, 0, 0.02299997, 0.682
11, 0.800, 12, 0.200, 10200.000, 0.341, Velocity, 0, 0.02299997, 0.682
11, 0.783, 12, 0.217, 10216.670, 0.341, Velocity, 0, 0.02299997, 0.682
11, 0.767, 12, 0.233, 10233.330, 0.341, Velocity, 0, 0.02299997, 0.682
11, 0.750, 12, 0.250, 10250.000, 0.341, Velocity, 0, 0.02299997, 0.682
11, 0.733, 12, 0.267, 10266.670, 0.341, Velocity, 0, 0.02299997, 0.682
11, 0.717, 12, 0.283, 10283.330, 0.341, Velocity, 0, 0.02299997, 0.682
11, 0.700, 12, 0.300, 10300.000, 0.341, Velocity, 0, 0.02299997, 0.682
11, 0.683, 12, 0.317, 10316.670, 0.342, Velocity, 0, 0.02600002, 0.684
11, 0.667, 12, 0.333, 10333.330, 0.342, Velocity, 0, 0.02600002, 0.684
11, 0.650, 12, 0.350, 10350.000, 0.342, Velocity, 0, 0.02600002, 0.684
11, 0.633, 12, 0.367, 10366.670, 0.342, Velocity, 0, 0.02600002, 0.684
11, 0.617, 12, 0.383, 10383.330, 0.342, Velocity, 0, 0.02600002, 0.684
11, 0.600, 12, 0.400, 10400.000, 0.342, Velocity, 0, 0.02600002, 0.684
11, 0.583, 12, 0.417, 10416.670, 0.342, Velocity, 0, 0.02600002, 0.684
11, 0.567, 12, 0.433, 10433.330, 0.341, Velocity, 0, 0.02299997, 0.682
11, 0.550, 12, 0.450, 10450.000, 0.341, Velocity, 0, 0.02299997, 0.682
11, 0.533, 12, 0.467, 10466.670, 0.341, Velocity, 0, 0.02299997, 0.682
11, 0.517, 12, 0.483, 10483.330, 0.34, Velocity, 0, 0.02000001, 0.68
11, 0.500, 12, 0.500, 10500.000, 0.341, Velocity, 0, 0.02299997, 0.682
11, 0.483, 12, 0.517, 10516.670, 0.341, Velocity, 0, 0.02299997, 0.682
11, 0.467, 12, 0.533, 10533.330, 0.341, Velocity, 0, 0.02299997, 0.682
11, 0.450, 12, 0.550, 10550.000, 0.342, Velocity, 0, 0.02600002, 0.684
11, 0.433, 12, 0.567, 10566.670, 0.341, Velocity, 0, 0.02299997, 0.682
11, 0.417, 12, 0.583, 10583.330, 0.341, Velocity, 0, 0.02299997, 0.682
11, 0.400, 12, 0.600, 10600.000, 0.342, Velocity, 0, 0.02600002, 0.684
11, 0.383, 12, 0.617, 10616.670, 0.342, Velocity, 0, 0.02600002, 0.684
11, 0.367, 12, 0.633, 10633.330, 0.341, Velocity, 0, 0.02299997, 0.682
11, 0.350, 12, 0.650, 10650.000, 0.342, Velocity, 0, 0.02600002, 0.684
11, 0.333, 12, 0.667, 10666.670, 0.342, Velocity, 0, 0.02600002, 0.684
11, 0.317, 12, 0.683, 10683.330, 0.342, Velocity, 0, 0.02600002, 0.684
11, 0.300, 12, 0.700, 10700.000, 0.342, Velocity, 0, 0.02600002, 0.684
11, 0.283, 12, 0.717, 10716.670, 0.341, Velocity, 0, 0.02299997, 0.682
11, 0.267, 12, 0.733, 10733.330, 0.342, Velocity, 0, 0.02600002, 0.684
11, 0.250, 12, 0.750, 10750.000, 0.342, Velocity, 0, 0.02600002, 0.684
11, 0.233, 12, 0.767, 10766.670, 0.341, Velocity, 0, 0.02299997, 0.682
11, 0.217, 12, 0.783, 10783.330, 0.341, Velocity, 0, 0.02299997, 0.682
11, 0.200, 12, 0.800, 10800.000, 0.341, Velocity, 0, 0.02299997, 0.682
11, 0.183, 12, 0.817, 10816.670, 0.341, Velocity, 0, 0.02299997, 0.682
11, 0.167, 12, 0.833, 10833.330, 0.341, Velocity, 0, 0.02299997, 0.682
11, 0.150, 12, 0.850, 10850.000, 0.341, Velocity, 0, 0.02299997, 0.682
11, 0.133, 12, 0.867, 10866.670, 0.341, Velocity, 0, 0.02299997, 0.682
11, 0.117, 12, 0.883, 10883.330, 0.341, Velocity, 0, 0.02299997, 0.682
11, 0.100, 12, 0.900, 10900.000, 0.341, Velocity, 0, 0.02299997, 0.682
11, 0.083, 12, 0.917, 10916.670, 0.342, Velocity, 0, 0.02600002, 0.684
11, 0.067, 12, 0.933, 10933.330, 0.342, Velocity, 0, 0.02600002, 0.684
11, 0.050, 12, 0.950, 10950.000, 0.342, Velocity, 0, 0.02600002, 0.684
11, 0.033, 12, 0.967, 10966.670, 0.341, Velocity, 0, 0.02299997, 0.682
11, 0.017, 12, 0.983, 10983.330, 0.341, Velocity, 0, 0.02299997, 0.682
12, 1.000, 13, 0.000, 11000.000, 0.342, Velocity, 0, 0.02600002, 0.684
12, 0.983, 13, 0.017, 11016.670, 0.341, Velocity, 0, 0.02299997, 0.682
12, 0.967, 13, 0.033, 11033.330, 0.342, Velocity, 0, 0.02600002, 0.684
12, 0.950, 13, 0.050, 11050.000, 0.342, Velocity, 0, 0.02600002, 0.684
12, 0.933, 13, 0.067, 11066.670, 0.342, Velocity, 0, 0.02600002, 0.684
12, 0.917, 13, 0.083, 11083.330, 0.341, Velocity, 0, 0.02299997, 0.682
12, 0.900, 13, 0.100, 11100.000, 0.341, Velocity, 0, 0.02299997, 0.682
12, 0.883, 13, 0.117, 11116.670, 0.341, Velocity, 0, 0.02299997, 0.682
12, 0.867, 13, 0.133, 11133.330, 0.342, Velocity, 0, 0.02600002, 0.684
12, 0.850, 13, 0.150, 11150.000, 0.342, Velocity, 0, 0.02600002, 0.684
12, 0.833, 13, 0.167, 11166.670, 0.341, Velocity, 0, 0.02299997, 0.682
12, 0.817, 13, 0.183, 11183.330, 0.341, Velocity, 0, 0.02299997, 0.682
12, 0.800, 13, 0.200, 11200.000, 0.341, Velocity, 0, 0.02299997, 0.682
12, 0.783, 13, 0.217, 11216.670, 0.341, Velocity, 0, 0.02299997, 0.682
12, 0.767, 13, 0.233, 11233.330, 0.341, Velocity, 0, 0.02299997, 0.682
12, 0.750, 13, 0.250, 11250.000, 0.342, Velocity, 0, 0.02600002, 0.684
12, 0.733, 13, 0.267, 11266.670, 0.342, Velocity, 0, 0.02600002, 0.684
12, 0.717, 13, 0.283, 11283.330, 0.342, Velocity, 0, 0.02600002, 0.684
12, 0.700, 13, 0.300, 11300.000, 0.342, Velocity, 0, 0.02600002, 0.684
12, 0.683, 13, 0.317, 11316.670, 0.342, Velocity, 0, 0.02600002, 0.684
12, 0.667, 13, 0.333, 11333.330, 0.341, Velocity, 0, 0.02299997, 0.682
12, 0.650, 13, 0.350, 11350.000, 0.341, Velocity, 0, 0.02299997, 0.682
12, 0.633, 13, 0.367, 11366.670, 0.341, Velocity, 0, 0.02299997, 0.682
12, 0.617, 13, 0.383, 11383.330, 0.341, Velocity, 0, 0.02299997, 0.682
12, 0.600, 13, 0.400, 11400.000, 0.341, Velocity, 0, 0.02299997, 0.682
12, 0.583, 13, 0.417, 11416.670, 0.341, Velocity, 0, 0.02299997, 0.682
12, 0.567, 13, 0.433, 11433.330, 0.341, Velocity, 0, 0.02299997, 0.682
12, 0.550, 13, 0.450, 11450.000, 0.341, Velocity, 0, 0.02299997, 0.682
12, 0.533, 13, 0.467, 11466.670, 0.341, Velocity, 0, 0.02299997, 0.682
12, 0.517, 13, 0.483, 11483.330, 0.342, Velocity, 0, 0.02600002, 0.684
12, 0.500, 13, 0.500, 11500.000, 0.342, Velocity, 0, 0.02600002, 0.684
12, 0.483, 13, 0.517, 11516.670, 0.341, Velocity, 0, 0.02299997, 0.682
12, 0.467, 13, 0.533, 11533.330, 0.342, Velocity, 0, 0.02600002, 0.684
12, 0.450, 13, 0.550, 11550.000, 0.342, Velocity, 0, 0.02600002, 0.684
12, 0.433, 13, 0.567, 11566.670, 0.341, Velocity, 0, 0.02299997, 0.682
12, 0.417, 13, 0.583, 11583.330, 0.341, Velocity, 0, 0.02299997, 0.682
12, 0.400, 13, 0.600, 11600.000, 0.341, Velocity, 0, 0.02299997, 0.682
12, 0.383, 13, 0.617, 11616.670, 0.341, Velocity, 0, 0.02299997, 0.682
12, 0.367, 13, 0.633, 11633.330, 0.341, Velocity, 0, 0.02299997, 0.682
12, 0.350, 13, 0.650, 11650.000, 0.341, Velocity, 0, 0.02299997, 0.682
12, 0.333, 13, 0.667, 11666.670, 0.341, Velocity, 0, 0.02299997, 0.682
12, 0.317, 13, 0.683, 11683.330, 0.342, Velocity, 0, 0.02600002, 0.684
12, 0.300, 13, 0.700, 11700.000, 0.341, Velocity, 0, 0.02299997, 0.682
12, 0.283, 13, 0.717, 11716.670, 0.342, Velocity, 0, 0.02600002, 0.684
12, 0.267, 13, 0.733, 11733.330, 0.341, Velocity, 0, 0.02299997, 0.682
12, 0.250, 13, 0.750, 11750.000, 0.341, Velocity, 0, 0.02299997, 0.682
12, 0.233, 13, 0.767, 11766.670, 0.341, Velocity, 0, 0.02299997, 0.682
12, 0.217, 13, 0.783, 11783.330, 0.342, Velocity, 0, 0.02600002, 0.684
12, 0.200, 13, 0.800, 11800.000, 0.341, Velocity, 0, 0.02299997, 0.682
12, 0.183, 13, 0.817, 11816.670, 0.341, Velocity, 0, 0.02299997, 0.682
12, 0.167, 13, 0.833, 11833.330, 0.341, Velocity, 0, 0.02299997, 0.682
12, 0.150, 13, 0.850, 11850.000, 0.341, Velocity, 0, 0.02299997, 0.682
12, 0.133, 13, 0.867, 11866.670, 0.342, Velocity, 0, 0.02600002, 0.684
12, 0.117, 13, 0.883, 11883.330, 0.342, Velocity, 0, 0.02600002, 0.684
12, 0.100, 13, 0.900, 11900.000, 0.342, Velocity, 0, 0.02600002, 0.684
12, 0.083, 13, 0.917, 11916.670, 0.342, Velocity, 0, 0.02600002, 0.684
12, 0.067, 13, 0.933, 11933.330, 0.342, Velocity, 0, 0.02600002, 0.684
12, 0.050, 13, 0.950, 11950.000, 0.341, Velocity, 0, 0.02299997, 0.682
12, 0.033, 13, 0.967, 11966.670, 0.342, Velocity, 0, 0.02600002, 0.684
12, 0.017, 13, 0.983, 11983.330, 0.341, Velocity, 0, 0.02299997, 0.682
13, 1.000, 14, 0.000, 12000.000, 0.341, Velocity, 0, 0.02299997, 0.682
13, 0.983, 14, 0.017, 12016.670, 0.342, Velocity, 0, 0.02600002, 0.684
13, 0.967, 14, 0.033, 12033.330, 0.341, Velocity, 0, 0.02299997, 0.682
13, 0.950, 14, 0.050, 12050.000, 0.342, Velocity, 0, 0.02600002, 0.684
13, 0.933, 14, 0.067, 12066.670, 0.342, Velocity, 0, 0.02600002, 0.684
13, 0.917, 14, 0.083, 12083.330, 0.342, Velocity, 0, 0.02600002, 0.684
13, 0.900, 14, 0.100, 12100.000, 0.342, Velocity, 0, 0.02600002, 0.684
13, 0.883, 14, 0.117, 12116.670, 0.342, Velocity, 0, 0.02600002, 0.684
13, 0.867, 14, 0.133, 12133.330, 0.342, Velocity, 0, 0.02600002, 0.684
13, 0.850, 14, 0.150, 12150.000, 0.342, Velocity, 0, 0.02600002, 0.684
13, 0.833, 14, 0.167, 12166.670, 0.342, Velocity, 0, 0.02600002, 0.684
13, 0.817, 14, 0.183, 12183.330, 0.341, Velocity, 0, 0.02299997, 0.682
13, 0.800, 14, 0.200, 12200.000, 0.342, Velocity, 0, 0.02600002, 0.684
13, 0.783, 14, 0.217, 12216.670, 0.341, Velocity, 0, 0.02299997, 0.682
13, 0.767, 14, 0.233, 12233.330, 0.341, Velocity, 0, 0.02299997, 0.682
13, 0.750, 14, 0.250, 12250.000, 0.341, Velocity, 0, 0.02299997, 0.682
13, 0.733, 14, 0.267, 12266.670, 0.341, Velocity, 0, 0.02299997, 0.682
13, 0.717, 14, 0.283, 12283.330, 0.341, Velocity, 0, 0.02299997, 0.682
13, 0.700, 14, 0.300, 12300.000, 0.341, Velocity, 0, 0.02299997, 0.682
13, 0.683, 14, 0.317, 12316.670, 0.342, Velocity, 0, 0.02600002, 0.684
13, 0.667, 14, 0.333, 12333.330, 0.341, Velocity, 0, 0.02299997, 0.682
13, 0.650, 14, 0.350, 12350.000, 0.341, Velocity, 0, 0.02299997, 0.682
13, 0.633, 14, 0.367, 12366.670, 0.341, Velocity, 0, 0.02299997, 0.682
13, 0.617, 14, 0.383, 12383.330, 0.341, Velocity, 0, 0.02299997, 0.682
13, 0.600, 14, 0.400, 12400.000, 0.341, Velocity, 0, 0.02299997, 0.682
13, 0.583, 14, 0.417, 12416.670, 0.341, Velocity, 0, 0.02299997, 0.682
13, 0.567, 14, 0.433, 12433.330, 0.342, Velocity, 0, 0.02600002, 0.684
13, 0.550, 14, 0.450, 12450.000, 0.342, Velocity, 0, 0.02600002, 0.684
13, 0.533, 14, 0.467, 12466.670, 0.341, Velocity, 0, 0.02299997, 0.682
13, 0.517, 14, 0.483, 12483.330, 0.342, Velocity, 0, 0.02600002, 0.684
13, 0.500, 14, 0.500, 12500.000, 0.341, Velocity, 0, 0.02299997, 0.682
13, 0.483, 14, 0.517, 12516.670, 0.341, Velocity, 0, 0.02299997, 0.682
13, 0.467, 14, 0.533, 12533.330, 0.341, Velocity, 0, 0.02299997, 0.682
13, 0.450, 14, 0.550, 12550.000, 0.341, Velocity, 0, 0.02299997, 0.682
13, 0.433, 14, 0.567, 12566.670, 0.341, Velocity, 0, 0.02299997, 0.682
13, 0.417, 14, 0.583, 12583.330, 0.341, Velocity, 0, 0.02299997, 0.682
13, 0.400, 14, 0.600, 12600.000, 0.341, Velocity, 0, 0.02299997, 0.682
13, 0.383, 14, 0.617, 12616.670, 0.341, Velocity, 0, 0.02299997, 0.682
13, 0.367, 14, 0.633, 12633.330, 0.341, Velocity, 0, 0.02299997, 0.682
13, 0.350, 14, 0.650, 12650.000, 0.341, Velocity, 0, 0.02299997, 0.682
13, 0.333, 14, 0.667, 12666.670, 0.342, Velocity, 0, 0.02600002, 0.684
13, 0.317, 14, 0.683, 12683.330, 0.342, Velocity, 0, 0.02600002, 0.684
13, 0.300, 14, 0.700, 12700.000, 0.342, Velocity, 0, 0.02600002, 0.684
13, 0.283, 14, 0.717, 12716.670, 0.342, Velocity, 0, 0.02600002, 0.684
13, 0.267, 14, 0.733, 12733.330, 0.342, Velocity, 0, 0.02600002, 0.684
13, 0.250, 14, 0.750, 12750.000, 0.342, Velocity, 0, 0.02600002, 0.684
13, 0.233, 14, 0.767, 12766.670, 0.342, Velocity, 0, 0.02600002, 0.684
13, 0.217, 14, 0.783, 12783.330, 0.341, Velocity, 0, 0.02299997, 0.682
13, 0.200, 14, 0.800, 12800.000, 0.341, Velocity, 0, 0.02299997, 0.682
13, 0.183, 14, 0.817, 12816.670, 0.342, Velocity, 0, 0.02600002, 0.684
13, 0.167, 14, 0.833, 12833.330, 0.342, Velocity, 0, 0.02600002, 0.684
13, 0.150, 14, 0.850, 12850.000, 0.342, Velocity, 0, 0.02600002, 0.684
13, 0.133, 14, 0.867, 12866.670, 0.342, Velocity, 0, 0.02600002, 0.684
13, 0.117, 14, 0.883, 12883.330, 0.341, Velocity, 0, 0.02299997, 0.682
13, 0.100, 14, 0.900, 12900.000, 0.341, Velocity, 0, 0.02299997, 0.682
13, 0.083, 14, 0.917, 12916.670, 0.341, Velocity, 0, 0.02299997, 0.682
13, 0.067, 14, 0.933, 12933.330, 0.342, Velocity, 0, 0.02600002, 0.684
13, 0.050, 14, 0.950, 12950.000, 0.341, Velocity, 0, 0.02299997, 0.682
13, 0.033, 14, 0.967, 12966.670, 0.341, Velocity, 0, 0.02299997, 0.682
13, 0.017, 14, 0.983, 12983.330, 0.341, Velocity, 0, 0.02299997, 0.682
14, 1.000, 15, 0.000, 13000.000, 0.341, Velocity, 0, 0.02299997, 0.682
14, 0.983, 15, 0.017, 13016.670, 0.341, Velocity, 0, 0.02299997, 0.682
14, 0.967, 15, 0.033, 13033.330, 0.341, Velocity, 0, 0.02299997, 0.682
14, 0.950, 15, 0.050, 13050.000, 0.342, Velocity, 0, 0.02600002, 0.684
14, 0.933, 15, 0.067, 13066.670, 0.341, Velocity, 0, 0.02299997, 0.682
14, 0.917, 15, 0.083, 13083.330, 0.341, Velocity, 0, 0.02299997, 0.682
14, 0.900, 15, 0.100, 13100.000, 0.341, Velocity, 0, 0.02299997, 0.682
14, 0.883, 15, 0.117, 13116.670, 0.341, Velocity, 0, 0.02299997, 0.682
14, 0.867, 15, 0.133, 13133.330, 0.341, Velocity, 0, 0.02299997, 0.682
14, 0.850, 15, 0.150, 13150.000, 0.342, Velocity, 0, 0.02600002, 0.684
14, 0.833, 15, 0.167, 13166.670, 0.342, Velocity, 0, 0.02600002, 0.684
14, 0.817, 15, 0.183, 13183.330, 0.342, Velocity, 0, 0.02600002, 0.684
14, 0.800, 15, 0.200, 13200.000, 0.341, Velocity, 0, 0.02299997, 0.682
14, 0.783, 15, 0.217, 13216.670, 0.341, Velocity, 0, 0.02299997, 0.682
14, 0.767, 15, 0.233, 13233.330, 0.341, Velocity, 0, 0.02299997, 0.682
14, 0.750, 15, 0.250, 13250.000, 0.341, Velocity, 0, 0.02299997, 0.682
14, 0.733, 15, 0.267, 13266.670, 0.341, Velocity, 0, 0.02299997, 0.682
14, 0.717, 15, 0.283, 13283.330, 0.341, Velocity, 0, 0.02299997, 0.682
14, 0.700, 15, 0.300, 13300.000, 0.341, Velocity, 0, 0.02299997, 0.682
14, 0.683, 15, 0.317, 13316.670, 0.341, Velocity, 0, 0.02299997, 0.682
14, 0.667, 15, 0.333, 13333.330, 0.341, Velocity, 0, 0.02299997, 0.682
14, 0.650, 15, 0.350, 13350.000, 0.342, Velocity, 0, 0.02600002, 0.684
14, 0.633, 15, 0.367, 13366.670, 0.341, Velocity, 0, 0.02299997, 0.682
14, 0.617, 15, 0.383, 13383.330, 0.342, Velocity, 0, 0.02600002, 0.684
14, 0.600, 15, 0.400, 13400.000, 0.341, Velocity, 0, 0.02299997, 0.682
14, 0.583, 15, 0.417, 13416.670, 0.342, Velocity, 0, 0.02600002, 0.684
14, 0.567, 15, 0.433, 13433.330, 0.342, Velocity, 0, 0.02600002, 0.684
14, 0.550, 15, 0.450, 13450.000, 0.341, Velocity, 0, 0.02299997, 0.682
14, 0.533, 15, 0.467, 13466.670, 0.342, Velocity, 0, 0.02600002, 0.684
14, 0.517, 15, 0.483, 13483.330, 0.342, Velocity, 0, 0.02600002, 0.684
14, 0.500, 15, 0.500, 13500.000, 0.342, Velocity, 0, 0.02600002, 0.684
14, 0.483, 15, 0.517, 13516.670, 0.341, Velocity, 0, 0.02299997, 0.682
14, 0.467, 15, 0.533, 13533.330, 0.341, Velocity, 0, 0.02299997, 0.682
14, 0.450, 15, 0.550, 13550.000, 0.341, Velocity, 0, 0.02299997, 0.682
14, 0.433, 15, 0.567, 13566.670, 0.341, Velocity, 0, 0.02299997, 0.682
14, 0.417, 15, 0.583, 13583.330, 0.341, Velocity, 0, 0.02299997, 0.682
14, 0.400, 15, 0.600, 13600.000, 0.341, Velocity, 0, 0.02299997, 0.682
14, 0.383, 15, 0.617, 13616.670, 0.341, Velocity, 0, 0.02299997, 0.682
14, 0.367, 15, 0.633, 13633.330, 0.341, Velocity, 0, 0.02299997, 0.682
14, 0.350, 15, 0.650, 13650.000, 0.341, Velocity, 0, 0.02299997, 0.682
14, 0.333, 15, 0.667, 13666.670, 0.341, Velocity, 0, 0.02299997, 0.682
14, 0.317, 15, 0.683, 13683.330, 0.341, Velocity, 0, 0.02299997, 0.682
14, 0.300, 15, 0.700, 13700.000, 0.341, Velocity, 0, 0.02299997, 0.682
14, 0.283, 15, 0.717, 13716.670, 0.342, Velocity, 0, 0.02600002, 0.684
14, 0.267, 15, 0.733, 13733.330, 0.341, Velocity, 0, 0.02299997, 0.682
14, 0.250, 15, 0.750, 13750.000, 0.341, Velocity, 0, 0.02299997, 0.682
14, 0.233, 15, 0.767, 13766.670, 0.341, Velocity, 0, 0.02299997, 0.682
14, 0.217, 15, 0.783, 13783.330, 0.341, Velocity, 0, 0.02299997, 0.682
14, 0.200, 15, 0.800, 13800.000, 0.341, Velocity, 0, 0.02299997, 0.682
14, 0.183, 15, 0.817, 13816.670, 0.341, Velocity, 0, 0.02299997, 0.682
14, 0.167, 15, 0.833, 13833.330, 0.341, Velocity, 0, 0.02299997, 0.682
14, 0.150, 15, 0.850, 13850.000, 0.341, Velocity, 0, 0.02299997, 0.682
14, 0.133, 15, 0.867, 13866.670, 0.341, Velocity, 0, 0.02299997, 0.682
14, 0.117, 15, 0.883, 13883.330, 0.342, Velocity, 0, 0.02600002, 0.684
14, 0.100, 15, 0.900, 13900.000, 0.341, Velocity, 0, 0.02299997, 0.682
14, 0.083, 15, 0.917, 13916.670, 0.341, Velocity, 0, 0.02299997, 0.682
14, 0.067, 15, 0.933, 13933.330, 0.342, Velocity, 0, 0.02600002, 0.684
14, 0.050, 15, 0.950, 13950.000, 0.341, Velocity, 0, 0.02299997, 0.682
14, 0.033, 15, 0.967, 13966.670, 0.342, Velocity, 0, 0.02600002, 0.684
14, 0.017, 15, 0.983, 13983.330, 0.341, Velocity, 0, 0.02299997, 0.682
15, 1.000, 16, 0.000, 14000.000, 0.341, Velocity, 0, 0.02299997, 0.682
15, 0.983, 16, 0.017, 14016.670, 0.341, Velocity, 0, 0.02299997, 0.682
15, 0.967, 16, 0.033, 14033.330, 0.341, Velocity, 0, 0.02299997, 0.682
15, 0.950, 16, 0.050, 14050.000, 0.341, Velocity, 0, 0.02299997, 0.682
15, 0.933, 16, 0.067, 14066.670, 0.341, Velocity, 0, 0.02299997, 0.682
15, 0.917, 16, 0.083, 14083.330, 0.341, Velocity, 0, 0.02299997, 0.682
15, 0.900, 16, 0.100, 14100.000, 0.341, Velocity, 0, 0.02299997, 0.682
15, 0.883, 16, 0.117, 14116.670, 0.341, Velocity, 0, 0.02299997, 0.682
15, 0.867, 16, 0.133, 14133.330, 0.341, Velocity, 0, 0.02299997, 0.682
15, 0.850, 16, 0.150, 14150.000, 0.342, Velocity, 0, 0.02600002, 0.684
15, 0.833, 16, 0.167, 14166.670, 0.341, Velocity, 0, 0.02299997, 0.682
15, 0.817, 16, 0.183, 14183.330, 0.341, Velocity, 0, 0.02299997, 0.682
15, 0.800, 16, 0.200, 14200.000, 0.341, Velocity, 0, 0.02299997, 0.682
15, 0.783, 16, 0.217, 14216.670, 0.341, Velocity, 0, 0.02299997, 0.682
15, 0.767, 16, 0.233, 14233.330, 0.342, Velocity, 0, 0.02600002, 0.684
15, 0.750, 16, 0.250, 14250.000, 0.342, Velocity, 0, 0.02600002, 0.684
15, 0.733, 16, 0.267, 14266.670, 0.342, Velocity, 0, 0.02600002, 0.684
15, 0.717, 16, 0.283, 14283.330, 0.341, Velocity, 0, 0.02299997, 0.682
15, 0.700, 16, 0.300, 14300.000, 0.341, Velocity, 0, 0.02299997, 0.682
15, 0.683, 16, 0.317, 14316.670, 0.341, Velocity, 0, 0.02299997, 0.682
15, 0.667, 16, 0.333, 14333.330, 0.341, Velocity, 0, 0.02299997, 0.682
15, 0.650, 16, 0.350, 14350.000, 0.341, Velocity, 0, 0.02299997, 0.682
15, 0.633, 16, 0.367, 14366.670, 0.341, Velocity, 0, 0.02299997, 0.682
15, 0.617, 16, 0.383, 14383.330, 0.341, Velocity, 0, 0.02299997, 0.682
15, 0.600, 16, 0.400, 14400.000, 0.342, Velocity, 0, 0.02600002, 0.684
15, 0.583, 16, 0.417, 14416.670, 0.342, Velocity, 0, 0.02600002, 0.684
15, 0.567, 16, 0.433, 14433.330, 0.342, Velocity, 0, 0.02600002, 0.684
15, 0.550, 16, 0.450, 14450.000, 0.342, Velocity, 0, 0.02600002, 0.684
15, 0.533, 16, 0.467, 14466.670, 0.342, Velocity, 0, 0.02600002, 0.684
15, 0.517, 16, 0.483, 14483.330, 0.341, Velocity, 0, 0.02299997, 0.682
15, 0.500, 16, 0.500, 14500.000, 0.341, Velocity, 0, 0.02299997, 0.682
15, 0.483, 16, 0.517, 14516.670, 0.341, Velocity, 0, 0.02299997, 0.682
15, 0.467, 16, 0.533, 14533.330, 0.341, Velocity, 0, 0.02299997, 0.682
15, 0.450, 16, 0.550, 14550.000, 0.341, Velocity, 0, 0.02299997, 0.682
15, 0.433, 16, 0.567, 14566.670, 0.341, Velocity, 0, 0.02299997, 0.682
