video,frame_idx,time_sec,time_orig_sec,t_idx,video_W,video_H,FULL_mean,FULL_std,FULL_RMS_contrast,FULL_michelson,FULL_lap_var,ROI_mean,ROI_std,ROI_RMS_contrast,ROI_michelson,ROI_lap_var,k,u,roi_x0,roi_y0,roi_x1,roi_y1,scale_x,scale_y
linear,60,0.0,1.0,1.0,3440,720,0.5338287949562073,0.13393650949001312,0.25089786884205434,0.6870228877662035,836.9456787109375,0.46148931980133057,0.16689532995224,0.361645046103423,0.6525423616007013,979.07568359375,1,0.0,1481,155,1771,720,1.0,1.0140845070422535
linear,61,0.016666666666666607,1.0166666666666666,1.0166666666666666,3440,720,0.5333017110824585,0.1341499537229538,0.2515460731134818,0.6899224671793113,839.37548828125,0.46066299080848694,0.16648967564105988,0.36141317047139027,0.6595744561116214,982.3103637695312,1,0.016666666666666607,1480,155,1770,720,1.0,1.0140845070422535
linear,62,0.03333333333333344,1.0333333333333334,1.0333333333333334,3440,720,0.5326658487319946,0.1335378885269165,0.2506972923791324,0.6941176331053363,826.1344604492188,0.4602365493774414,0.16505199670791626,0.3586242625557189,0.6666666539888948,968.1725463867188,1,0.03333333333333344,1479,155,1769,720,1.0,1.0140845070422535
linear,63,0.050000000000000044,1.05,1.05,3440,720,0.5332167744636536,0.1335189938545227,0.2504028337908105,0.6874999866580637,812.6942749023438,0.4610483646392822,0.1639556586742401,0.35561487187221236,0.6595744561116214,957.1079711914062,1,0.050000000000000044,1478,155,1768,720,1.0,1.0140845070422535
linear,64,0.06666666666666665,1.0666666666666667,1.0666666666666667,3440,720,0.5333009958267212,0.13341009616851807,0.2501590934779998,0.6784313599211136,805.6357421875,0.46116116642951965,0.16325271129608154,0.35400358842009294,0.6510638185941557,951.3633422851562,1,0.06666666666666665,1477,155,1767,720,1.0,1.0140845070422535
linear,65,0.08333333333333326,1.0833333333333333,1.0833333333333333,3440,720,0.5332987904548645,0.13318082690238953,0.2497302202607546,0.6837944532186354,789.44482421875,0.4613058269023895,0.16224265098571777,0.35170300916883407,0.6581196462289773,938.4610595703125,1,0.08333333333333326,1476,155,1766,720,1.0,1.0140845070422535
linear,66,0.10000000000000009,1.1,1.1,3440,720,0.5331390500068665,0.132676362991333,0.2488588305453069,0.6746031621522925,754.4000244140625,0.46139317750930786,0.1608511358499527,0.3486205262766429,0.6480686585157479,908.62255859375,1,0.10000000000000009,1476,155,1766,720,1.0,1.0140845070422535
linear,67,0.1166666666666667,1.1166666666666667,1.1166666666666667,3440,720,0.5331809520721436,0.13255098462104797,0.24860412139605384,0.6746031621522925,749.1782836914062,0.4613657295703888,0.15969562530517578,0.3461367232293408,0.6450216341983962,897.6312255859375,1,0.1166666666666667,1475,155,1765,720,1.0,1.0140845070422535
linear,68,0.1333333333333333,1.1333333333333333,1.1333333333333333,3440,720,0.5332964062690735,0.13246966898441315,0.24839782331778482,0.6733067605191787,731.629638671875,0.4616245925426483,0.15903349220752716,0.34450826782533644,0.6450216341983962,880.1367797851562,1,0.1333333333333333,1474,155,1764,720,1.0,1.0140845070422535
linear,69,0.1499999999999999,1.15,1.15,3440,720,0.5332860350608826,0.13226765394210815,0.24802384230213226,0.6587301476366072,709.6731567382812,0.4618373215198517,0.15810148417949677,0.34233153837781716,0.6293103355103105,857.3748168945312,1,0.1499999999999999,1473,155,1763,720,1.0,1.0140845070422535
linear,70,0.16666666666666674,1.1666666666666667,1.1666666666666667,3440,720,0.5333217978477478,0.13204017281532288,0.24758067431777994,0.6693548265140081,691.3341674804688,0.4620380103588104,0.15720899403095245,0.3402512068354608,0.6419213629874831,838.9285888671875,1,0.16666666666666674,1472,155,1762,720,1.0,1.0140845070422535
linear,71,0.18333333333333335,1.1833333333333333,1.1833333333333333,3440,720,0.5332728624343872,0.13188423216342926,0.2473109715132866,0.6693548265140081,669.2630004882812,0.4620806872844696,0.1564381718635559,0.33855162698399466,0.6419213629874831,807.3450317382812,1,0.18333333333333335,1471,155,1761,720,1.0,1.0140845070422535
linear,72,0.19999999999999996,1.2,1.2,3440,720,0.533354640007019,0.13162022829055786,0.24677806463077748,0.6546184630242073,649.8319091796875,0.4623959958553314,0.15550121665000916,0.33629446336234226,0.6293103355103105,784.120849609375,1,0.19999999999999996,1470,155,1760,720,1.0,1.0140845070422535
linear,73,0.21666666666666656,1.2166666666666666,1.2166666666666666,3440,720,0.5332930684089661,0.13148897886276245,0.24656044525282134,0.6546184630242073,629.8767700195312,0.46243777871131897,0.15476596355438232,0.3346741277041189,0.6260869474254467,763.2918090820312,1,0.21666666666666656,1469,155,1759,720,1.0,1.0140845070422535
linear,74,0.2333333333333334,1.2333333333333334,1.2333333333333334,3440,720,0.5330570340156555,0.13105511665344238,0.2458557074233004,0.6518218730579561,598.1696166992188,0.46253687143325806,0.15372894704341888,0.3323604088976876,0.6260869474254467,729.8583374023438,1,0.2333333333333334,1468,155,1758,720,1.0,1.0140845070422535
linear,75,0.25,1.25,1.25,3440,720,0.5335209965705872,0.13091838359832764,0.24538562115830495,0.6518218730579561,580.484130859375,0.4635368585586548,0.15281927585601807,0.3296809514444927,0.6260869474254467,703.2301635742188,1,0.25,1467,155,1757,720,1.0,1.0140845070422535
linear,76,0.2666666666666666,1.2666666666666666,1.2666666666666666,3440,720,0.5333132147789001,0.13097429275512695,0.24558605837953107,0.6504065150297845,576.91455078125,0.4631023108959198,0.1525239795446396,0.3293526563407543,0.6260869474254467,693.8103637695312,1,0.2666666666666666,1466,155,1756,720,1.0,1.0140845070422535
linear,77,0.28333333333333344,1.2833333333333334,1.2833333333333334,3440,720,0.5329408645629883,0.13038446009159088,0.24465089152432937,0.6504065150297845,549.2869873046875,0.4631442725658417,0.1514977365732193,0.3271069994298851,0.6260869474254467,668.2020263671875,1,0.28333333333333344,1465,155,1755,720,1.0,1.0140845070422535
linear,78,0.30000000000000004,1.3,1.3,3440,720,0.5333132743835449,0.1307092159986496,0.24508899332919476,0.6504065150297845,548.3548583984375,0.4633837044239044,0.15143395960330963,0.3268003490186915,0.6277055940017354,663.5576171875,1,0.30000000000000004,1464,155,1754,720,1.0,1.0140845070422535
linear,79,0.31666666666666665,1.3166666666666667,1.3166666666666667,3440,720,0.5332724452018738,0.1306263953447342,0.24495245173554803,0.6489795595074104,535.441162109375,0.4631960093975067,0.15083244442939758,0.3256341551155599,0.6277055940017354,649.5531616210938,1,0.31666666666666665,1464,155,1754,720,1.0,1.0140845070422535
linear,80,0.33333333333333326,1.3333333333333333,1.3333333333333333,3440,720,0.5335268974304199,0.13029828667640686,0.2442206472845978,0.6422763907393467,512.9420166015625,0.4637880027294159,0.15012848377227783,0.3237006555834941,0.6190476106473736,617.4230346679688,1,0.33333333333333326,1463,155,1753,720,1.0,1.0140845070422535
linear,81,0.3500000000000001,1.35,1.35,3440,720,0.5327723026275635,0.13011401891708374,0.24422068458358576,0.6422763907393467,509.7793273925781,0.46298715472221375,0.1497114896774292,0.3233599138050709,0.6206896218058228,610.6183471679688,1,0.3500000000000001,1462,155,1752,720,1.0,1.0140845070422535
linear,82,0.3666666666666667,1.3666666666666667,1.3666666666666667,3440,720,0.5332800149917603,0.13031893968582153,0.24437243770350311,0.6460905245958685,502.04779052734375,0.46360501646995544,0.1496010273694992,0.322690693214894,0.6260869474254467,605.4953002929688,1,0.3666666666666667,1461,155,1751,720,1.0,1.0140845070422535
linear,83,0.3833333333333333,1.3833333333333333,1.3833333333333333,3440,720,0.5332719087600708,0.1302395462989807,0.24422727264883032,0.6393442525498825,493.4654235839844,0.463763028383255,0.14919914305210114,0.3217141744892627,0.6206896218058228,595.1868896484375,1,0.3833333333333333,1460,155,1750,720,1.0,1.0140845070422535
linear,84,0.3999999999999999,1.4,1.4,3440,720,0.5333539247512817,0.13009615242481232,0.24392086370466148,0.6408163166957136,486.20556640625,0.46407729387283325,0.14875958859920502,0.3205491571291498,0.6206896218058228,589.3358764648438,1,0.3999999999999999,1459,155,1749,720,1.0,1.0140845070422535
linear,85,0.41666666666666674,1.4166666666666667,1.4166666666666667,3440,720,0.5332843065261841,0.1300521343946457,0.24387016524657193,0.6275303307387268,472.5361633300781,0.46423038840293884,0.14836953580379486,0.3196032321757058,0.606837548039544,575.697265625,1,0.41666666666666674,1458,155,1748,720,1.0,1.0140845070422535
linear,86,0.43333333333333335,1.4333333333333333,1.4333333333333333,3440,720,0.5332933068275452,0.13003148138523102,0.24382732219252656,0.6326530521075914,473.2657470703125,0.46421340107917786,0.14834123849868774,0.3195539701316086,0.6137338725455729,574.8817749023438,1,0.43333333333333335,1457,155,1747,720,1.0,1.0140845070422535
linear,87,0.44999999999999996,1.45,1.45,3440,720,0.533300518989563,0.12997554242610931,0.2437191327606071,0.6422763907393467,468.48785400390625,0.4643908739089966,0.14817368984222412,0.31907105625109705,0.6190476106473736,570.1255493164062,1,0.44999999999999996,1456,155,1746,720,1.0,1.0140845070422535
linear,88,0.46666666666666656,1.4666666666666666,1.4666666666666666,3440,720,0.5333001613616943,0.12994174659252167,0.24365592506887213,0.6475409731374604,465.2020263671875,0.46449822187423706,0.1480422466993332,0.31871433848517994,0.6260869474254467,563.9583740234375,1,0.46666666666666656,1455,155,1745,720,1.0,1.0140845070422535
linear,89,0.4833333333333334,1.4833333333333334,1.4833333333333334,3440,720,0.533037006855011,0.12978659570217133,0.24348514568074356,0.6475409731374604,458.8926086425781,0.46421030163764954,0.14770179986953735,0.3181786275890173,0.6260869474254467,553.7637939453125,1,0.4833333333333334,1454,155,1744,720,1.0,1.0140845070422535
linear,90,0.5,1.5,1.5,3440,720,0.5337139964103699,0.12962618470191956,0.2428757408368456,0.6408163166957136,455.2105407714844,0.465122252702713,0.1476152241230011,0.31736864897681893,0.6190476106473736,548.96337890625,1,0.5,1454,155,1744,720,1.0,1.0140845070422535
linear,91,0.5166666666666666,1.5166666666666666,1.5166666666666666,3440,720,0.5328018665313721,0.1296716183423996,0.24337680487648272,0.6393442525498825,458.0578918457031,0.4639951288700104,0.1477281004190445,0.31838286232656193,0.6206896218058228,550.689453125,1,0.5166666666666666,1453,155,1743,720,1.0,1.0140845070422535
linear,92,0.5333333333333334,1.5333333333333334,1.5333333333333334,3440,720,0.5332812666893005,0.12994007766246796,0.24366142848509084,0.6393442525498825,459.50543212890625,0.46472135186195374,0.14803311228752136,0.31854165621828,0.6190476106473736,556.9808349609375,1,0.5333333333333334,1452,155,1742,720,1.0,1.0140845070422535
linear,93,0.55,1.55,1.55,3440,720,0.533288300037384,0.129948228597641,0.24367349921570844,0.6475409731374604,461.54864501953125,0.4650055170059204,0.14801228046417236,0.3183021961420426,0.6277055940017354,560.6222534179688,1,0.55,1451,155,1741,720,1.0,1.0140845070422535
linear,94,0.5666666666666667,1.5666666666666667,1.5666666666666667,3440,720,0.5332852602005005,0.12997759878635406,0.24372996227232394,0.6475409731374604,464.6182861328125,0.46518105268478394,0.14815877377986908,0.31849700184434304,0.6293103355103105,567.4495849609375,1,0.5666666666666667,1450,155,1740,720,1.0,1.0140845070422535
linear,95,0.5833333333333333,1.5833333333333333,1.5833333333333333,3440,720,0.5332925319671631,0.13000965118408203,0.24378674170936976,0.6408163166957136,468.0223388671875,0.4652044177055359,0.14841051399707794,0.3190221441551251,0.6206896218058228,565.8460083007812,1,0.5833333333333333,1449,155,1739,720,1.0,1.0140845070422535
linear,96,0.6000000000000001,1.6,1.6,3440,720,0.5333494544029236,0.13000701367855072,0.24375577806962181,0.6408163166957136,473.0787048339844,0.4654042422771454,0.1486087441444397,0.31931110087052683,0.6206896218058228,572.9038696289062,1,0.6000000000000001,1448,155,1738,720,1.0,1.0140845070422535
linear,97,0.6166666666666667,1.6166666666666667,1.6166666666666667,3440,720,0.5332782864570618,0.13013331592082977,0.24402514931771233,0.6475409731374604,479.3153381347656,0.46531563997268677,0.14903347194194794,0.32028467546856837,0.6277055940017354,576.2298583984375,1,0.6166666666666667,1447,155,1737,720,1.0,1.0140845070422535
linear,98,0.6333333333333333,1.6333333333333333,1.6333333333333333,3440,720,0.5332902669906616,0.1301838606595993,0.2441144462528405,0.6475409731374604,485.8162841796875,0.4655534327030182,0.14929074048995972,0.32067369027103076,0.6277055940017354,582.4383544921875,1,0.6333333333333333,1446,155,1736,720,1.0,1.0140845070422535
linear,99,0.6499999999999999,1.65,1.65,3440,720,0.5331408381462097,0.13019317388534546,0.24420033531109397,0.6408163166957136,492.5602722167969,0.465637743473053,0.1495983749628067,0.321276300830414,0.6206896218058228,586.747314453125,1,0.6499999999999999,1445,155,1735,720,1.0,1.0140845070422535
linear,100,0.6666666666666667,1.6666666666666667,1.6666666666666667,3440,720,0.533592939376831,0.13013073801994324,0.2438764196039686,0.6356274986400745,503.377685546875,0.4663044512271881,0.1497747153043747,0.32119511554791447,0.6137338725455729,596.1709594726562,1,0.6666666666666667,1444,155,1734,720,1.0,1.0140845070422535
linear,101,0.6833333333333333,1.6833333333333333,1.6833333333333333,3440,720,0.5332823991775513,0.13046884536743164,0.2446524451624904,0.6370967870420771,514.1763305664062,0.4658297896385193,0.15055403113365173,0.3231953628782028,0.6137338725455729,608.5464477539062,1,0.6833333333333333,1443,155,1733,720,1.0,1.0140845070422535
linear,102,0.7,1.7,1.7,3440,720,0.533302366733551,0.1305524706840515,0.24480009161721444,0.6451613019761249,523.6155395507812,0.4659328758716583,0.1510503739118576,0.3241891235671753,0.6206896218058228,617.8286743164062,1,0.7,1442,155,1732,720,1.0,1.0140845070422535
linear,103,0.7166666666666666,1.7166666666666666,1.7166666666666666,3440,720,0.5332896709442139,0.13067269325256348,0.24503135523117842,0.6414342532953543,539.369140625,0.466034859418869,0.15134206414222717,0.32474407833676916,0.6137338725455729,628.8480834960938,1,0.7166666666666666,1442,155,1732,720,1.0,1.0140845070422535
linear,104,0.7333333333333334,1.7333333333333334,1.7333333333333334,3440,720,0.5332968235015869,0.1307877153158188,0.24524375000893306,0.647999989742596,549.1326904296875,0.4660300016403198,0.15190325677394867,0.32595166186676194,0.6223175879359597,644.6836547851562,1,0.7333333333333334,1441,155,1731,720,1.0,1.0140845070422535
linear,105,0.75,1.75,1.75,3440,720,0.5335003733634949,0.1307820975780487,0.24513965061003842,0.647999989742596,566.1170654296875,0.4665747880935669,0.15238997340202332,0.32661424068486233,0.6223175879359597,660.0269165039062,1,0.75,1440,155,1730,720,1.0,1.0140845070422535
linear,106,0.7666666666666666,1.7666666666666666,1.7666666666666666,3440,720,0.5332815647125244,0.13109920918941498,0.24583487486903421,0.647999989742596,578.9053344726562,0.4661159813404083,0.15344582498073578,0.329200945325802,0.6223175879359597,677.39306640625,1,0.7666666666666666,1439,155,1729,720,1.0,1.0140845070422535
linear,107,0.7833333333333334,1.7833333333333334,1.7833333333333334,3440,720,0.5332710146903992,0.1312558352947235,0.24613344662955694,0.6494023801013104,592.7698974609375,0.4661112129688263,0.15418687462806702,0.3307941689238817,0.6223175879359597,692.2590942382812,1,0.7833333333333334,1438,155,1728,720,1.0,1.0140845070422535
linear,108,0.8,1.8,1.8,3440,720,0.5333476066589355,0.1313697248697281,0.24631163760076613,0.6521739025521953,610.3829956054688,0.466341495513916,0.1548980325460434,0.3321557929426488,0.6223175879359597,707.5737915039062,1,0.8,1437,155,1727,720,1.0,1.0140845070422535
linear,109,0.8166666666666667,1.8166666666666667,1.8166666666666667,3440,720,0.533270537853241,0.1316085308790207,0.24679504879620706,0.6535432965204582,628.8125610351562,0.46619749069213867,0.15576478838920593,0.33411759642201044,0.6223175879359597,729.4979858398438,1,0.8166666666666667,1436,155,1726,720,1.0,1.0140845070422535
linear,110,0.8333333333333333,1.8333333333333333,1.8333333333333333,3440,720,0.5333399772644043,0.131727397441864,0.24698578877896868,0.6535432965204582,647.5612182617188,0.4665372371673584,0.15643459558486938,0.33530998121732486,0.6239316151893075,750.1373901367188,1,0.8333333333333333,1435,155,1725,720,1.0,1.0140845070422535
linear,111,0.8500000000000001,1.85,1.85,3440,720,0.5332934856414795,0.13195234537124634,0.24742912945623988,0.66141731160047,664.302978515625,0.46652334928512573,0.15731766819953918,0.33721284276226593,0.6309012781292224,768.4484252929688,1,0.8500000000000001,1434,155,1724,720,1.0,1.0140845070422535
linear,112,0.8666666666666667,1.8666666666666667,1.8666666666666667,3440,720,0.5332934260368347,0.13216474652290344,0.24782743906447552,0.6575875378562145,686.8416748046875,0.4665473401546478,0.15834659337997437,0.33940090609771284,0.6239316151893075,788.1729125976562,1,0.8666666666666667,1433,155,1723,720,1.0,1.0140845070422535
linear,113,0.8833333333333333,1.8833333333333333,1.8833333333333333,3440,720,0.5332751274108887,0.13240234553813934,0.24828148970335978,0.6589147178311928,710.150146484375,0.4665583074092865,0.15939322113990784,0.3416362225090947,0.6239316151893075,811.5867919921875,1,0.8833333333333333,1432,155,1722,720,1.0,1.0140845070422535
linear,114,0.8999999999999999,1.9,1.9,3440,720,0.533309280872345,0.1325850635766983,0.248608201368152,0.6589147178311928,731.3096923828125,0.4667322337627411,0.16014014184474945,0.343109232294984,0.6271186351085632,833.0003051757812,1,0.8999999999999999,1432,155,1722,720,1.0,1.0140845070422535
linear,115,0.9166666666666667,1.9166666666666667,1.9166666666666667,3440,720,0.5333040356636047,0.1328139752149582,0.24903987939880362,0.6589147178311928,755.1876220703125,0.46684229373931885,0.16104130446910858,0.3449586791496788,0.6271186351085632,855.7203979492188,1,0.9166666666666667,1431,155,1721,720,1.0,1.0140845070422535
linear,116,0.9333333333333333,1.9333333333333333,1.9333333333333333,3440,720,0.5332973599433899,0.1330525279045105,0.24949031329112717,0.661538450553496,779.11572265625,0.46687328815460205,0.1619904786348343,0.34696882275154706,0.6302520916726813,880.4087524414062,1,0.9333333333333333,1430,155,1720,720,1.0,1.0140845070422535
linear,117,0.95,1.95,1.95,3440,720,0.5332794785499573,0.13332562148571014,0.25001078111636443,0.6628352379922012,805.5070190429688,0.466774582862854,0.16328972578048706,0.3498256509185457,0.6333333239654196,912.4464721679688,1,0.95,1429,155,1719,720,1.0,1.0140845070422535
linear,118,0.9666666666666666,1.9666666666666666,1.9666666666666666,3440,720,0.5332770347595215,0.13359038531780243,0.2505084113981398,0.6692307576082599,830.8945922851562,0.4668837785720825,0.16448745131492615,0.3523091941529917,0.6416666565505245,934.9093627929688,1,0.9666666666666666,1428,155,1718,720,1.0,1.0140845070422535
linear,119,0.9833333333333334,1.9833333333333334,1.9833333333333334,3440,720,0.5332745909690857,0.13384698331356049,0.2509907336114057,0.6833976705516025,858.4033813476562,0.46695399284362793,0.16551628708839417,0.3544595101025866,0.6597510256532205,961.5224609375,1,0.9833333333333334,1427,155,1717,720,1.0,1.0140845070422535
linear,120,1.0,2.0,2.0,3440,720,0.5339345932006836,0.13368630409240723,0.2503795470288337,0.6923076787725516,868.5625,0.46798935532569885,0.16621366143226624,0.3551654668831828,0.6680497800979105,966.78759765625,2,0.0,1426,155,1716,720,1.0,1.0140845070422535
linear,121,1.0166666666666666,2.0166666666666666,2.0166666666666666,3440,720,0.5333740711212158,0.1339094489812851,0.251061035249016,0.6899224671793113,872.0847778320312,0.46716347336769104,0.16577504575252533,0.3548544602790551,0.6680497800979105,967.6962890625,2,0.016666666666666607,1425,155,1715,720,1.0,1.0140845070422535
linear,122,1.0333333333333332,2.033333333333333,2.033333333333333,3440,720,0.5327208638191223,0.13329648971557617,0.2502182592545361,0.6887159399154154,854.9878540039062,0.4669063687324524,0.1643952578306198,0.3520946924668637,0.6680497800979105,951.4287719726562,2,0.033333333333333215,1424,155,1714,720,1.0,1.0140845070422535
linear,123,1.0499999999999998,2.05,2.05,3440,720,0.5332878828048706,0.1332678347826004,0.24989848181564273,0.6862744965132249,837.88134765625,0.46758416295051575,0.16313141584396362,0.34888138923647394,0.666666654305839,939.3719482421875,2,0.04999999999999982,1423,155,1713,720,1.0,1.0140845070422535
linear,124,1.0666666666666669,2.066666666666667,2.066666666666667,3440,720,0.5333975553512573,0.133150115609169,0.24962640300295688,0.6862744965132249,830.6756591796875,0.4677506983280182,0.16249339282512665,0.34739315180507513,0.666666654305839,930.596923828125,2,0.06666666666666687,1422,155,1712,720,1.0,1.0140845070422535
linear,125,1.0833333333333335,2.0833333333333335,2.0833333333333335,3440,720,0.5334033966064453,0.1329067200422287,0.2491673626304559,0.6850393568405053,811.9327392578125,0.46791791915893555,0.16142195463180542,0.3449792037718135,0.6652719542404006,912.8495483398438,2,0.08333333333333348,1421,155,1711,720,1.0,1.0140845070422535
linear,126,1.1,2.1,2.1,3440,720,0.5332298874855042,0.13240277767181396,0.2483033646391017,0.6771653417604935,771.76904296875,0.4681336283683777,0.16005267202854156,0.3418952600509237,0.6540084274522079,887.8163452148438,2,0.10000000000000009,1420,155,1710,720,1.0,1.0140845070422535
linear,127,1.1166666666666667,2.1166666666666667,2.1166666666666667,3440,720,0.53328937292099,0.13228462636470795,0.2480541158350919,0.6746031621522925,766.3543701171875,0.46810421347618103,0.1589936912059784,0.33965446845422154,0.6540084274522079,873.5330200195312,2,0.1166666666666667,1419,155,1709,720,1.0,1.0140845070422535
linear,128,1.1333333333333333,2.1333333333333333,2.1333333333333333,3440,720,0.5334119200706482,0.13219904899597168,0.2478366934508991,0.6733067605191787,745.9130249023438,0.4683688282966614,0.15820541977882385,0.3377795592767803,0.6525423616007013,851.1188354492188,2,0.1333333333333333,1419,155,1709,720,1.0,1.0140845070422535
linear,129,1.15,2.15,2.15,3440,720,0.5334047079086304,0.13200095295906067,0.2474686640879539,0.6706826985602611,724.2040405273438,0.46850183606147766,0.15730705857276917,0.33576614456312526,0.6510638185941557,827.3406982421875,2,0.1499999999999999,1418,155,1708,720,1.0,1.0140845070422535
linear,130,1.1666666666666665,2.1666666666666665,2.1666666666666665,3440,720,0.5334575772285461,0.13175785541534424,0.24698843651256566,0.6693548265140081,703.158203125,0.46872979402542114,0.1563767045736313,0.333618010270903,0.6480686585157479,803.4016723632812,2,0.16666666666666652,1417,155,1707,720,1.0,1.0140845070422535
linear,131,1.1833333333333331,2.183333333333333,2.183333333333333,3440,720,0.5334047675132751,0.131612166762352,0.24673975995476807,0.6680161822037264,682.1485595703125,0.46877655386924744,0.1555774062871933,0.3318796592625467,0.6480686585157479,783.8419799804688,2,0.18333333333333313,1416,155,1706,720,1.0,1.0140845070422535
linear,132,1.2000000000000002,2.2,2.2,3440,720,0.5334914922714233,0.13134931027889252,0.24620693997871065,0.6653061312236466,662.5548095703125,0.4691046476364136,0.15465162694454193,0.329674038462451,0.6480686585157479,758.91748046875,2,0.20000000000000018,1415,155,1705,720,1.0,1.0140845070422535
linear,133,1.2166666666666668,2.216666666666667,2.216666666666667,3440,720,0.5334388017654419,0.13121701776981354,0.24598325970235344,0.6639344352467242,642.7982177734375,0.46912577748298645,0.15394045412540436,0.32814323627644804,0.6480686585157479,734.819091796875,2,0.21666666666666679,1414,155,1704,720,1.0,1.0140845070422535
linear,134,1.2333333333333334,2.2333333333333334,2.2333333333333334,3440,720,0.5332056283950806,0.13079054653644562,0.24529100429267384,0.6625514073791648,611.192138671875,0.4691874384880066,0.15293876826763153,0.32596517396296243,0.6450216341983962,705.2039794921875,2,0.2333333333333334,1413,155,1703,720,1.0,1.0140845070422535
linear,135,1.25,2.25,2.25,3440,720,0.5336737632751465,0.13065467774868011,0.2448212452840893,0.6597510256532205,591.294189453125,0.47010326385498047,0.15196843445301056,0.3232660628096167,0.6450216341983962,679.1630249023438,2,0.25,1412,155,1702,720,1.0,1.0140845070422535
linear,136,1.2666666666666666,2.2666666666666666,2.2666666666666666,3440,720,0.533477783203125,0.13070236146450043,0.24500056633985265,0.6597510256532205,587.706298828125,0.46968787908554077,0.15167902410030365,0.3229357784711359,0.6450216341983962,669.979248046875,2,0.2666666666666666,1411,155,1701,720,1.0,1.0140845070422535
linear,137,1.2833333333333332,2.283333333333333,2.283333333333333,3440,720,0.5331421494483948,0.13010787963867188,0.24403975062352123,0.6611570130253246,561.8949584960938,0.46987512707710266,0.15072724223136902,0.3207814807333292,0.6450216341983962,647.6290893554688,2,0.2833333333333332,1410,155,1700,720,1.0,1.0140845070422535
linear,138,1.2999999999999998,2.3,2.3,3440,720,0.5334922075271606,0.13043315708637238,0.24448933424175373,0.6611570130253246,559.6593017578125,0.46995165944099426,0.1505046933889389,0.3202556840961192,0.6450216341983962,639.8150024414062,2,0.2999999999999998,1409,155,1699,720,1.0,1.0140845070422535
linear,139,1.3166666666666669,2.316666666666667,2.316666666666667,3440,720,0.5334550142288208,0.13035111129283905,0.24435257964113968,0.6611570130253246,547.3807983398438,0.4699002504348755,0.15004947781562805,0.3193219720218132,0.6450216341983962,629.9566040039062,2,0.3166666666666669,1408,155,1698,720,1.0,1.0140845070422535
linear,140,1.3333333333333335,2.3333333333333335,2.3333333333333335,3440,720,0.5337225794792175,0.13003064692020416,0.24362964859156927,0.6460905245958685,525.1145629882812,0.47050389647483826,0.14935432374477386,0.31743482187806465,0.6293103355103105,604.0285034179688,2,0.3333333333333335,1407,155,1697,720,1.0,1.0140845070422535
linear,141,1.35,2.35,2.35,3440,720,0.532951295375824,0.12985984981060028,0.24366175389893518,0.6460905245958685,521.0784301757812,0.46975407004356384,0.1490277349948883,0.3172462812479837,0.6293103355103105,594.5418701171875,2,0.3500000000000001,1406,155,1696,720,1.0,1.0140845070422535
linear,142,1.3666666666666667,2.3666666666666667,2.3666666666666667,3440,720,0.5334876775741577,0.13004907965660095,0.24377147342978445,0.6611570130253246,513.080810546875,0.47023940086364746,0.14882518351078033,0.31648811237970503,0.6419213629874831,587.9564208984375,2,0.3666666666666667,1405,155,1695,720,1.0,1.0140845070422535
linear,143,1.3833333333333333,2.3833333333333333,2.3833333333333333,3440,720,0.5334808230400085,0.12997330725193024,0.24363257159828053,0.6611570130253246,505.0494689941406,0.4703092575073242,0.14831049740314484,0.31534674659762085,0.6419213629874831,583.8641357421875,2,0.3833333333333333,1405,155,1695,720,1.0,1.0140845070422535
linear,144,1.4,2.4,2.4,3440,720,0.5335607528686523,0.1298457533121109,0.24335701263714413,0.6475409731374604,496.8082275390625,0.4705692231655121,0.1479201465845108,0.3143430045127562,0.6277055940017354,572.8853759765625,2,0.3999999999999999,1404,155,1694,720,1.0,1.0140845070422535
linear,145,1.4166666666666665,2.4166666666666665,2.4166666666666665,3440,720,0.5335034132003784,0.1297985166311264,0.24329462752552086,0.6408163166957136,483.8736877441406,0.4707695543766022,0.14751408994197845,0.3133467010283855,0.6206896218058228,558.1886596679688,2,0.4166666666666665,1403,155,1693,720,1.0,1.0140845070422535
linear,146,1.4333333333333331,2.433333333333333,2.433333333333333,3440,720,0.533510148525238,0.12978702783584595,0.24327002168920514,0.6408163166957136,483.8941650390625,0.4706801772117615,0.1475236862897873,0.3134265904917209,0.6206896218058228,555.6171875,2,0.4333333333333331,1402,155,1692,720,1.0,1.0140845070422535
linear,147,1.4500000000000002,2.45,2.45,3440,720,0.5335202217102051,0.12973615527153015,0.24317007596067997,0.6475409731374604,479.49462890625,0.47073981165885925,0.14735588431358337,0.31303042048643764,0.6277055940017354,549.2459716796875,2,0.4500000000000002,1401,155,1691,720,1.0,1.0140845070422535
linear,148,1.4666666666666668,2.466666666666667,2.466666666666667,3440,720,0.5335303544998169,0.12970015406608582,0.2430979803514638,0.6460905245958685,475.6107482910156,0.4708583950996399,0.14725308120250702,0.3127332540051957,0.6277055940017354,546.80712890625,2,0.4666666666666668,1400,155,1690,720,1.0,1.0140845070422535
linear,149,1.4833333333333334,2.4833333333333334,2.4833333333333334,3440,720,0.5332439541816711,0.12956276535987854,0.24297089899312527,0.6393442525498825,472.2824401855469,0.4705812633037567,0.14673283696174622,0.31181189156040057,0.6206896218058228,541.9202880859375,2,0.4833333333333334,1399,155,1689,720,1.0,1.0140845070422535
linear,150,1.5,2.5,2.5,3440,720,0.5339003801345825,0.12943167984485626,0.2424266440641294,0.6393442525498825,465.73876953125,0.4715646505355835,0.1469469517469406,0.311615699912806,0.6206896218058228,534.2188720703125,2,0.5,1398,155,1688,720,1.0,1.0140845070422535
linear,151,1.5166666666666666,2.5166666666666666,2.5166666666666666,3440,720,0.5330469012260437,0.1294429749250412,0.24283599097744257,0.6393442525498825,468.8004150390625,0.47066065669059753,0.1472124606370926,0.3127783370388734,0.6206896218058228,537.19873046875,2,0.5166666666666666,1397,155,1687,720,1.0,1.0140845070422535
linear,152,1.5333333333333332,2.533333333333333,2.533333333333333,3440,720,0.5335546135902405,0.12969641387462616,0.24307991748232036,0.6408163166957136,469.71551513671875,0.4712589979171753,0.1473008245229721,0.31256871921451,0.6206896218058228,539.2169799804688,2,0.5333333333333332,1396,155,1686,720,1.0,1.0140845070422535
linear,153,1.5499999999999998,2.55,2.55,3440,720,0.5335643291473389,0.12971296906471252,0.24310651883519802,0.6393442525498825,471.3912658691406,0.4714861512184143,0.14733462035655975,0.3124898087693978,0.6206896218058228,541.987548828125,2,0.5499999999999998,1395,155,1685,720,1.0,1.0140845070422535
linear,154,1.5666666666666669,2.566666666666667,2.566666666666667,3440,720,0.5335621237754822,0.12974783778190613,0.24317287447632624,0.6475409731374604,474.45892333984375,0.47158801555633545,0.14746809005737305,0.3127053319121154,0.6277055940017354,540.6749267578125,2,0.5666666666666669,1394,155,1684,720,1.0,1.0140845070422535
linear,155,1.5833333333333335,2.5833333333333335,2.5833333333333335,3440,720,0.533582329750061,0.1297721117734909,0.24320915837334184,0.6475409731374604,477.6416015625,0.4716603457927704,0.14769794046878815,0.31314469968657066,0.6293103355103105,540.5546264648438,2,0.5833333333333335,1393,155,1683,720,1.0,1.0140845070422535
linear,156,1.6,2.6,2.6,3440,720,0.5336461067199707,0.1297757625579834,0.24318693323516274,0.6489795595074104,482.5787658691406,0.4718643128871918,0.1479046791791916,0.3134474720915721,0.6277055940017354,545.5576782226562,2,0.6000000000000001,1392,155,1682,720,1.0,1.0140845070422535
linear,157,1.6166666666666667,2.6166666666666667,2.6166666666666667,3440,720,0.5335805416107178,0.12990114092826843,0.24345179099226216,0.6611570130253246,488.386962890625,0.47177597880363464,0.1483524590730667,0.31445529784012566,0.6419213629874831,551.3128051757812,2,0.6166666666666667,1391,155,1681,720,1.0,1.0140845070422535
linear,158,1.6333333333333333,2.6333333333333333,2.6333333333333333,3440,720,0.5335941314697266,0.1299630105495453,0.24356153947188477,0.6489795595074104,495.9498291015625,0.471931129693985,0.14856867492198944,0.3148100695756717,0.6293103355103105,562.4884033203125,2,0.6333333333333333,1391,155,1681,720,1.0,1.0140845070422535
linear,159,1.65,2.65,2.65,3440,720,0.5334504246711731,0.12997865676879883,0.2436564830037483,0.6422763907393467,502.2350769042969,0.47200122475624084,0.14888720214366913,0.31543816240345235,0.6223175879359597,562.300048828125,2,0.6499999999999999,1390,155,1680,720,1.0,1.0140845070422535
linear,160,1.6666666666666665,2.6666666666666665,2.6666666666666665,3440,720,0.5339141488075256,0.1299123466014862,0.24332066205481392,0.6356274986400745,512.3978271484375,0.4727645814418793,0.1490301936864853,0.31523129351113166,0.61538460742939,569.2687377929688,2,0.6666666666666665,1389,155,1679,720,1.0,1.0140845070422535
linear,161,1.6833333333333331,2.683333333333333,2.683333333333333,3440,720,0.5336135029792786,0.1302541345357895,0.2440982684425526,0.6422763907393467,523.5269165039062,0.4722912609577179,0.14981971681118011,0.3172188986414547,0.6223175879359597,582.0154418945312,2,0.6833333333333331,1388,155,1678,720,1.0,1.0140845070422535
linear,162,1.7000000000000002,2.7,2.7,3440,720,0.5336357951164246,0.13034674525260925,0.2442616181351834,0.6356274986400745,533.157470703125,0.4723658263683319,0.15037581324577332,0.318346081930693,0.6137338725455729,590.5918579101562,2,0.7000000000000002,1387,155,1677,720,1.0,1.0140845070422535
linear,163,1.7166666666666668,2.716666666666667,2.716666666666667,3440,720,0.5336165428161621,0.1304766833782196,0.24451393550224165,0.6356274986400745,549.656982421875,0.47254520654678345,0.15082737803459167,0.3191808376281792,0.6137338725455729,603.7387084960938,2,0.7166666666666668,1386,155,1676,720,1.0,1.0140845070422535
linear,164,1.7333333333333334,2.7333333333333334,2.7333333333333334,3440,720,0.5336434841156006,0.13058923184871674,0.24471249680489465,0.6437247082707334,559.1226806640625,0.4725818634033203,0.15144924819469452,0.32047197896953966,0.6223175879359597,614.4860229492188,2,0.7333333333333334,1385,155,1675,720,1.0,1.0140845070422535
linear,165,1.75,2.75,2.75,3440,720,0.5338545441627502,0.13058756291866302,0.24461262323305433,0.6385542294493043,576.5093383789062,0.47314658761024475,0.1519193947315216,0.3210831389231831,0.61538460742939,627.0382690429688,2,0.75,1384,155,1674,720,1.0,1.0140845070422535
linear,166,1.7666666666666666,2.7666666666666666,2.7666666666666666,3440,720,0.5336388349533081,0.13090774416923523,0.24531149748045286,0.6385542294493043,589.077392578125,0.4727226197719574,0.15295356512069702,0.3235587964013532,0.620253156259768,643.4671630859375,2,0.7666666666666666,1383,155,1673,720,1.0,1.0140845070422535
linear,167,1.7833333333333332,2.783333333333333,2.783333333333333,3440,720,0.5336284041404724,0.13107801973819733,0.2456353827210039,0.6414342532953543,604.2951049804688,0.4726874828338623,0.15377207100391388,0.325314448414993,0.6170212685242932,658.3331298828125,2,0.7833333333333332,1382,155,1672,720,1.0,1.0140845070422535
linear,168,1.7999999999999998,2.8,2.8,3440,720,0.5337116718292236,0.13119535148143768,0.2458169006752552,0.6414342532953543,621.4577026367188,0.4729352295398712,0.1544795036315918,0.3266398667646086,0.6170212685242932,674.874755859375,2,0.7999999999999998,1381,155,1671,720,1.0,1.0140845070422535
linear,169,1.8166666666666669,2.816666666666667,2.816666666666667,3440,720,0.5336440205574036,0.13143734633922577,0.24630153962733622,0.6414342532953543,640.2123413085938,0.4728644788265228,0.1553497165441513,0.32852903995745725,0.6170212685242932,691.9131469726562,2,0.8166666666666669,1380,155,1670,720,1.0,1.0140845070422535
linear,170,1.8333333333333335,2.8333333333333335,2.8333333333333335,3440,720,0.5337292551994324,0.13154755532741547,0.24646869471971267,0.6494023801013104,658.0732421875,0.4732303321361542,0.155995711684227,0.32964013038569095,0.6271186351085632,706.8680419921875,2,0.8333333333333335,1379,155,1669,720,1.0,1.0140845070422535
linear,171,1.85,2.85,2.85,3440,720,0.5336849093437195,0.13179105520248413,0.24694543620334936,0.6507936193166532,679.212890625,0.4731723368167877,0.15700647234916687,0.33181666977246194,0.6286919740578779,728.333740234375,2,0.8500000000000001,1378,155,1668,720,1.0,1.0140845070422535
linear,172,1.8666666666666667,2.8666666666666667,2.8666666666666667,3440,720,0.5336882472038269,0.1320035755634308,0.2473421024008325,0.6470588135526683,699.9198608398438,0.4731702506542206,0.15804457664489746,0.33401206666365696,0.6234309538288146,745.664306640625,2,0.8666666666666667,1377,155,1667,720,1.0,1.0140845070422535
linear,173,1.8833333333333333,2.8833333333333333,2.8833333333333333,3440,720,0.5336748361587524,0.1322455257177353,0.24780168424575919,0.6535432965204582,722.3648071289062,0.4732252359390259,0.15901492536067963,0.33602375766141684,0.6333333239654196,767.3709106445312,2,0.8833333333333333,1377,155,1667,720,1.0,1.0140845070422535
linear,174,1.9,2.9,2.9,3440,720,0.5337148308753967,0.13243834674358368,0.24814439584696366,0.6575875378562145,745.4684448242188,0.47344136238098145,0.15997467935085297,0.33789754905940134,0.6348547623191505,792.7127685546875,2,0.8999999999999999,1376,155,1666,720,1.0,1.0140845070422535
linear,175,1.9166666666666665,2.9166666666666665,2.9166666666666665,3440,720,0.5337207317352295,0.1326635181903839,0.24856354234813718,0.6575875378562145,769.3312377929688,0.4735928475856781,0.1608535349369049,0.33964518754973994,0.6393442525498825,811.3518676757812,2,0.9166666666666665,1375,155,1665,720,1.0,1.0140845070422535
linear,176,1.9333333333333331,2.933333333333333,2.933333333333333,3440,720,0.5337160229682922,0.13291063904762268,0.24902875468895425,0.6589147178311928,793.7314453125,0.47359612584114075,0.16183924674987793,0.34172417066376565,0.6393442525498825,835.3555297851562,2,0.9333333333333331,1374,155,1664,720,1.0,1.0140845070422535
linear,177,1.9500000000000002,2.95,2.95,3440,720,0.5337070226669312,0.13318538665771484,0.24954774530923488,0.6602316493130085,819.4410400390625,0.47355756163597107,0.1631135791540146,0.34444297573052385,0.6422763907393467,865.929931640625,2,0.9500000000000002,1373,155,1663,720,1.0,1.0140845070422535
linear,178,1.9666666666666668,2.966666666666667,2.966666666666667,3440,720,0.5337057113647461,0.13346479833126068,0.2500718897859593,0.661538450553496,846.403564453125,0.47359251976013184,0.16446517407894135,0.3472714701860705,0.6437247082707334,889.238037109375,2,0.9666666666666668,1372,155,1662,720,1.0,1.0140845070422535
linear,179,1.9833333333333334,2.9833333333333334,2.9833333333333334,3440,720,0.5337092876434326,0.1337297111749649,0.2505665757846864,0.6628352379922012,872.1407470703125,0.47367000579833984,0.16555112600326538,0.34950729512451784,0.6437247082707334,906.134033203125,2,0.9833333333333334,1371,155,1661,720,1.0,1.0140845070422535
linear,180,2.0,3.0,3.0,3440,720,0.534376859664917,0.13358457386493683,0.24998195365136505,0.6679245170048895,883.251708984375,0.47491124272346497,0.16612817347049713,0.34980888011771655,0.647999989742596,909.704833984375,3,0.0,1370,155,1661,720,1.0,1.0140845070422535
linear,181,2.0166666666666666,3.0166666666666666,3.0166666666666666,3440,720,0.5338008999824524,0.1338191032409668,0.25069103618681693,0.6641221262909671,886.3584594726562,0.47392240166664124,0.16571685671806335,0.34967085885490723,0.6451613019761249,910.4981689453125,3,0.016666666666666607,1369,155,1660,720,1.0,1.0140845070422535
linear,182,2.033333333333333,3.033333333333333,3.033333333333333,3440,720,0.5331534147262573,0.13319356739521027,0.24982221105228247,0.6628352379922012,868.7830200195312,0.4736388325691223,0.1643267571926117,0.34694527226961974,0.6451613019761249,897.1394653320312,3,0.033333333333333215,1368,155,1659,720,1.0,1.0140845070422535
linear,183,2.05,3.05,3.05,3440,720,0.5337209701538086,0.13317447900772095,0.24952078700249425,0.661538450553496,849.7581176757812,0.47430554032325745,0.16301999986171722,0.34370249251903723,0.6437247082707334,883.8709106445312,3,0.04999999999999982,1367,155,1658,720,1.0,1.0140845070422535
linear,184,2.066666666666667,3.066666666666667,3.066666666666667,3440,720,0.5338360667228699,0.13306400179862976,0.2492600399274012,0.6666666551682224,842.3773193359375,0.4743269681930542,0.16247627139091492,0.3425406499328107,0.6504065150297845,878.6236572265625,3,0.06666666666666687,1366,155,1657,720,1.0,1.0140845070422535
linear,185,2.0833333333333335,3.0833333333333335,3.0833333333333335,3440,720,0.533850908279419,0.13281401991844177,0.2487848486736639,0.6653696383710147,824.6107788085938,0.47448086738586426,0.1613597422838211,0.3400763865823781,0.6489795595074104,862.9618530273438,3,0.08333333333333348,1365,155,1656,720,1.0,1.0140845070422535
linear,186,2.1,3.1,3.1,3440,720,0.5336821675300598,0.13231201469898224,0.24792286546149409,0.6640624886309318,784.92236328125,0.47481095790863037,0.15983375906944275,0.33662608884847867,0.6446280888773142,834.57958984375,3,0.10000000000000009,1364,155,1656,720,1.0,1.0140845070422535
linear,187,2.1166666666666667,3.1166666666666667,3.1166666666666667,3440,720,0.533740758895874,0.13219986855983734,0.24768553624508272,0.6733067605191787,778.482421875,0.47454774379730225,0.15886349976062775,0.3347682050740135,0.6583333217207342,821.8455810546875,3,0.1166666666666667,1364,155,1655,720,1.0,1.0140845070422535
linear,188,2.1333333333333333,3.1333333333333333,3.1333333333333333,3440,720,0.5338630080223083,0.1321152001619339,0.24747022307586258,0.6587301476366072,757.318603515625,0.47473642230033875,0.15823112428188324,0.33330309939596,0.637130791855988,805.1065673828125,3,0.1333333333333333,1363,155,1654,720,1.0,1.0140845070422535
linear,189,2.15,3.15,3.15,3440,720,0.5338507890701294,0.13192984461784363,0.24712868248514624,0.6494023801013104,735.2559204101562,0.4747183620929718,0.15739694237709045,0.33155856530925426,0.6302520916726813,780.1512451171875,3,0.1499999999999999,1362,155,1653,720,1.0,1.0140845070422535
linear,190,2.1666666666666665,3.1666666666666665,3.1666666666666665,3440,720,0.5339128375053406,0.13168089091777802,0.2466336810081365,0.6518218730579561,712.3219604492188,0.47497111558914185,0.15643148124217987,0.3293494547655846,0.640167353993449,757.206787109375,3,0.16666666666666652,1361,155,1652,720,1.0,1.0140845070422535
linear,191,2.183333333333333,3.183333333333333,3.183333333333333,3440,720,0.5338637828826904,0.13154086470603943,0.24639405492506175,0.6437247082707334,690.8424682617188,0.4749211072921753,0.15565161406993866,0.32774203631417076,0.6302520916726813,736.09228515625,3,0.18333333333333313,1360,155,1651,720,1.0,1.0140845070422535
linear,192,2.2,3.2,3.2,3440,720,0.5339542031288147,0.13127711415290833,0.24585837310593173,0.6422763907393467,671.0760498046875,0.4752010107040405,0.15467385947704315,0.325491429391048,0.6302520916726813,714.5717163085938,3,0.20000000000000018,1359,155,1650,720,1.0,1.0140845070422535
linear,193,2.216666666666667,3.216666666666667,3.216666666666667,3440,720,0.533900260925293,0.13115191459655762,0.24564871332479488,0.6475409731374604,651.3505859375,0.4750685691833496,0.15402735769748688,0.32422131129417636,0.6355932106059426,693.0640869140625,3,0.21666666666666679,1358,155,1649,720,1.0,1.0140845070422535
linear,194,2.2333333333333334,3.2333333333333334,3.2333333333333334,3440,720,0.5336658358573914,0.13072355091571808,0.24495393874362836,0.6393442525498825,620.6791381835938,0.47506311535835266,0.15291333198547363,0.32188002777552366,0.6286919740578779,661.1261596679688,3,0.2333333333333334,1357,155,1648,720,1.0,1.0140845070422535
linear,195,2.25,3.25,3.25,3440,720,0.5341426730155945,0.13059546053409576,0.24449545914735102,0.6408163166957136,599.3419799804688,0.4759273827075958,0.15205910801887512,0.3195006430577499,0.6302520916726813,638.6961059570312,3,0.25,1356,155,1647,720,1.0,1.0140845070422535
linear,196,2.2666666666666666,3.2666666666666666,3.2666666666666666,3440,720,0.5339526534080505,0.13064083456993103,0.24466744624156755,0.6475409731374604,595.3939819335938,0.475443959236145,0.15178708732128143,0.3192533655756423,0.6386554522563624,629.9010620117188,3,0.2666666666666666,1355,155,1646,720,1.0,1.0140845070422535
linear,197,2.283333333333333,3.283333333333333,3.283333333333333,3440,720,0.5335130095481873,0.13013993203639984,0.24393018964487614,0.6475409731374604,571.5560913085938,0.47517451643943787,0.15102779865264893,0.31783647954431704,0.6386554522563624,608.81982421875,3,0.2833333333333332,1354,155,1645,720,1.0,1.0140845070422535
linear,198,2.3,3.3,3.3,3440,720,0.5340845584869385,0.13026149570941925,0.2438967597930231,0.6422763907393467,555.2422485351562,0.47573691606521606,0.1504853218793869,0.3163204570308207,0.6317991539111318,596.9180297851562,3,0.2999999999999998,1354,155,1644,720,1.0,1.0140845070422535
linear,199,2.316666666666667,3.316666666666667,3.316666666666667,3440,720,0.5339382290840149,0.13029614090919495,0.24402848751331502,0.6489795595074104,552.9063110351562,0.47548842430114746,0.15013572573661804,0.3157505312558887,0.637130791855988,589.0167846679688,3,0.3166666666666669,1353,155,1644,720,1.0,1.0140845070422535
linear,200,2.3333333333333335,3.3333333333333335,3.3333333333333335,3440,720,0.5342109203338623,0.12997572124004364,0.24330412176106833,0.6290322016773654,531.87353515625,0.4760439395904541,0.1493595987558365,0.3137517006241382,0.6150627280690545,568.0869750976562,3,0.3333333333333335,1352,155,1643,720,1.0,1.0140845070422535
linear,201,2.35,3.35,3.35,3440,720,0.533417820930481,0.12982016801834106,0.24337425652210753,0.6341463322527692,528.2637939453125,0.4751734435558319,0.14899566769599915,0.31356058841467344,0.621848731089,564.33642578125,3,0.3500000000000001,1351,155,1642,720,1.0,1.0140845070422535
linear,202,2.3666666666666667,3.3666666666666667,3.3666666666666667,3440,720,0.533966064453125,0.13001428544521332,0.2434879136813528,0.6341463322527692,519.4463500976562,0.4755359888076782,0.1488243043422699,0.31296117373957033,0.621848731089,556.3987426757812,3,0.3666666666666667,1350,155,1641,720,1.0,1.0140845070422535
linear,203,2.3833333333333333,3.3833333333333333,3.3833333333333333,3440,720,0.5339645743370056,0.12994490563869476,0.24335865982580132,0.6326530521075914,510.36016845703125,0.47558656334877014,0.14846108853816986,0.3121641712733894,0.6170212685242932,545.9287719726562,3,0.3833333333333333,1349,155,1640,720,1.0,1.0140845070422535
linear,204,2.4,3.4,3.4,3440,720,0.5340538024902344,0.129811629652977,0.24306844482146767,0.6326530521075914,502.4764404296875,0.4758557677268982,0.147984117269516,0.3109852274494114,0.6170212685242932,536.5560302734375,3,0.3999999999999999,1348,155,1639,720,1.0,1.0140845070422535
linear,205,2.4166666666666665,3.4166666666666665,3.4166666666666665,3440,720,0.5339928269386292,0.12976929545402527,0.2430169217212541,0.6408163166957136,488.8083190917969,0.4758909046649933,0.14759834110736847,0.31015162626349224,0.6271186351085632,523.7702026367188,3,0.4166666666666665,1347,155,1638,720,1.0,1.0140845070422535
linear,206,2.433333333333333,3.433333333333333,3.433333333333333,3440,720,0.5340108871459961,0.1297476887702942,0.24296824177882229,0.6408163166957136,489.2173767089844,0.47578221559524536,0.14753594994544983,0.310091344334836,0.6286919740578779,522.469970703125,3,0.4333333333333331,1346,155,1637,720,1.0,1.0140845070422535
linear,207,2.45,3.45,3.45,3440,720,0.5340209603309631,0.12970319390296936,0.24288033824324334,0.6341463322527692,484.2746276855469,0.47576308250427246,0.14737406373023987,0.3097635483965508,0.6170212685242932,517.7196044921875,3,0.4500000000000002,1345,155,1636,720,1.0,1.0140845070422535
linear,208,2.466666666666667,3.466666666666667,3.466666666666667,3440,720,0.5340337753295898,0.12966600060462952,0.2428048639742961,0.6341463322527692,479.983154296875,0.4758322238922119,0.14719922840595245,0.30935110722090514,0.6170212685242932,509.5635681152344,3,0.4666666666666668,1344,155,1635,720,1.0,1.0140845070422535
linear,209,2.4833333333333334,3.4833333333333334,3.4833333333333334,3440,720,0.5337448120117188,0.12953345477581024,0.24268798390884666,0.6393442525498825,476.35003662109375,0.4754244089126587,0.14658306539058685,0.3083204386637026,0.6239316151893075,507.4953918457031,3,0.4833333333333334,1343,155,1634,720,1.0,1.0140845070422535
linear,210,2.5,3.5,3.5,3440,720,0.5344089865684509,0.12939897179603577,0.24213471821569793,0.6393442525498825,469.1495666503906,0.4766027629375458,0.14670772850513458,0.3078197124219402,0.6223175879359597,494.8837585449219,3,0.5,1342,155,1634,720,1.0,1.0140845070422535
linear,211,2.5166666666666666,3.5166666666666666,3.5166666666666666,3440,720,0.5335605144500732,0.12940174341201782,0.24252495730524437,0.6393442525498825,472.00738525390625,0.4755847454071045,0.14697597920894623,0.30904266282280973,0.6206896218058228,497.3075256347656,3,0.5166666666666666,1342,155,1633,720,1.0,1.0140845070422535
linear,212,2.533333333333333,3.533333333333333,3.533333333333333,3440,720,0.534068763256073,0.12966908514499664,0.24279473288512873,0.6393442525498825,472.8285827636719,0.47598716616630554,0.14712944626808167,0.3091038028652183,0.6223175879359597,499.57086181640625,3,0.5333333333333332,1341,155,1632,720,1.0,1.0140845070422535
linear,213,2.55,3.55,3.55,3440,720,0.5340821743011475,0.12967991828918457,0.2428089198647811,0.6341463322527692,474.7514343261719,0.4761306047439575,0.14709119498729706,0.30893034480968284,0.6170212685242932,503.5114440917969,3,0.5499999999999998,1340,155,1631,720,1.0,1.0140845070422535
linear,214,2.566666666666667,3.566666666666667,3.566666666666667,3440,720,0.5340836644172668,0.1297159194946289,0.2428756498429962,0.6290322016773654,477.2001037597656,0.47613927721977234,0.14723192155361176,0.30922027546459047,0.6101694581887391,502.8631286621094,3,0.5666666666666669,1339,155,1630,720,1.0,1.0140845070422535
linear,215,2.5833333333333335,3.5833333333333335,3.5833333333333335,3440,720,0.5341057777404785,0.12974098324775696,0.24291252075103512,0.6275303307387268,481.47332763671875,0.47617313265800476,0.14739751815795898,0.3095460557375918,0.6085106049982653,506.61553955078125,3,0.5833333333333335,1338,155,1629,720,1.0,1.0140845070422535
linear,216,2.6,3.6,3.6,3440,720,0.5341712832450867,0.12974706292152405,0.2428941138587055,0.6356274986400745,485.3882751464844,0.47624555230140686,0.14756737649440765,0.3098556462789989,0.6170212685242932,505.5327453613281,3,0.6000000000000001,1337,155,1628,720,1.0,1.0140845070422535
linear,217,2.6166666666666667,3.6166666666666667,3.6166666666666667,3440,720,0.5341071486473083,0.12987099587917328,0.24315531776074192,0.6370967870420771,491.6904296875,0.4760575294494629,0.1479337066411972,0.31074753445198083,0.61538460742939,513.605712890625,3,0.6166666666666667,1336,155,1627,720,1.0,1.0140845070422535
linear,218,2.6333333333333333,3.6333333333333333,3.6333333333333333,3440,720,0.534116804599762,0.1299412101507187,0.24328238055581444,0.6385542294493043,498.217041015625,0.476092666387558,0.14828802645206451,0.31146882488768274,0.6170212685242932,518.8834228515625,3,0.6333333333333333,1335,155,1626,720,1.0,1.0140845070422535
linear,219,2.65,3.65,3.65,3440,720,0.533979058265686,0.12995313107967377,0.24336746288904046,0.6385542294493043,504.41571044921875,0.4761010706424713,0.14860159158706665,0.3121219371872403,0.6137338725455729,517.893798828125,3,0.6499999999999999,1334,155,1625,720,1.0,1.0140845070422535
linear,220,2.6666666666666665,3.6666666666666665,3.6666666666666665,3440,720,0.5344553589820862,0.12988074123859406,0.24301513049810408,0.6319999886898621,514.6829223632812,0.4768475890159607,0.1486523151397705,0.311739674156973,0.606837548039544,522.9927978515625,3,0.6666666666666665,1333,155,1624,720,1.0,1.0140845070422535
linear,221,2.683333333333333,3.683333333333333,3.683333333333333,3440,720,0.5341492295265198,0.1302255541086197,0.2437999429224202,0.6370967870420771,525.2520751953125,0.47634345293045044,0.14929048717021942,0.3134093333658636,0.6137338725455729,529.7220458984375,3,0.6833333333333331,1332,155,1623,720,1.0,1.0140845070422535
linear,222,2.7,3.7,3.7,3440,720,0.5341726541519165,0.13031814992427826,0.24396259612269547,0.6451613019761249,534.9944458007812,0.4762708842754364,0.14982642233371735,0.3145823608676576,0.6206896218058228,542.5088500976562,3,0.7000000000000002,1332,155,1622,720,1.0,1.0140845070422535
linear,223,2.716666666666667,3.716666666666667,3.716666666666667,3440,720,0.5341610908508301,0.1304507702589035,0.24421615510960465,0.6414342532953543,551.9434814453125,0.47655752301216125,0.15024101734161377,0.3152631255076179,0.6170212685242932,557.9557495117188,3,0.7166666666666668,1331,155,1622,720,1.0,1.0140845070422535
linear,224,2.7333333333333334,3.7333333333333334,3.7333333333333334,3440,720,0.5341815948486328,0.13056932389736176,0.2444287162122706,0.6428571331209219,561.596923828125,0.47651100158691406,0.15084046125411987,0.3165518898540859,0.61538460742939,570.3683471679688,3,0.7333333333333334,1330,155,1621,720,1.0,1.0140845070422535
linear,225,2.75,3.75,3.75,3440,720,0.5343997478485107,0.1305663138628006,0.2443233028182115,0.6363636026425015,578.4414672851562,0.4769335687160492,0.15125416219234467,0.3171388405897847,0.6085106049982653,580.7764282226562,3,0.75,1329,155,1620,720,1.0,1.0140845070422535
linear,226,2.7666666666666666,3.7666666666666666,3.7666666666666666,3440,720,0.5341928601264954,0.1308733969926834,0.24499278128083765,0.6428571331209219,591.4686889648438,0.4764898419380188,0.15214577317237854,0.31930537985973617,0.6137338725455729,592.23974609375,3,0.7666666666666666,1328,155,1619,720,1.0,1.0140845070422535
linear,227,2.783333333333333,3.783333333333333,3.783333333333333,3440,720,0.5341947078704834,0.13103270530700684,0.24529015530021764,0.6442687435147362,606.6080322265625,0.4765166938304901,0.1527998000383377,0.3206599030213487,0.61538460742939,605.4199829101562,3,0.7833333333333332,1327,155,1618,720,1.0,1.0140845070422535
linear,228,2.8,3.8,3.8,3440,720,0.5342780947685242,0.13115151226520538,0.24547424102664048,0.6456692814404464,623.9142456054688,0.47665640711784363,0.15349702537059784,0.3220286559839785,0.6137338725455729,620.0474853515625,3,0.7999999999999998,1326,155,1617,720,1.0,1.0140845070422535
linear,229,2.816666666666667,3.816666666666667,3.816666666666667,3440,720,0.5342060923576355,0.13139967620372772,0.24597187419577515,0.6456692814404464,642.0142211914062,0.47643786668777466,0.154395192861557,0.3240615417374493,0.6170212685242932,644.9620361328125,3,0.8166666666666669,1325,155,1616,720,1.0,1.0140845070422535
linear,230,2.8333333333333335,3.8333333333333335,3.8333333333333335,3440,720,0.5342836976051331,0.13152553141117096,0.24617170529252974,0.6456692814404464,660.8485717773438,0.47663646936416626,0.15506809949874878,0.325338294932041,0.6170212685242932,658.09228515625,3,0.8333333333333335,1324,155,1615,720,1.0,1.0140845070422535
linear,231,2.85,3.85,3.85,3440,720,0.5342486500740051,0.13175852596759796,0.2466239708478567,0.6470588135526683,680.8917846679688,0.4765634834766388,0.15597473084926605,0.3272905562098242,0.61538460742939,670.5874633789062,3,0.8500000000000001,1323,155,1614,720,1.0,1.0140845070422535
linear,232,2.8666666666666667,3.8666666666666667,3.8666666666666667,3440,720,0.5342543125152588,0.13196498155593872,0.24700779384367016,0.6549019501447796,701.5473022460938,0.4765762686729431,0.1568722277879715,0.329164993744112,0.6223175879359597,689.3015747070312,3,0.8666666666666667,1322,155,1613,720,1.0,1.0140845070422535
linear,233,2.8833333333333333,3.8833333333333333,3.8833333333333333,3440,720,0.5342504382133484,0.13219605386257172,0.24744210192928154,0.6511627804941631,724.0104370117188,0.47657233476638794,0.1578122228384018,0.33114011874893856,0.61538460742939,711.616943359375,3,0.8833333333333333,1321,155,1612,720,1.0,1.0140845070422535
linear,234,2.9,3.9,3.9,3440,720,0.534286618232727,0.13239651918411255,0.24780054784834077,0.6589147178311928,747.485595703125,0.476868599653244,0.15864263474941254,0.33267577596430564,0.6206896218058228,736.7626953125,3,0.8999999999999999,1320,155,1612,720,1.0,1.0140845070422535
linear,235,2.9166666666666665,3.9166666666666665,3.9166666666666665,3440,720,0.5342851877212524,0.13263574242591858,0.24824895578544057,0.6666666551682224,771.315673828125,0.4767940640449524,0.1596825271844864,0.3349087916084952,0.6293103355103105,758.126708984375,3,0.9166666666666665,1320,155,1611,720,1.0,1.0140845070422535
linear,236,2.933333333333333,3.933333333333333,3.933333333333333,3440,720,0.5342832207679749,0.13287924230098724,0.24870562025685808,0.6602316493130085,796.2789916992188,0.476808100938797,0.16058887541294098,0.33679979792448234,0.6223175879359597,780.34228515625,3,0.9333333333333331,1319,155,1610,720,1.0,1.0140845070422535
linear,237,2.95,3.95,3.95,3440,720,0.5342756509780884,0.13314507901668549,0.24920670871089146,0.6666666551682224,823.3289184570312,0.47670087218284607,0.16166631877422333,0.33913576587889277,0.6293103355103105,800.1364135742188,3,0.9500000000000002,1318,155,1609,720,1.0,1.0140845070422535
linear,238,2.966666666666667,3.966666666666667,3.966666666666667,3440,720,0.5342853665351868,0.13340365886688232,0.24968615037154523,0.6809338394006151,849.502197265625,0.47687771916389465,0.16276338696479797,0.3413105226158695,0.6450216341983962,821.8578491210938,3,0.9666666666666668,1317,155,1608,720,1.0,1.0140845070422535
linear,239,2.9833333333333334,3.9833333333333334,3.9833333333333334,3440,720,0.534289538860321,0.13367444276809692,0.25019101169625035,0.6641221262909671,876.3565063476562,0.476908415555954,0.16381606459617615,0.34349584913541475,0.6239316151893075,846.9619140625,3,0.9833333333333334,1316,155,1607,720,1.0,1.0140845070422535
linear,240,3.0,4.0,4.0,3440,720,0.5349675416946411,0.13352273404598236,0.2495903417375807,0.6730037904822911,886.9517211914062,0.4779112637042999,0.1645151823759079,0.3442379191031578,0.6293103355103105,854.8856201171875,4,0.0,1315,155,1606,720,1.0,1.0140845070422535
linear,241,3.0166666666666666,4.016666666666667,4.016666666666667,3440,720,0.534369170665741,0.13378624618053436,0.2503629532187045,0.6704980726085756,890.552734375,0.4768364727497101,0.16427473723888397,0.3445095817576342,0.6277055940017354,860.4771118164062,4,0.016666666666666607,1314,155,1605,720,1.0,1.0140845070422535
linear,242,3.033333333333333,4.033333333333333,4.033333333333333,3440,720,0.5337018966674805,0.1331755518913269,0.24953171466614427,0.6692307576082599,872.9415893554688,0.4764919877052307,0.16294941306114197,0.3419772290949288,0.6260869474254467,848.478271484375,4,0.033333333333333215,1313,155,1604,720,1.0,1.0140845070422535
linear,243,3.05,4.05,4.05,3440,720,0.5342628359794617,0.13316941261291504,0.24925823237581896,0.6679536563925398,854.4906616210938,0.47707244753837585,0.16167248785495758,0.33888455579507565,0.6260869474254467,846.7429809570312,4,0.04999999999999982,1312,155,1603,720,1.0,1.0140845070422535
linear,244,3.0666666666666664,4.066666666666666,4.066666666666666,3440,720,0.5343944430351257,0.13305546343326569,0.2489836162736516,0.6784313599211136,847.2523193359375,0.4770425260066986,0.1612176150083542,0.33795228483795076,0.6403508666687711,840.9917602539062,4,0.06666666666666643,1311,155,1602,720,1.0,1.0140845070422535
linear,245,3.083333333333333,4.083333333333333,4.083333333333333,3440,720,0.5344081521034241,0.13281525671482086,0.24852774739079883,0.6837944532186354,827.9580688476562,0.47710028290748596,0.16019175946712494,0.33576118448996123,0.6475770812544592,833.0866088867188,4,0.08333333333333304,1310,155,1601,720,1.0,1.0140845070422535
linear,246,3.0999999999999996,4.1,4.1,3440,720,0.5342258214950562,0.13233031332492828,0.24770481980363185,0.6746031621522925,786.7380981445312,0.4770912826061249,0.15902361273765564,0.33331904229269116,0.6403508666687711,808.792724609375,4,0.09999999999999964,1310,155,1600,720,1.0,1.0140845070422535
linear,247,3.1166666666666663,4.116666666666666,4.116666666666666,3440,720,0.5342849493026733,0.13223262131214142,0.24749456073913434,0.6719999876738939,781.3946533203125,0.4770066738128662,0.15796129405498505,0.33115111258473395,0.6403508666687711,801.1237182617188,4,0.11666666666666625,1309,155,1600,720,1.0,1.0140845070422535
linear,248,3.1333333333333337,4.133333333333334,4.133333333333334,3440,720,0.5344091653823853,0.13215024769306183,0.24728289441981322,0.6573704861595014,760.6220092773438,0.47722962498664856,0.15733027458190918,0.32967415065560796,0.6260869474254467,780.7893676757812,4,0.13333333333333375,1308,155,1599,720,1.0,1.0140845070422535
linear,249,3.1500000000000004,4.15,4.15,3440,720,0.5343891978263855,0.13197754323482513,0.24696895315614703,0.6559999890530286,737.7903442382812,0.47710761427879333,0.1565748006105423,0.32817501260271054,0.6260869474254467,762.366455078125,4,0.15000000000000036,1307,155,1598,720,1.0,1.0140845070422535
linear,250,3.166666666666667,4.166666666666667,4.166666666666667,3440,720,0.5344617962837219,0.1316758096218109,0.2463708502154597,0.6587301476366072,673.1705932617188,0.4772668480873108,0.1555909514427185,0.32600409772064004,0.6244541394892493,694.6773681640625,4,0.16666666666666696,1306,155,1597,720,1.0,1.0140845070422535
linear,251,3.1833333333333336,4.183333333333334,4.183333333333334,3440,720,0.5344099402427673,0.13158676028251648,0.24622812547322578,0.6693548265140081,671.7093505859375,0.4770997166633606,0.15496261417865753,0.32480130571946114,0.6387665094036171,695.6424560546875,4,0.18333333333333357,1305,155,1596,720,1.0,1.0140845070422535
linear,252,3.2,4.2,4.2,3440,720,0.5344865918159485,0.13133329153060913,0.24571858505787952,0.6680161822037264,662.1306762695312,0.47737812995910645,0.15395686030387878,0.3225050487587621,0.6387665094036171,694.1251831054688,4,0.20000000000000018,1304,155,1595,720,1.0,1.0140845070422535
linear,253,3.216666666666667,4.216666666666667,4.216666666666667,3440,720,0.5344176292419434,0.1312338411808014,0.24556420212280597,0.6639344352467242,648.1489868164062,0.477114737033844,0.15344326198101044,0.3216066217507337,0.6387665094036171,685.3397827148438,4,0.21666666666666679,1303,155,1594,720,1.0,1.0140845070422535
linear,254,3.2333333333333334,4.233333333333333,4.233333333333333,3440,720,0.5341503024101257,0.1308477520942688,0.24496429011503157,0.6639344352467242,631.7850341796875,0.4769124984741211,0.15232771635055542,0.31940390248502204,0.6387665094036171,673.69921875,4,0.2333333333333334,1302,155,1593,720,1.0,1.0140845070422535
linear,255,3.25,4.25,4.25,3440,720,0.5346037745475769,0.13074475526809692,0.24456384157239597,0.6653061312236466,602.9613647460938,0.47773000597953796,0.15167264640331268,0.31748611418590267,0.6403508666687711,649.67236328125,4,0.25,1301,155,1592,720,1.0,1.0140845070422535
linear,256,3.2666666666666666,4.266666666666667,4.266666666666667,3440,720,0.5344515442848206,0.13076847791671753,0.24467788870350674,0.6653061312236466,598.04931640625,0.4772683084011078,0.1513538956642151,0.31712537754708797,0.6403508666687711,638.9688720703125,4,0.2666666666666666,1300,155,1591,720,1.0,1.0140845070422535
linear,257,3.283333333333333,4.283333333333333,4.283333333333333,3440,720,0.5341117978096008,0.1301732212305069,0.24371904782324302,0.6475409731374604,571.2113037109375,0.47719883918762207,0.15038391947746277,0.3151388980368973,0.6260869474254467,618.8573608398438,4,0.2833333333333332,1299,155,1590,720,1.0,1.0140845070422535
linear,258,3.3,4.3,4.3,3440,720,0.534462571144104,0.1305168718099594,0.24420207590691723,0.6408163166957136,568.3119506835938,0.477395236492157,0.15015992522239685,0.31454005109132105,0.6190476106473736,615.7694702148438,4,0.2999999999999998,1298,155,1590,720,1.0,1.0140845070422535
linear,259,3.3166666666666664,4.316666666666666,4.316666666666666,3440,720,0.5344257950782776,0.13044598698616028,0.2440862431166732,0.6422763907393467,556.31103515625,0.4771142601966858,0.14984582364559174,0.31406695000721574,0.6190476106473736,603.93212890625,4,0.31666666666666643,1298,155,1589,720,1.0,1.0140845070422535
linear,260,3.333333333333333,4.333333333333333,4.333333333333333,3440,720,0.5346867442131042,0.1301327645778656,0.2433813135494282,0.6437247082707334,533.2584228515625,0.47756966948509216,0.14904458820819855,0.31208972137614766,0.6190476106473736,575.687744140625,4,0.33333333333333304,1297,155,1588,720,1.0,1.0140845070422535
linear,261,3.3499999999999996,4.35,4.35,3440,720,0.5338870286941528,0.1299869567155838,0.24347277100699433,0.6504065150297845,528.269287109375,0.4767056107521057,0.14863191545009613,0.3117897272022874,0.6244541394892493,570.5265502929688,4,0.34999999999999964,1296,155,1587,720,1.0,1.0140845070422535
linear,262,3.3666666666666663,4.366666666666666,4.366666666666666,3440,720,0.5344504714012146,0.13017399609088898,0.2435660563904829,0.6437247082707334,519.2367553710938,0.477006733417511,0.14843206107616425,0.3111739259967772,0.6190476106473736,564.8501586914062,4,0.36666666666666625,1295,155,1586,720,1.0,1.0140845070422535
linear,263,3.3833333333333337,4.383333333333334,4.383333333333334,3440,720,0.5344539880752563,0.13009975850582123,0.24342555013968087,0.6422763907393467,510.249755859375,0.47698402404785156,0.14804810285568237,0.3103837702895314,0.6173912960662399,559.917724609375,4,0.38333333333333375,1294,155,1585,720,1.0,1.0140845070422535
linear,264,3.4000000000000004,4.4,4.4,3440,720,0.5344975590705872,0.12999245524406433,0.24320495127807995,0.6422763907393467,495.637939453125,0.4771001935005188,0.14756369590759277,0.3092928798288226,0.6173912960662399,548.4255981445312,4,0.40000000000000036,1293,155,1584,720,1.0,1.0140845070422535
linear,265,3.416666666666667,4.416666666666667,4.416666666666667,3440,720,0.5344873666763306,0.12993007898330688,0.2430928861056874,0.6422763907393467,486.7449645996094,0.4771973788738251,0.147108793258667,0.30827660982353733,0.6190476106473736,537.2315063476562,4,0.41666666666666696,1292,155,1583,720,1.0,1.0140845070422535
linear,266,3.4333333333333336,4.433333333333334,4.433333333333334,3440,720,0.5344857573509216,0.12992210686206818,0.24307870255554737,0.6422763907393467,486.5329284667969,0.4768509864807129,0.14714519679546356,0.3085768885489057,0.6190476106473736,540.1998901367188,4,0.43333333333333357,1291,155,1582,720,1.0,1.0140845070422535
linear,267,3.45,4.45,4.45,3440,720,0.5344906449317932,0.12988486886024475,0.24300680968279875,0.6408163166957136,481.9615478515625,0.47677722573280334,0.14692597091197968,0.30816481975309806,0.6206896218058228,534.552001953125,4,0.4500000000000002,1290,155,1581,720,1.0,1.0140845070422535
linear,268,3.466666666666667,4.466666666666667,4.466666666666667,3440,720,0.5344979166984558,0.12985943257808685,0.24295591449758566,0.6422763907393467,477.7376708984375,0.47670671343803406,0.14674916863441467,0.30783951939266124,0.6190476106473736,532.3828735351562,4,0.4666666666666668,1289,155,1580,720,1.0,1.0140845070422535
linear,269,3.4833333333333334,4.483333333333333,4.483333333333333,3440,720,0.5342157483100891,0.1297300159931183,0.2428419865477192,0.6475409731374604,474.0015869140625,0.47622916102409363,0.14616666734218597,0.30692506094884103,0.6260869474254467,530.73779296875,4,0.4833333333333334,1288,155,1579,720,1.0,1.0140845070422535
linear,270,3.5,4.5,4.5,3440,720,0.5348613858222961,0.12960343062877655,0.2423121796433339,0.6422763907393467,466.7904357910156,0.4769735038280487,0.14630821347236633,0.30674284678438385,0.6173912960662399,520.6920166015625,4,0.5,1288,155,1578,720,1.0,1.0140845070422535
linear,271,3.5166666666666666,4.516666666666667,4.516666666666667,3440,720,0.5340162515640259,0.1295929104089737,0.24267596276829134,0.6422763907393467,469.5108642578125,0.4763632118701935,0.14634466171264648,0.30721234342588405,0.6173912960662399,522.829833984375,4,0.5166666666666666,1287,155,1578,720,1.0,1.0140845070422535
linear,272,3.533333333333333,4.533333333333333,4.533333333333333,3440,720,0.5345255732536316,0.12987078726291656,0.24296458641399218,0.6475409731374604,470.0971984863281,0.4765808880329132,0.14647361636161804,0.30734260849771283,0.6244541394892493,525.5933227539062,4,0.5333333333333332,1286,155,1577,720,1.0,1.0140845070422535
linear,273,3.55,4.55,4.55,3440,720,0.5345367789268494,0.1298874318599701,0.24299063142264843,0.6275303307387268,471.158203125,0.4766189157962799,0.14638812839984894,0.30713872336328346,0.6034482426849872,529.6097412109375,4,0.5499999999999998,1285,155,1576,720,1.0,1.0140845070422535
linear,274,3.5666666666666664,4.566666666666666,4.566666666666666,3440,720,0.5345316529273987,0.12992359697818756,0.2430606192094444,0.6341463322527692,472.6661071777344,0.4764997363090515,0.14642803370952606,0.30729928996552863,0.6103896027970327,527.8759765625,4,0.5666666666666664,1284,155,1575,720,1.0,1.0140845070422535
linear,275,3.583333333333333,4.583333333333333,4.583333333333333,3440,720,0.5345422625541687,0.12996788322925568,0.24313864384988404,0.6356274986400745,476.2516784667969,0.476350873708725,0.1466231495141983,0.30780492810810905,0.6103896027970327,534.3016967773438,4,0.583333333333333,1283,155,1574,720,1.0,1.0140845070422535
linear,276,3.5999999999999996,4.6,4.6,3440,720,0.5346124172210693,0.1299675554037094,0.24310612471035226,0.6356274986400745,480.2106018066406,0.47641804814338684,0.1466575562953949,0.3078337476688501,0.6103896027970327,538.3548583984375,4,0.5999999999999996,1282,155,1573,720,1.0,1.0140845070422535
linear,277,3.6166666666666663,4.616666666666666,4.616666666666666,3440,720,0.5345388054847717,0.1301005333662033,0.2433883744218191,0.6356274986400745,486.0155944824219,0.4760652482509613,0.14694839715957642,0.3086728019168151,0.6103896027970327,546.6921997070312,4,0.6166666666666663,1281,155,1572,720,1.0,1.0140845070422535
linear,278,3.6333333333333337,4.633333333333334,4.633333333333334,3440,720,0.534548819065094,0.13016359508037567,0.24350178693315433,0.6370967870420771,492.9101257324219,0.4760061800479889,0.14714562892913818,0.3091254525793112,0.6120689578014058,553.6472778320312,4,0.6333333333333337,1280,155,1571,720,1.0,1.0140845070422535
linear,279,3.6500000000000004,4.65,4.65,3440,720,0.5344115495681763,0.13018196821212769,0.2435987131665329,0.6370967870420771,498.92852783203125,0.4759208858013153,0.14737987518310547,0.30967304962510567,0.6120689578014058,557.7786865234375,4,0.6500000000000004,1279,155,1570,720,1.0,1.0140845070422535
linear,280,3.666666666666667,4.666666666666667,4.666666666666667,3440,720,0.534879207611084,0.13010944426059723,0.24325013942718016,0.6385542294493043,508.5176086425781,0.47653988003730774,0.14729629456996918,0.3090954139399275,0.6103896027970327,561.0272216796875,4,0.666666666666667,1278,155,1569,720,1.0,1.0140845070422535
linear,281,3.6833333333333336,4.683333333333334,4.683333333333334,3440,720,0.534571647644043,0.13045479357242584,0.24403612070898867,0.6385542294493043,518.6290283203125,0.4759252965450287,0.14783839881420135,0.3106336157819209,0.6103896027970327,573.5460205078125,4,0.6833333333333336,1277,155,1568,720,1.0,1.0140845070422535
linear,282,3.7,4.7,4.7,3440,720,0.5345932245254517,0.13054105639457703,0.24418763269695296,0.6414342532953543,528.0220336914062,0.4761774241924286,0.1480894386768341,0.3109963388500042,0.6103896027970327,584.4363403320312,4,0.7000000000000002,1276,155,1568,720,1.0,1.0140845070422535
linear,283,3.716666666666667,4.716666666666667,4.716666666666667,3440,720,0.5345749258995056,0.13068173825740814,0.2444591571385885,0.6428571331209219,544.501220703125,0.47609075903892517,0.14852023124694824,0.3119578049092677,0.6103896027970327,601.2723388671875,4,0.7166666666666668,1276,155,1567,720,1.0,1.0140845070422535
linear,284,3.7333333333333334,4.733333333333333,4.733333333333333,3440,720,0.5345937013626099,0.13080757856369019,0.24468596577815827,0.6428571331209219,553.2493896484375,0.4758547246456146,0.14909711480140686,0.3133248530403813,0.6103896027970327,612.4530029296875,4,0.7333333333333334,1275,155,1566,720,1.0,1.0140845070422535
linear,285,3.75,4.75,4.75,3440,720,0.5347931981086731,0.13082073628902435,0.24461929266394275,0.6428571331209219,570.453125,0.4761607050895691,0.1493646651506424,0.31368540162441977,0.6103896027970327,625.2863159179688,4,0.75,1274,155,1565,720,1.0,1.0140845070422535
linear,286,3.7666666666666666,4.766666666666667,4.766666666666667,3440,720,0.5346065163612366,0.13110363483428955,0.24523388393074366,0.6428571331209219,582.2918090820312,0.47565191984176636,0.15005441009998322,0.3154710423437183,0.6103896027970327,641.8133544921875,4,0.7666666666666666,1273,155,1564,720,1.0,1.0140845070422535
linear,287,3.783333333333333,4.783333333333333,4.783333333333333,3440,720,0.534601628780365,0.1312578171491623,0.24552453196479643,0.6442687435147362,597.1503295898438,0.475536048412323,0.15053677558898926,0.31656227309362805,0.6103896027970327,661.7073364257812,4,0.7833333333333332,1272,155,1563,720,1.0,1.0140845070422535
linear,288,3.8,4.8,4.8,3440,720,0.5346832871437073,0.1313740462064743,0.24570441401158036,0.6442687435147362,613.97265625,0.4756111204624176,0.1510525643825531,0.3175967817146978,0.6103896027970327,677.2947998046875,4,0.7999999999999998,1271,155,1562,720,1.0,1.0140845070422535
linear,289,3.8166666666666664,4.816666666666666,4.816666666666666,3440,720,0.5346070528030396,0.13162635266780853,0.24621139866291372,0.6456692814404464,632.4515380859375,0.47530221939086914,0.15179355442523956,0.31936217639831593,0.6103896027970327,702.5861206054688,4,0.8166666666666664,1270,155,1561,720,1.0,1.0140845070422535
linear,290,3.833333333333333,4.833333333333333,4.833333333333333,3440,720,0.5346782207489014,0.1317616105079651,0.24643159741778176,0.6456692814404464,651.178466796875,0.4752819538116455,0.15242765843868256,0.3207099575507766,0.6103896027970327,724.1751708984375,4,0.833333333333333,1269,155,1560,720,1.0,1.0140845070422535
linear,291,3.8499999999999996,4.85,4.85,3440,720,0.534633219242096,0.13200071454048157,0.24689957024857534,0.6456692814404464,670.8219604492188,0.47507694363594055,0.15318922698497772,0.32245139616342916,0.6103896027970327,748.6759033203125,4,0.8499999999999996,1268,155,1559,720,1.0,1.0140845070422535
linear,292,3.8666666666666663,4.866666666666666,4.866666666666666,3440,720,0.5346415638923645,0.13219477236270905,0.24725868473019805,0.6484374899461771,691.3423461914062,0.47495871782302856,0.1538795381784439,0.32398507315309305,0.6103896027970327,768.3161010742188,4,0.8666666666666663,1267,155,1558,720,1.0,1.0140845070422535
linear,293,3.8833333333333337,4.883333333333334,4.883333333333334,3440,720,0.5346460938453674,0.13240869343280792,0.24765670689541525,0.6525096422334772,713.6407470703125,0.4749545753002167,0.1545795053243637,0.32546165487939166,0.6103896027970327,786.90673828125,4,0.8833333333333337,1266,155,1557,720,1.0,1.0140845070422535
linear,294,3.9000000000000004,4.9,4.9,3440,720,0.5346761345863342,0.1326056271791458,0.24801111574136062,0.6511627804941631,736.52880859375,0.47476497292518616,0.15540063381195068,0.32732117869029703,0.6103896027970327,811.4653930664062,4,0.9000000000000004,1266,155,1556,720,1.0,1.0140845070422535
linear,295,3.916666666666667,4.916666666666667,4.916666666666667,3440,720,0.5346680283546448,0.1328504979610443,0.2484728624697119,0.6484374899461771,759.9279174804688,0.4749508202075958,0.1562773436307907,0.3290389945470431,0.6103896027970327,839.787109375,4,0.916666666666667,1265,155,1556,720,1.0,1.0140845070422535
linear,296,3.9333333333333336,4.933333333333334,4.933333333333334,3440,720,0.5346539616584778,0.13311168551445007,0.24896791676594546,0.6525096422334772,785.0485229492188,0.47475287318229675,0.15717726945877075,0.33107175338294353,0.6103896027970327,870.2542114257812,4,0.9333333333333336,1264,155,1555,720,1.0,1.0140845070422535
linear,297,3.95,4.95,4.95,3440,720,0.5346454977989197,0.1333731859922409,0.24946096814939028,0.6551724033758268,811.2822875976562,0.4744907021522522,0.15810221433639526,0.3332040233606601,0.6103896027970327,900.5795288085938,4,0.9500000000000002,1263,155,1554,720,1.0,1.0140845070422535
linear,298,3.966666666666667,4.966666666666667,4.966666666666667,3440,720,0.534649670124054,0.1336178481578827,0.24991663349892873,0.656488539132555,837.0008544921875,0.47456157207489014,0.15888692438602448,0.33480781080367916,0.6103896027970327,929.6040649414062,4,0.9666666666666668,1262,155,1553,720,1.0,1.0140845070422535
linear,299,3.9833333333333334,4.983333333333333,4.983333333333333,3440,720,0.5346575379371643,0.1338803470134735,0.2504039221554351,0.6603773478072813,863.1780395507812,0.4745481014251709,0.15976887941360474,0.3366758302625716,0.6103896027970327,956.1234741210938,4,0.9833333333333334,1261,155,1552,720,1.0,1.0140845070422535
linear,300,4.0,5.0,5.0,3440,720,0.5353200435638428,0.13373394310474396,0.24982053673204063,0.6679245170048895,873.136962890625,0.4754885137081146,0.1603279411792755,0.33718572202111674,0.6173912960662399,968.0038452148438,5,0.0,1260,155,1551,720,1.0,1.0140845070422535
linear,301,4.016666666666667,5.016666666666667,5.016666666666667,3440,720,0.5347214937210083,0.13401390612125397,0.25062374561090384,0.6641221262909671,876.7996826171875,0.4742744565010071,0.1602097749710083,0.3377997052064959,0.6173912960662399,975.0013427734375,5,0.016666666666666607,1259,155,1550,720,1.0,1.0140845070422535
linear,302,4.033333333333333,5.033333333333333,5.033333333333333,3440,720,0.5340202450752258,0.13343475759029388,0.24986834548344486,0.6628352379922012,859.723388671875,0.47391125559806824,0.15898241102695465,0.3354687313168668,0.6173912960662399,962.4860229492188,5,0.033333333333333215,1258,155,1549,720,1.0,1.0140845070422535
linear,303,4.05,5.05,5.05,3440,720,0.5345733165740967,0.13343872129917145,0.2496172455036917,0.661538450553496,841.0750732421875,0.47437116503715515,0.15758682787418365,0.3322015252335698,0.6173912960662399,956.9165649414062,5,0.04999999999999982,1257,155,1548,720,1.0,1.0140845070422535
linear,304,4.066666666666666,5.066666666666666,5.066666666666666,3440,720,0.5347257852554321,0.13332349061965942,0.2493305761618857,0.6589147178311928,834.166259765625,0.4742797911167145,0.1572590470314026,0.33157441379778063,0.6173912960662399,953.1868896484375,5,0.06666666666666643,1256,155,1547,720,1.0,1.0140845070422535
linear,305,4.083333333333333,5.083333333333333,5.083333333333333,3440,720,0.5347358584403992,0.13308954238891602,0.24888837694221358,0.6575875378562145,815.9129638671875,0.47434309124946594,0.1561783254146576,0.32925181161751627,0.6173912960662399,943.1339721679688,5,0.08333333333333304,1255,155,1546,720,1.0,1.0140845070422535
linear,306,4.1,5.1,5.1,3440,720,0.5345429182052612,0.13262714445590973,0.24811317755378048,0.6521739025521953,776.4075927734375,0.4746010899543762,0.1549491435289383,0.3264829001530626,0.6173912960662399,912.9544067382812,5,0.09999999999999964,1254,155,1546,720,1.0,1.0140845070422535
linear,307,4.116666666666666,5.116666666666666,5.116666666666666,3440,720,0.5345950722694397,0.1325414776802063,0.24792872601361576,0.6521739025521953,771.5325317382812,0.4742746949195862,0.15425267815589905,0.3252390999474719,0.6173912960662399,905.3875732421875,5,0.11666666666666625,1254,155,1545,720,1.0,1.0140845070422535
linear,308,4.133333333333334,5.133333333333334,5.133333333333334,3440,720,0.534704327583313,0.13247859477996826,0.24776046399535068,0.6442687435147362,750.6276245117188,0.4742719531059265,0.1535785049200058,0.32381948937956667,0.6103896027970327,886.1466674804688,5,0.13333333333333375,1253,155,1544,720,1.0,1.0140845070422535
linear,309,4.15,5.15,5.15,3440,720,0.5346801280975342,0.1323145180940628,0.24746480870760626,0.6414342532953543,728.1947021484375,0.4741351306438446,0.1528000384569168,0.32227106864389826,0.6103896027970327,869.4437866210938,5,0.15000000000000036,1252,155,1543,720,1.0,1.0140845070422535
linear,310,4.166666666666667,5.166666666666667,5.166666666666667,3440,720,0.5347185730934143,0.1321059614419937,0.24705698589666378,0.647999989742596,707.4144897460938,0.4741835594177246,0.1519436091184616,0.3204320413401108,0.6173912960662399,851.5950927734375,5,0.16666666666666696,1251,155,1542,720,1.0,1.0140845070422535
linear,311,4.183333333333334,5.183333333333334,5.183333333333334,3440,720,0.5346575975418091,0.1319841891527176,0.24685740423584396,0.6385542294493043,685.6610107421875,0.4739571511745453,0.1512332260608673,0.319086277093242,0.6103896027970327,827.630859375,5,0.18333333333333357,1250,155,1541,720,1.0,1.0140845070422535
linear,312,4.2,5.2,5.2,3440,720,0.5347442626953125,0.13173004984855652,0.24634214254336462,0.6370967870420771,664.9916381835938,0.47422361373901367,0.15021009743213654,0.3167495036367143,0.6103896027970327,806.7181396484375,5,0.20000000000000018,1249,155,1540,720,1.0,1.0140845070422535
linear,313,4.216666666666667,5.216666666666667,5.216666666666667,3440,720,0.5346816182136536,0.1316264420747757,0.2461772298302702,0.6370967870420771,645.990966796875,0.4740229547023773,0.1496465802192688,0.31569478983624083,0.6103896027970327,790.1786499023438,5,0.21666666666666679,1248,155,1539,720,1.0,1.0140845070422535
linear,314,4.233333333333333,5.233333333333333,5.233333333333333,3440,720,0.5344149470329285,0.13125258684158325,0.24560051157680451,0.6341463322527692,626.996826171875,0.47375524044036865,0.14855366945266724,0.3135662756551668,0.6086956188483059,778.3846435546875,5,0.2333333333333334,1247,155,1538,720,1.0,1.0140845070422535
linear,315,4.25,5.25,5.25,3440,720,0.5348564982414246,0.13116396963596344,0.24523207180786213,0.6260162265481554,595.337890625,0.47446176409721375,0.1479986160993576,0.31192948342564214,0.6034482426849872,745.4365844726562,5,0.25,1246,155,1537,720,1.0,1.0140845070422535
linear,316,4.266666666666667,5.266666666666667,5.266666666666667,3440,720,0.5346848964691162,0.13121165335178375,0.24539995755306143,0.6260162265481554,591.915283203125,0.47388502955436707,0.14773499965667725,0.3117528246842411,0.6034482426849872,739.48583984375,5,0.2666666666666666,1245,155,1536,720,1.0,1.0140845070422535
linear,317,4.283333333333333,5.283333333333333,5.283333333333333,3440,720,0.5342437624931335,0.130719855427742,0.24468203872123206,0.6260162265481554,566.9176635742188,0.47353658080101013,0.14699392020702362,0.31041723715241576,0.6017315423942735,711.5484008789062,5,0.2833333333333332,1244,155,1535,720,1.0,1.0140845070422535
linear,318,4.3,5.3,5.3,3440,720,0.5348039269447327,0.13085636496543884,0.24468100536619963,0.6260162265481554,550.8317260742188,0.4740505814552307,0.1463320255279541,0.308684406613115,0.6034482426849872,693.6033325195312,5,0.2999999999999998,1244,155,1534,720,1.0,1.0140845070422535
linear,319,4.316666666666666,5.316666666666666,5.316666666666666,3440,720,0.5346494317054749,0.1309029906988144,0.24483891777993402,0.6260162265481554,548.1228637695312,0.4738582670688629,0.14608554542064667,0.308289529781532,0.6034482426849872,688.7147827148438,5,0.31666666666666643,1243,155,1534,720,1.0,1.0140845070422535
linear,320,4.333333333333333,5.333333333333333,5.333333333333333,3440,720,0.5348976254463196,0.13060897588729858,0.24417564638945954,0.6260162265481554,527.0311889648438,0.4742487967014313,0.14528939127922058,0.3063568937363488,0.6017315423942735,671.86474609375,5,0.33333333333333304,1242,155,1533,720,1.0,1.0140845070422535
linear,321,4.35,5.35,5.35,3440,720,0.5340434312820435,0.13050931692123413,0.24437958943551272,0.6260162265481554,523.728759765625,0.47333604097366333,0.14493104815483093,0.30619059726531367,0.6017315423942735,668.5581665039062,5,0.34999999999999964,1241,155,1532,720,1.0,1.0140845070422535
linear,322,4.366666666666666,5.366666666666666,5.366666666666666,3440,720,0.5346385836601257,0.1306770294904709,0.24442124276113028,0.6260162265481554,514.373291015625,0.4735775887966156,0.1446840614080429,0.30551289118339287,0.6017315423942735,660.8453979492188,5,0.36666666666666625,1240,155,1531,720,1.0,1.0140845070422535
linear,323,4.383333333333334,5.383333333333334,5.383333333333334,3440,720,0.5346361398696899,0.13061173260211945,0.2443002266755703,0.6260162265481554,505.7799987792969,0.47351428866386414,0.1442740559577942,0.30468785497058604,0.6017315423942735,652.4362182617188,5,0.38333333333333375,1239,155,1530,720,1.0,1.0140845070422535
linear,324,4.4,5.4,5.4,3440,720,0.5346698760986328,0.13051633536815643,0.24410638930968243,0.6260162265481554,491.3636169433594,0.4736301302909851,0.1437751203775406,0.30355990496974955,0.5982532687372327,638.3270874023438,5,0.40000000000000036,1238,155,1529,720,1.0,1.0140845070422535
linear,325,4.416666666666667,5.416666666666667,5.416666666666667,3440,720,0.5346487164497375,0.13046909868717194,0.24402769937101376,0.6275303307387268,482.9751892089844,0.4736853837966919,0.1433354616165161,0.3025963297446246,0.5982532687372327,632.7176513671875,5,0.41666666666666696,1237,155,1528,720,1.0,1.0140845070422535
linear,326,4.433333333333334,5.433333333333334,5.433333333333334,3440,720,0.5346486568450928,0.1304633766412735,0.24401702413497925,0.6275303307387268,483.2069396972656,0.473392128944397,0.14333271980285645,0.30277798892577684,0.5982532687372327,631.5607299804688,5,0.43333333333333357,1236,155,1527,720,1.0,1.0140845070422535
linear,327,4.45,5.45,5.45,3440,720,0.5346384048461914,0.13044530153274536,0.2439878952025413,0.6275303307387268,478.5763244628906,0.4732820391654968,0.14310798048973083,0.3023735650698406,0.5982532687372327,626.9956665039062,5,0.4500000000000002,1235,155,1526,720,1.0,1.0140845070422535
linear,328,4.466666666666667,5.466666666666667,5.466666666666667,3440,720,0.534639298915863,0.13043144345283508,0.24396156675670336,0.6290322016773654,474.7633056640625,0.4732208847999573,0.14291779696941376,0.30201074918686505,0.6017315423942735,623.4940795898438,5,0.4666666666666668,1234,155,1525,720,1.0,1.0140845070422535
linear,329,4.483333333333333,5.483333333333333,5.483333333333333,3440,720,0.5343616008758545,0.13030268251895905,0.24384738698834335,0.6356274986400745,471.0943603515625,0.47284895181655884,0.14246776700019836,0.3012965629719804,0.6086956188483059,618.5604858398438,5,0.4833333333333334,1233,155,1524,720,1.0,1.0140845070422535
linear,330,4.5,5.5,5.5,3440,720,0.5349893569946289,0.13019247353076935,0.24335525444578868,0.6290322016773654,463.5868225097656,0.4739445745944977,0.14240311086177826,0.30046363117244385,0.6017315423942735,607.3963623046875,5,0.5,1232,155,1524,720,1.0,1.0140845070422535
linear,331,4.516666666666667,5.516666666666667,5.516666666666667,3440,720,0.5340878963470459,0.13022127747535706,0.24381993287588194,0.6275303307387268,466.76458740234375,0.4728618860244751,0.14255943894386292,0.3014821878066574,0.5982532687372327,612.9819946289062,5,0.5166666666666666,1232,155,1523,720,1.0,1.0140845070422535
linear,332,4.533333333333333,5.533333333333333,5.533333333333333,3440,720,0.5346279144287109,0.13048554956912994,0.24406796504047798,0.6356274986400745,467.19921875,0.47309446334838867,0.1425955891609192,0.3014103888208206,0.6086956188483059,614.0569458007812,5,0.5333333333333332,1231,155,1522,720,1.0,1.0140845070422535
linear,333,4.55,5.55,5.55,3440,720,0.5346238613128662,0.1305191069841385,0.24413258364918322,0.6370967870420771,468.90557861328125,0.4730740785598755,0.14250868558883667,0.30123967690274334,0.6086956188483059,613.1552734375,5,0.5499999999999998,1230,155,1521,720,1.0,1.0140845070422535
linear,334,4.566666666666666,5.566666666666666,5.566666666666666,3440,720,0.5346042513847351,0.1305750161409378,0.24424611918117078,0.6319999886898621,471.5545349121094,0.47293025255203247,0.14257632195949554,0.3014743044569052,0.6017315423942735,615.6375732421875,5,0.5666666666666664,1229,155,1520,720,1.0,1.0140845070422535
linear,335,4.583333333333333,5.583333333333333,5.583333333333333,3440,720,0.5346118211746216,0.13062405586242676,0.24433439038456425,0.6319999886898621,474.7472839355469,0.4728582203388214,0.1426793485879898,0.3017381097200201,0.5982532687372327,616.5188598632812,5,0.583333333333333,1228,155,1519,720,1.0,1.0140845070422535
linear,336,4.6,5.6,5.6,3440,720,0.5346670746803284,0.13064126670360565,0.2443413302348968,0.6319999886898621,479.4077453613281,0.472871333360672,0.14273935556411743,0.3018566414908467,0.5982532687372327,621.090087890625,5,0.5999999999999996,1227,155,1518,720,1.0,1.0140845070422535
linear,337,4.616666666666666,5.616666666666666,5.616666666666666,3440,720,0.5345908403396606,0.1307792216539383,0.24463423115237692,0.6414342532953543,485.57073974609375,0.47262781858444214,0.1429835706949234,0.30252888646690684,0.6086956188483059,628.1746826171875,5,0.6166666666666663,1226,155,1517,720,1.0,1.0140845070422535
linear,338,4.633333333333334,5.633333333333334,5.633333333333334,3440,720,0.5345988869667053,0.13084304332733154,0.2447499313405437,0.6428571331209219,491.4144592285156,0.4726174473762512,0.14313781261444092,0.3028618820156886,0.6086956188483059,637.0025634765625,5,0.6333333333333337,1225,155,1516,720,1.0,1.0140845070422535
linear,339,4.65,5.65,5.65,3440,720,0.5344575047492981,0.13086572289466858,0.2448571107771863,0.6428571331209219,497.4341735839844,0.47257229685783386,0.14333416521549225,0.3033063155319682,0.6086956188483059,640.3737182617188,5,0.6500000000000004,1224,155,1515,720,1.0,1.0140845070422535
linear,340,4.666666666666667,5.666666666666667,5.666666666666667,3440,720,0.5349069833755493,0.1308141052722931,0.24455486073716495,0.6377952201852187,508.0035095214844,0.47320932149887085,0.1432744413614273,0.3027718006058999,0.6017315423942735,649.2052001953125,5,0.666666666666667,1223,155,1514,720,1.0,1.0140845070422535
linear,341,4.683333333333334,5.683333333333334,5.683333333333334,3440,720,0.5345986485481262,0.1311606615781784,0.2453441651619313,0.6377952201852187,518.0220947265625,0.4725877642631531,0.14383208751678467,0.3043499966562699,0.6017315423942735,660.884521484375,5,0.6833333333333336,1222,155,1513,720,1.0,1.0140845070422535
linear,342,4.7,5.7,5.7,3440,720,0.5346121788024902,0.13125218451023102,0.24550915085611985,0.6377952201852187,527.287841796875,0.47247835993766785,0.14403395354747772,0.3048477194130168,0.6017315423942735,669.8562622070312,5,0.7000000000000002,1222,155,1512,720,1.0,1.0140845070422535
linear,343,4.716666666666667,5.716666666666667,5.716666666666667,3440,720,0.5345759987831116,0.13140499591827393,0.24581162221888564,0.6392156525343409,544.1110229492188,0.4728567898273468,0.14427708089351654,0.3051179150774529,0.6017315423942735,685.3779296875,5,0.7166666666666668,1221,155,1512,720,1.0,1.0140845070422535
linear,344,4.733333333333333,5.733333333333333,5.733333333333333,3440,720,0.5345978140830994,0.1315307468175888,0.2460368166353466,0.6456692814404464,553.2744750976562,0.4727248549461365,0.14479763805866241,0.3063042560182677,0.6086956188483059,695.9090576171875,5,0.7333333333333334,1220,155,1511,720,1.0,1.0140845070422535
linear,345,4.75,5.75,5.75,3440,720,0.5347941517829895,0.13154299557209015,0.24596939340835228,0.6442687435147362,570.4542236328125,0.47304025292396545,0.1450471132993698,0.306627415608984,0.6086956188483059,714.9359741210938,5,0.75,1219,155,1510,720,1.0,1.0140845070422535
linear,346,4.766666666666667,5.766666666666667,5.766666666666667,3440,720,0.5345889329910278,0.13184933364391327,0.24663685130899934,0.6428571331209219,582.7282104492188,0.4724577069282532,0.1458485722541809,0.308701852098924,0.6086956188483059,730.8147583007812,5,0.7666666666666666,1218,155,1509,720,1.0,1.0140845070422535
linear,347,4.783333333333333,5.783333333333333,5.783333333333333,3440,720,0.5345770120620728,0.1320130079984665,0.24694852668609035,0.6442687435147362,597.9307250976562,0.47239649295806885,0.1463470757007599,0.3097971191242075,0.6086956188483059,743.9961547851562,5,0.7833333333333332,1217,155,1508,720,1.0,1.0140845070422535
linear,348,4.8,5.8,5.8,3440,720,0.5346517562866211,0.1321294754743576,0.24713184133300775,0.6456692814404464,614.5715942382812,0.4725510776042938,0.14674338698387146,0.3105344392027976,0.6086956188483059,760.0919799804688,5,0.7999999999999998,1216,155,1507,720,1.0,1.0140845070422535
linear,349,4.816666666666666,5.816666666666666,5.816666666666666,3440,720,0.5345752239227295,0.13237632811069489,0.24762899534142896,0.6470588135526683,632.9951782226562,0.4723604917526245,0.14737506210803986,0.3119970055947232,0.6086956188483059,780.2250366210938,5,0.8166666666666664,1215,155,1506,720,1.0,1.0140845070422535
linear,350,4.833333333333333,5.833333333333333,5.833333333333333,3440,720,0.5346317887306213,0.13252651691436768,0.24788371591257005,0.6484374899461771,652.1048583984375,0.4723818600177765,0.14796219766139984,0.3132258180353784,0.6086956188483059,803.619384765625,5,0.833333333333333,1214,155,1505,720,1.0,1.0140845070422535
linear,351,4.85,5.85,5.85,3440,720,0.5345726013183594,0.1327846646308899,0.24839406624932997,0.6484374899461771,672.3087768554688,0.4721671938896179,0.14875160157680511,0.3150400967102745,0.6086956188483059,823.7886962890625,5,0.8499999999999996,1213,155,1504,720,1.0,1.0140845070422535
linear,352,4.866666666666666,5.866666666666666,5.866666666666666,3440,720,0.5345757603645325,0.1329871565103531,0.24877138823495093,0.6575875378562145,692.4895629882812,0.47212618589401245,0.14941519498825073,0.3164730029548984,0.6157204903515452,844.5350952148438,5,0.8666666666666663,1212,155,1503,720,1.0,1.0140845070422535
linear,353,4.883333333333334,5.883333333333334,5.883333333333334,3440,720,0.5345664024353027,0.13320736587047577,0.24918768327330615,0.6538461434987322,714.81103515625,0.47209396958351135,0.15007293224334717,0.3178878332143609,0.6086956188483059,868.0588989257812,5,0.8833333333333337,1211,155,1502,720,1.0,1.0140845070422535
linear,354,4.9,5.9,5.9,3440,720,0.5345919132232666,0.13340643048286438,0.24954815942318043,0.6538461434987322,737.2991943359375,0.4724370837211609,0.15069429576396942,0.3189721928416386,0.6086956188483059,889.2465209960938,5,0.9000000000000004,1210,155,1502,720,1.0,1.0140845070422535
linear,355,4.916666666666667,5.916666666666667,5.916666666666667,3440,720,0.534575879573822,0.13365323841571808,0.25001733340848936,0.6575875378562145,761.537353515625,0.4721733629703522,0.15154336392879486,0.32094855958408797,0.6157204903515452,915.5137329101562,5,0.916666666666667,1210,155,1501,720,1.0,1.0140845070422535
linear,356,4.933333333333334,5.933333333333334,5.933333333333334,3440,720,0.5345557928085327,0.13392342627048492,0.2505321718833789,0.6589147178311928,786.6845703125,0.47202059626579285,0.15243935585021973,0.32295063780410843,0.6157204903515452,942.0836791992188,5,0.9333333333333336,1209,155,1500,720,1.0,1.0140845070422535
linear,357,4.95,5.95,5.95,3440,720,0.5345334410667419,0.1341979205608368,0.2510561692500715,0.6589147178311928,811.9495849609375,0.4718128442764282,0.15335148572921753,0.32502608680383926,0.6123348198078943,969.91259765625,5,0.9500000000000002,1208,155,1499,720,1.0,1.0140845070422535
linear,358,4.966666666666667,5.966666666666667,5.966666666666667,3440,720,0.534530520439148,0.1344495266675949,0.25152824583684075,0.661538450553496,838.455322265625,0.4718884527683258,0.1541243940591812,0.32661191408455514,0.6157204903515452,1000.3806762695312,5,0.9666666666666668,1207,155,1498,720,1.0,1.0140845070422535
linear,359,4.983333333333333,5.983333333333333,5.983333333333333,3440,720,0.5345258116722107,0.13471956551074982,0.25203565487125223,0.6666666554295506,865.5894775390625,0.4719093441963196,0.1549106389284134,0.3282635479693603,0.6123348198078943,1024.11767578125,5,0.9833333333333334,1206,155,1497,720,1.0,1.0140845070422535
