mean,std,rms_contrast,michelson,lap_var,video,frame_idx,time_sec,roi_x0,roi_y0,roi_x1,roi_y1,video_W,video_H,scale_x,scale_y
0.25054582953453064,0.1873420774936676,0.7477357350723352,0.9337748192513182,569.7857666015625,gauss,0,0.0,1930,76,2309,710,3440,710,1.0,1.0
0.25075116753578186,0.18715699017047882,0.7463852892326768,0.9337748192513182,568.0120239257812,gauss,1,0.016666666666666666,1930,76,2309,710,3440,710,1.0,1.0
0.2510928511619568,0.1868806928396225,0.7442692395746092,0.9333333180999669,564.3795776367188,gauss,2,0.03333333333333333,1930,76,2309,710,3440,710,1.0,1.0
0.2511127293109894,0.1867431253194809,0.7436624913251006,0.9333333180999669,562.5101318359375,gauss,3,0.05,1930,76,2309,710,3440,710,1.0,1.0
0.25139471888542175,0.18652427196502686,0.7419577681361771,0.9333333180999669,558.0639038085938,gauss,4,0.06666666666666667,1930,76,2309,710,3440,710,1.0,1.0
0.25163033604621887,0.1862666755914688,0.7402393173884353,0.9333333180999669,548.9324951171875,gauss,5,0.08333333333333333,1930,76,2309,710,3440,710,1.0,1.0
0.2518996596336365,0.18604032695293427,0.7385493090305033,0.9333333180999669,540.81494140625,gauss,6,0.1,1930,76,2309,710,3440,710,1.0,1.0
0.2520676255226135,0.18583661317825317,0.7372490037959728,0.9333333180999669,539.090576171875,gauss,7,0.11666666666666667,1930,76,2309,710,3440,710,1.0,1.0
0.2523398995399475,0.1856040507555008,0.7355318906703425,0.9333333180999669,530.7540283203125,gauss,8,0.13333333333333333,1930,76,2309,710,3440,710,1.0,1.0
0.2527748644351959,0.18528331816196442,0.7329973699955912,0.9333333180999669,522.5166015625,gauss,9,0.15,1930,76,2309,710,3440,710,1.0,1.0
0.2529173493385315,0.18507196009159088,0.7317487442365349,0.9333333180999669,518.4147338867188,gauss,10,0.16666666666666666,1930,76,2309,710,3440,710,1.0,1.0
0.25311484932899475,0.1848347932100296,0.7302407835716362,0.9333333180999669,509.90380859375,gauss,11,0.18333333333333332,1930,76,2309,710,3440,710,1.0,1.0
0.25337550044059753,0.18443556129932404,0.7279139210360424,0.9210526180184242,501.5069274902344,gauss,12,0.2,1930,76,2309,710,3440,710,1.0,1.0
0.2535804212093353,0.1842161864042282,0.7264605771261362,0.9210526180184242,499.22369384765625,gauss,13,0.21666666666666667,1930,76,2309,710,3440,710,1.0,1.0
0.2538367509841919,0.18403784930706024,0.7250244156657889,0.9210526180184242,494.7022705078125,gauss,14,0.23333333333333334,1930,76,2309,710,3440,710,1.0,1.0
0.2541090250015259,0.183828666806221,0.7234243631089983,0.9205297877372757,489.4165344238281,gauss,15,0.25,1930,76,2309,710,3440,710,1.0,1.0
0.2542809844017029,0.18360933661460876,0.7220725915698998,0.9205297877372757,481.89910888671875,gauss,16,0.26666666666666666,1930,76,2309,710,3440,710,1.0,1.0
0.2545274794101715,0.18335756659507751,0.7203841401177555,0.9210526180184242,476.8625793457031,gauss,17,0.2833333333333333,1930,76,2309,710,3440,710,1.0,1.0
0.2546679973602295,0.18318058550357819,0.7192917061013797,0.9205297877372757,472.1639709472656,gauss,18,0.3,1930,76,2309,710,3440,710,1.0,1.0
0.2548982501029968,0.1830187439918518,0.7180070351123596,0.9210526180184242,468.45196533203125,gauss,19,0.31666666666666665,1930,76,2309,710,3440,710,1.0,1.0
0.2550974190235138,0.18285129964351654,0.7167900528964645,0.9205297877372757,463.1684265136719,gauss,20,0.3333333333333333,1930,76,2309,710,3440,710,1.0,1.0
0.25526538491249084,0.18269412219524384,0.7157026601975344,0.9337748192513182,458.79388427734375,gauss,21,0.35,1930,76,2309,710,3440,710,1.0,1.0
0.25542864203453064,0.1825087070465088,0.7145193211207801,0.9337748192513182,453.00543212890625,gauss,22,0.36666666666666664,1930,76,2309,710,3440,710,1.0,1.0
0.25555190443992615,0.18240821361541748,0.7137814405154733,0.9337748192513182,447.7123107910156,gauss,23,0.38333333333333336,1930,76,2309,710,3440,710,1.0,1.0
0.25562721490859985,0.1823478639125824,0.713335068194639,0.9337748192513182,443.99658203125,gauss,24,0.4,1930,76,2309,710,3440,710,1.0,1.0
0.25584718585014343,0.1821877360343933,0.7120958876606392,0.9333333180999669,439.8806457519531,gauss,25,0.4166666666666667,1930,76,2309,710,3440,710,1.0,1.0
0.25596514344215393,0.18211086094379425,0.7114673950528576,0.9333333180999669,436.5643310546875,gauss,26,0.43333333333333335,1930,76,2309,710,3440,710,1.0,1.0
0.2561209201812744,0.18182778358459473,0.7099294206682082,0.9333333180999669,433.1413269042969,gauss,27,0.45,1930,76,2309,710,3440,710,1.0,1.0
0.25625815987586975,0.18171262741088867,0.7090998405978994,0.9205297877372757,428.8837585449219,gauss,28,0.4666666666666667,1930,76,2309,710,3440,710,1.0,1.0
0.25642603635787964,0.1816251575946808,0.708294497280501,0.9205297877372757,424.7591552734375,gauss,29,0.48333333333333334,1930,76,2309,710,3440,710,1.0,1.0
0.25665637850761414,0.181496262550354,0.7071566135785847,0.9333333180999669,420.2294616699219,gauss,30,0.5,1930,76,2309,710,3440,710,1.0,1.0
0.2569741904735565,0.18138329684734344,0.7058424406539145,0.9337748192513182,417.3177490234375,gauss,31,0.5166666666666667,1930,76,2309,710,3440,710,1.0,1.0
0.25711143016815186,0.1812751293182373,0.7050449766050187,0.9337748192513182,417.7703552246094,gauss,32,0.5333333333333333,1930,76,2309,710,3440,710,1.0,1.0
0.2572859823703766,0.18116679787635803,0.7041455938089276,0.9337748192513182,416.3521728515625,gauss,33,0.55,1930,76,2309,710,3440,710,1.0,1.0
0.2574179172515869,0.18095378577709198,0.7029572015791936,0.9333333180999669,413.3670959472656,gauss,34,0.5666666666666667,1930,76,2309,710,3440,710,1.0,1.0
0.2574968636035919,0.18087995052337646,0.7024549385474687,0.9337748192513182,411.7138671875,gauss,35,0.5833333333333334,1930,76,2309,710,3440,710,1.0,1.0
0.25770303606987,0.18072699010372162,0.7012993942443422,0.9337748192513182,409.785400390625,gauss,36,0.6,1930,76,2309,710,3440,710,1.0,1.0
0.2578625977039337,0.18070808053016663,0.7007921083992431,0.9333333180999669,407.1947937011719,gauss,37,0.6166666666666667,1930,76,2309,710,3440,710,1.0,1.0
0.2580593228340149,0.18062038719654083,0.699918058428512,0.9333333180999669,405.0265808105469,gauss,38,0.6333333333333333,1930,76,2309,710,3440,710,1.0,1.0
0.25830960273742676,0.18046261370182037,0.6986291055504066,0.9333333180999669,405.0592041015625,gauss,39,0.65,1930,76,2309,710,3440,710,1.0,1.0
0.25841549038887024,0.18031227588653564,0.6977610693445135,0.9337748192513182,404.89654541015625,gauss,40,0.6666666666666666,1930,76,2309,710,3440,710,1.0,1.0
0.2585585415363312,0.1802438199520111,0.6971102633466149,0.9333333180999669,404.0997619628906,gauss,41,0.6833333333333333,1930,76,2309,710,3440,710,1.0,1.0
0.2587221562862396,0.1801554262638092,0.6963277590389862,0.9333333180999669,403.5601501464844,gauss,42,0.7,1930,76,2309,710,3440,710,1.0,1.0
0.2589266896247864,0.18000729382038116,0.6952056086963291,0.9333333180999669,402.332763671875,gauss,43,0.7166666666666667,1930,76,2309,710,3440,710,1.0,1.0
0.25906655192375183,0.17985738813877106,0.6942516502446444,0.9333333180999669,401.6448974609375,gauss,44,0.7333333333333333,1930,76,2309,710,3440,710,1.0,1.0
0.25929316878318787,0.17980413138866425,0.6934394966826735,0.9337748192513182,401.0511169433594,gauss,45,0.75,1930,76,2309,710,3440,710,1.0,1.0
0.25951001048088074,0.179776132106781,0.6927521787931342,0.9333333180999669,400.4455871582031,gauss,46,0.7666666666666667,1930,76,2309,710,3440,710,1.0,1.0
0.2595619559288025,0.1797044426202774,0.6923373460253807,0.9333333180999669,400.160400390625,gauss,47,0.7833333333333333,1930,76,2309,710,3440,710,1.0,1.0
0.25968050956726074,0.17970362305641174,0.6920181127020045,0.9333333180999669,400.1387023925781,gauss,48,0.8,1930,76,2309,710,3440,710,1.0,1.0
0.2597742974758148,0.17975538969039917,0.6919675445853495,0.9333333180999669,400.7916564941406,gauss,49,0.8166666666666667,1930,76,2309,710,3440,710,1.0,1.0
0.259821355342865,0.17971271276474,0.6916779631559085,0.9333333180999669,400.4092712402344,gauss,50,0.8333333333333334,1930,76,2309,710,3440,710,1.0,1.0
0.2599002420902252,0.1797318160533905,0.6915415225953533,0.9333333180999669,400.77691650390625,gauss,51,0.85,1930,76,2309,710,3440,710,1.0,1.0
0.2600955665111542,0.17970623075962067,0.6909238256572733,0.9333333180999669,402.4200134277344,gauss,52,0.8666666666666667,1930,76,2309,710,3440,710,1.0,1.0
0.2603815495967865,0.17955918610095978,0.6896002404279931,0.9337748192513182,402.0554504394531,gauss,53,0.8833333333333333,1930,76,2309,710,3440,710,1.0,1.0
0.26060858368873596,0.17951473593711853,0.6888289192470998,0.9333333180999669,403.22900390625,gauss,54,0.9,1930,76,2309,710,3440,710,1.0,1.0
0.2607284188270569,0.17939049005508423,0.6880357882802082,0.9333333180999669,403.2983703613281,gauss,55,0.9166666666666666,1930,76,2309,710,3440,710,1.0,1.0
0.26098936796188354,0.1793680191040039,0.6872617594812609,0.9205297877372757,402.83587646484375,gauss,56,0.9333333333333333,1930,76,2309,710,3440,710,1.0,1.0
0.2612629234790802,0.1791936457157135,0.6858747367240362,0.9210526180184242,402.40545654296875,gauss,57,0.95,1930,76,2309,710,3440,710,1.0,1.0
0.2615177631378174,0.1790739893913269,0.6847488308068325,0.9333333180999669,402.5218811035156,gauss,58,0.9666666666666667,1930,76,2309,710,3440,710,1.0,1.0
0.26184073090553284,0.1788930743932724,0.6832132913105895,0.9333333180999669,402.8218994140625,gauss,59,0.9833333333333333,1930,76,2309,710,3440,710,1.0,1.0
0.2619840204715729,0.1788163036108017,0.6825465784648448,0.9333333180999669,403.3874816894531,gauss,60,1.0,1930,76,2309,710,3440,710,1.0,1.0
0.2622203230857849,0.17871861159801483,0.6815589374587033,0.9337748192513182,403.7708435058594,gauss,61,1.0166666666666666,1930,76,2309,710,3440,710,1.0,1.0
0.26239654421806335,0.17870590090751648,0.6810527731206555,0.9337748192513182,403.5010070800781,gauss,62,1.0333333333333334,1930,76,2309,710,3440,710,1.0,1.0
0.26263827085494995,0.1786338835954666,0.6801517395482902,0.9337748192513182,402.6721496582031,gauss,63,1.05,1930,76,2309,710,3440,710,1.0,1.0
0.26276394724845886,0.17866037786006927,0.6799272614513692,0.9337748192513182,404.29791259765625,gauss,64,1.0666666666666667,1930,76,2309,710,3440,710,1.0,1.0
0.26298853754997253,0.1786053478717804,0.6791373599180861,0.9337748192513182,404.46923828125,gauss,65,1.0833333333333333,1930,76,2309,710,3440,710,1.0,1.0
0.26314878463745117,0.17856824398040771,0.6785827927748144,0.9210526180184242,404.7120666503906,gauss,66,1.1,1930,76,2309,710,3440,710,1.0,1.0
0.263330340385437,0.178531214594841,0.6779743175578683,0.9210526180184242,404.2433776855469,gauss,67,1.1166666666666667,1930,76,2309,710,3440,710,1.0,1.0
0.2635428011417389,0.17849013209342957,0.677271868354754,0.9210526180184242,403.9995422363281,gauss,68,1.1333333333333333,1930,76,2309,710,3440,710,1.0,1.0
0.263721227645874,0.17833377420902252,0.6762207541604589,0.9210526180184242,402.1617126464844,gauss,69,1.15,1930,76,2309,710,3440,710,1.0,1.0
0.2640843689441681,0.17826813459396362,0.6750423304350482,0.9210526180184242,400.7810974121094,gauss,70,1.1666666666666667,1930,76,2309,710,3440,710,1.0,1.0
0.2643662989139557,0.1781124323606491,0.673733476449225,0.9210526180184242,399.3923645019531,gauss,71,1.1833333333333333,1930,76,2309,710,3440,710,1.0,1.0
0.26462307572364807,0.177944153547287,0.6724438008145598,0.9210526180184242,399.0106201171875,gauss,72,1.2,1930,76,2309,710,3440,710,1.0,1.0
0.2649310231208801,0.17795944213867188,0.6717198813680476,0.9210526180184242,397.3121032714844,gauss,73,1.2166666666666666,1930,76,2309,710,3440,710,1.0,1.0
0.2651689350605011,0.1778300255537033,0.6706291549831731,0.9210526180184242,395.3884582519531,gauss,74,1.2333333333333334,1930,76,2309,710,3440,710,1.0,1.0
0.26539328694343567,0.17769421637058258,0.6695505064261486,0.9210526180184242,393.9746398925781,gauss,75,1.25,1930,76,2309,710,3440,710,1.0,1.0
0.26562586426734924,0.17766961455345154,0.6688716415277723,0.9210526180184242,392.1818542480469,gauss,76,1.2666666666666666,1930,76,2309,710,3440,710,1.0,1.0
0.26588818430900574,0.17765073478221893,0.6681407395461854,0.9210526180184242,391.6254577636719,gauss,77,1.2833333333333334,1930,76,2309,710,3440,710,1.0,1.0
0.2661355435848236,0.177522674202919,0.6670385516392059,0.9210526180184242,391.8522644042969,gauss,78,1.3,1930,76,2309,710,3440,710,1.0,1.0
0.2663159668445587,0.17746888101100922,0.6663846574799863,0.9210526180184242,391.4703063964844,gauss,79,1.3166666666666667,1930,76,2309,710,3440,710,1.0,1.0
0.2665540277957916,0.1774100661277771,0.6655688564871481,0.9210526180184242,391.2139587402344,gauss,80,1.3333333333333333,1930,76,2309,710,3440,710,1.0,1.0
0.2668463885784149,0.17744413018226624,0.6649673037656638,0.9210526180184242,389.58612060546875,gauss,81,1.35,1930,76,2309,710,3440,710,1.0,1.0
0.26706650853157043,0.17740373313426971,0.6642679663092942,0.9210526180184242,388.77734375,gauss,82,1.3666666666666667,1930,76,2309,710,3440,710,1.0,1.0
0.26733148097991943,0.17732760310173035,0.6633247824703535,0.9210526180184242,388.0506286621094,gauss,83,1.3833333333333333,1930,76,2309,710,3440,710,1.0,1.0
0.26753610372543335,0.17727144062519073,0.6626075192492356,0.9210526180184242,386.36578369140625,gauss,84,1.4,1930,76,2309,710,3440,710,1.0,1.0
0.26780131459236145,0.17721670866012573,0.6617469459117848,0.9210526180184242,385.704345703125,gauss,85,1.4166666666666667,1930,76,2309,710,3440,710,1.0,1.0
0.26809659600257874,0.1772920936346054,0.661299284157667,0.9210526180184242,384.59027099609375,gauss,86,1.4333333333333333,1930,76,2309,710,3440,710,1.0,1.0
0.26827478408813477,0.17725810408592224,0.6607333524881531,0.9210526180184242,383.6729431152344,gauss,87,1.45,1930,76,2309,710,3440,710,1.0,1.0
0.26853495836257935,0.1771632581949234,0.6597399931755454,0.9210526180184242,381.6104736328125,gauss,88,1.4666666666666666,1930,76,2309,710,3440,710,1.0,1.0
0.2686927914619446,0.17714305222034454,0.659277253638794,0.9210526180184242,380.8778991699219,gauss,89,1.4833333333333334,1930,76,2309,710,3440,710,1.0,1.0
0.26894864439964294,0.17717880010604858,0.6587829952209785,0.9210526180184242,381.20281982421875,gauss,90,1.5,1930,76,2309,710,3440,710,1.0,1.0
0.26920372247695923,0.17712794244289398,0.6579698610161511,0.9210526180184242,381.9416198730469,gauss,91,1.5166666666666666,1930,76,2309,710,3440,710,1.0,1.0
0.26946157217025757,0.1770736575126648,0.6571387879730549,0.9210526180184242,382.35003662109375,gauss,92,1.5333333333333334,1930,76,2309,710,3440,710,1.0,1.0
0.26977261900901794,0.17712847888469696,0.6565843226399959,0.9337748192513182,381.35345458984375,gauss,93,1.55,1930,76,2309,710,3440,710,1.0,1.0
0.269986629486084,0.17714093625545502,0.6561100082309275,0.9210526180184242,381.9035949707031,gauss,94,1.5666666666666667,1930,76,2309,710,3440,710,1.0,1.0
0.2702256143093109,0.17709219455718994,0.655349377061604,0.9205297877372757,381.8144226074219,gauss,95,1.5833333333333333,1930,76,2309,710,3440,710,1.0,1.0
0.27050095796585083,0.1770268976688385,0.6544409027445223,0.9205297877372757,381.3857727050781,gauss,96,1.6,1930,76,2309,710,3440,710,1.0,1.0
0.2708233594894409,0.1769799143075943,0.6534883405418029,0.9333333180999669,382.0911560058594,gauss,97,1.6166666666666667,1930,76,2309,710,3440,710,1.0,1.0
0.27110669016838074,0.17695552110671997,0.652715410562761,0.9205297877372757,382.8314514160156,gauss,98,1.6333333333333333,1930,76,2309,710,3440,710,1.0,1.0
0.27142786979675293,0.17687422037124634,0.6516435249897357,0.9333333180999669,383.2398376464844,gauss,99,1.65,1930,76,2309,710,3440,710,1.0,1.0
0.27177613973617554,0.1767020970582962,0.6501751431456672,0.9337748192513182,382.1878967285156,gauss,100,1.6666666666666667,1930,76,2309,710,3440,710,1.0,1.0
0.2720155119895935,0.1766270101070404,0.6493269531648184,0.9337748192513182,382.6794738769531,gauss,101,1.6833333333333333,1930,76,2309,710,3440,710,1.0,1.0
0.27229422330856323,0.1765541136264801,0.6483946115245466,0.9333333180999669,382.1634521484375,gauss,102,1.7,1930,76,2309,710,3440,710,1.0,1.0
0.2725672125816345,0.17645667493343353,0.6473877279230974,0.9337748192513182,382.7477722167969,gauss,103,1.7166666666666666,1930,76,2309,710,3440,710,1.0,1.0
0.27280721068382263,0.17645835876464844,0.6468243704192848,0.9333333180999669,382.97430419921875,gauss,104,1.7333333333333334,1930,76,2309,710,3440,710,1.0,1.0
0.27306824922561646,0.17642644047737122,0.6460891535973168,0.9333333180999669,383.4692077636719,gauss,105,1.75,1930,76,2309,710,3440,710,1.0,1.0
0.27333125472068787,0.17639313638210297,0.6453456268983931,0.9333333180999669,384.22216796875,gauss,106,1.7666666666666666,1930,76,2309,710,3440,710,1.0,1.0
0.2737070322036743,0.1764795482158661,0.6447753291073232,0.9333333180999669,385.2774353027344,gauss,107,1.7833333333333334,1930,76,2309,710,3440,710,1.0,1.0
0.27391964197158813,0.17652660608291626,0.6444466646052331,0.9337748192513182,386.0107727050781,gauss,108,1.8,1930,76,2309,710,3440,710,1.0,1.0
0.27409154176712036,0.17654851078987122,0.6441224096533782,0.9337748192513182,387.3843078613281,gauss,109,1.8166666666666667,1930,76,2309,710,3440,710,1.0,1.0
0.274387389421463,0.1764957457780838,0.643235608304971,0.9337748192513182,387.580322265625,gauss,110,1.8333333333333333,1930,76,2309,710,3440,710,1.0,1.0
0.27459195256233215,0.1765020489692688,0.642779370970128,0.9337748192513182,388.910400390625,gauss,111,1.85,1930,76,2309,710,3440,710,1.0,1.0
0.2747996747493744,0.1764654666185379,0.6421603677583536,0.9337748192513182,389.9308776855469,gauss,112,1.8666666666666667,1930,76,2309,710,3440,710,1.0,1.0
0.2751730680465698,0.17636506259441376,0.6409241189087765,0.9337748192513182,389.8520202636719,gauss,113,1.8833333333333333,1930,76,2309,710,3440,710,1.0,1.0
0.27548736333847046,0.17626850306987762,0.639842403424094,0.9210526180184242,389.4167175292969,gauss,114,1.9,1930,76,2309,710,3440,710,1.0,1.0
0.2757401168346405,0.1762007772922516,0.6390102859346185,0.9210526180184242,389.1542663574219,gauss,115,1.9166666666666667,1930,76,2309,710,3440,710,1.0,1.0
0.2760702073574066,0.17617268860340118,0.6381444919693171,0.9210526180184242,388.59344482421875,gauss,116,1.9333333333333333,1930,76,2309,710,3440,710,1.0,1.0
0.2764829695224762,0.17599038779735565,0.6365324480418832,0.9210526180184242,388.9731140136719,gauss,117,1.95,1930,76,2309,710,3440,710,1.0,1.0
0.27674105763435364,0.17592477798461914,0.6357017391327736,0.9337748192513182,389.393798828125,gauss,118,1.9666666666666666,1930,76,2309,710,3440,710,1.0,1.0
0.2770884037017822,0.17585185170173645,0.6346416631155061,0.9210526180184242,388.7630920410156,gauss,119,1.9833333333333334,1930,76,2309,710,3440,710,1.0,1.0
0.27734819054603577,0.17573243379592896,0.6336166358748736,0.9210526180184242,387.9863586425781,gauss,120,2.0,1930,76,2309,710,3440,710,1.0,1.0
0.27774009108543396,0.17564499378204346,0.6324077549320628,0.9337748192513182,387.3017578125,gauss,121,2.0166666666666666,1930,76,2309,710,3440,710,1.0,1.0
0.27801382541656494,0.17551816999912262,0.631328903959521,0.9337748192513182,386.57720947265625,gauss,122,2.033333333333333,1930,76,2309,710,3440,710,1.0,1.0
0.2783297598361969,0.17549142241477966,0.6305161769725897,0.9337748192513182,385.7920837402344,gauss,123,2.05,1930,76,2309,710,3440,710,1.0,1.0
0.2785671651363373,0.17540644109249115,0.6296737618373132,0.9337748192513182,386.40020751953125,gauss,124,2.066666666666667,1930,76,2309,710,3440,710,1.0,1.0
0.2789360284805298,0.1753128618001938,0.6285055984704928,0.9342105111776903,386.0824279785156,gauss,125,2.0833333333333335,1930,76,2309,710,3440,710,1.0,1.0
0.27927064895629883,0.17522703111171722,0.6274451879999944,0.9337748192513182,385.5721130371094,gauss,126,2.1,1930,76,2309,710,3440,710,1.0,1.0
0.2795509397983551,0.1751050502061844,0.6263797362609237,0.9337748192513182,385.8951110839844,gauss,127,2.1166666666666667,1930,76,2309,710,3440,710,1.0,1.0
0.27988165616989136,0.17503571510314941,0.625391857560619,0.9337748192513182,383.8724060058594,gauss,128,2.1333333333333333,1930,76,2309,710,3440,710,1.0,1.0
0.2801908552646637,0.17485536634922028,0.6240580547979492,0.9337748192513182,382.7716064453125,gauss,129,2.15,1930,76,2309,710,3440,710,1.0,1.0
0.28061819076538086,0.17474180459976196,0.6227030325301672,0.9337748192513182,381.1272888183594,gauss,130,2.1666666666666665,1930,76,2309,710,3440,710,1.0,1.0
0.2809658646583557,0.17456719279289246,0.621311015101602,0.9337748192513182,378.2965087890625,gauss,131,2.183333333333333,1930,76,2309,710,3440,710,1.0,1.0
0.2813234031200409,0.17436982691287994,0.619819818688451,0.9337748192513182,375.993408203125,gauss,132,2.2,1930,76,2309,710,3440,710,1.0,1.0
0.2817173898220062,0.1743220090866089,0.6187832529930649,0.9337748192513182,373.97991943359375,gauss,133,2.216666666666667,1930,76,2309,710,3440,710,1.0,1.0
0.28201964497566223,0.17414753139019012,0.6175013986355622,0.9337748192513182,372.2901916503906,gauss,134,2.2333333333333334,1930,76,2309,710,3440,710,1.0,1.0
0.2822984457015991,0.17396089434623718,0.6162304144168641,0.9337748192513182,370.4866638183594,gauss,135,2.25,1930,76,2309,710,3440,710,1.0,1.0
0.28266003727912903,0.1738821417093277,0.615163491915848,0.9210526180184242,369.1206970214844,gauss,136,2.2666666666666666,1930,76,2309,710,3440,710,1.0,1.0
0.2830312252044678,0.17376187443733215,0.6139317955906983,0.9210526180184242,368.0555725097656,gauss,137,2.283333333333333,1930,76,2309,710,3440,710,1.0,1.0
0.28334665298461914,0.17359691858291626,0.612666183375308,0.9210526180184242,366.0904541015625,gauss,138,2.3,1930,76,2309,710,3440,710,1.0,1.0
0.28368353843688965,0.17341969907283783,0.6113139095601029,0.9210526180184242,366.07171630859375,gauss,139,2.316666666666667,1930,76,2309,710,3440,710,1.0,1.0
0.28412264585494995,0.17326050996780396,0.6098088497956909,0.9210526180184242,363.91656494140625,gauss,140,2.3333333333333335,1930,76,2309,710,3440,710,1.0,1.0
0.28455543518066406,0.17317740619182587,0.6085893245932288,0.9215686139176267,360.53155517578125,gauss,141,2.35,1930,76,2309,710,3440,710,1.0,1.0
0.2848634421825409,0.17300891876220703,0.6073398234721339,0.9215686139176267,358.39215087890625,gauss,142,2.3666666666666667,1930,76,2309,710,3440,710,1.0,1.0
0.28519487380981445,0.17281915247440338,0.6059686280685521,0.9215686139176267,356.8240051269531,gauss,143,2.3833333333333333,1930,76,2309,710,3440,710,1.0,1.0
0.2855002284049988,0.17264388501644135,0.604706622946969,0.9215686139176267,355.4779357910156,gauss,144,2.4,1930,76,2309,710,3440,710,1.0,1.0
0.2858579158782959,0.17249856889247894,0.6034416165389805,0.9215686139176267,353.49169921875,gauss,145,2.4166666666666665,1930,76,2309,710,3440,710,1.0,1.0
0.286239355802536,0.17251740396022797,0.6027032776450468,0.9215686139176267,353.2386474609375,gauss,146,2.433333333333333,1930,76,2309,710,3440,710,1.0,1.0
0.2865793704986572,0.1723627746105194,0.6014486258941684,0.9215686139176267,352.32330322265625,gauss,147,2.45,1930,76,2309,710,3440,710,1.0,1.0
0.28689390420913696,0.1722133308649063,0.6002683303326122,0.9215686139176267,351.8162536621094,gauss,148,2.466666666666667,1930,76,2309,710,3440,710,1.0,1.0
0.2872025966644287,0.17206710577011108,0.5991140114238467,0.9215686139176267,350.49072265625,gauss,149,2.4833333333333334,1930,76,2309,710,3440,710,1.0,1.0
0.2875303328037262,0.17195247113704681,0.5980324353260515,0.9215686139176267,348.61602783203125,gauss,150,2.5,1930,76,2309,710,3440,710,1.0,1.0
0.2878430187702179,0.17179176211357117,0.5968244666113166,0.9215686139176267,347.6592712402344,gauss,151,2.5166666666666666,1930,76,2309,710,3440,710,1.0,1.0
0.2881618142127991,0.1716250479221344,0.5955856518849434,0.9215686139176267,347.7137756347656,gauss,152,2.533333333333333,1930,76,2309,710,3440,710,1.0,1.0
0.28868567943573,0.17159180343151093,0.5943897107158558,0.9215686139176267,349.3609313964844,gauss,153,2.55,1930,76,2309,710,3440,710,1.0,1.0
0.2890193462371826,0.1714659482240677,0.5932680442459876,0.9215686139176267,348.93487548828125,gauss,154,2.566666666666667,1930,76,2309,710,3440,710,1.0,1.0
0.2893838584423065,0.1712796986103058,0.5918771475834813,0.9215686139176267,349.14263916015625,gauss,155,2.5833333333333335,1930,76,2309,710,3440,710,1.0,1.0
0.28975269198417664,0.17108459770679474,0.5904503962697737,0.9215686139176267,348.14215087890625,gauss,156,2.6,1930,76,2309,710,3440,710,1.0,1.0
0.29011720418930054,0.17087365686893463,0.5889814478827862,0.9215686139176267,347.27044677734375,gauss,157,2.6166666666666667,1930,76,2309,710,3440,710,1.0,1.0
0.2904398739337921,0.17070268094539642,0.5877384284601537,0.9215686139176267,347.54156494140625,gauss,158,2.6333333333333333,1930,76,2309,710,3440,710,1.0,1.0
0.2908138930797577,0.1705015003681183,0.5862907466337918,0.9215686139176267,348.8282470703125,gauss,159,2.65,1930,76,2309,710,3440,710,1.0,1.0
0.2911960184574127,0.17026911675930023,0.5847233482588586,0.9215686139176267,349.1614685058594,gauss,160,2.6666666666666665,1930,76,2309,710,3440,710,1.0,1.0
0.2914862036705017,0.17012961208820343,0.5836626368906739,0.9215686139176267,349.3720397949219,gauss,161,2.683333333333333,1930,76,2309,710,3440,710,1.0,1.0
0.29181280732154846,0.1699609011411667,0.5824312403450285,0.9215686139176267,349.9774475097656,gauss,162,2.7,1930,76,2309,710,3440,710,1.0,1.0
0.292153000831604,0.16978082060813904,0.5811366452286885,0.8967741772924853,350.0458679199219,gauss,163,2.716666666666667,1930,76,2309,710,3440,710,1.0,1.0
0.29248249530792236,0.1696358025074005,0.5799861510650348,0.8967741772924853,349.093994140625,gauss,164,2.7333333333333334,1930,76,2309,710,3440,710,1.0,1.0
0.29275602102279663,0.16950002312660217,0.5789804655242213,0.896103879823826,349.8106689453125,gauss,165,2.75,1930,76,2309,710,3440,710,1.0,1.0
0.2930547297000885,0.1693371832370758,0.5778346509951522,0.896103879823826,351.1092834472656,gauss,166,2.7666666666666666,1930,76,2309,710,3440,710,1.0,1.0
0.29342085123062134,0.16931788623332977,0.5770478810647693,0.8967741772924853,351.4804992675781,gauss,167,2.783333333333333,1930,76,2309,710,3440,710,1.0,1.0
0.2936716675758362,0.16927295923233032,0.5764020576639305,0.8967741772924853,353.1978759765625,gauss,168,2.8,1930,76,2309,710,3440,710,1.0,1.0
0.29392558336257935,0.1691819429397583,0.5755944591427928,0.8967741772924853,354.449951171875,gauss,169,2.816666666666667,1930,76,2309,710,3440,710,1.0,1.0
0.2942129671573639,0.16900552809238434,0.5744326090755316,0.8967741772924853,356.1375732421875,gauss,170,2.8333333333333335,1930,76,2309,710,3440,710,1.0,1.0
0.29451265931129456,0.1688653826713562,0.5733722188123206,0.8980891557690844,358.001953125,gauss,171,2.85,1930,76,2309,710,3440,710,1.0,1.0
0.29477840662002563,0.16876523196697235,0.5725155657665181,0.8980891557690844,359.099609375,gauss,172,2.8666666666666667,1930,76,2309,710,3440,710,1.0,1.0
0.2951163649559021,0.16857771575450897,0.5712245407585356,0.8967741772924853,359.2369079589844,gauss,173,2.8833333333333333,1930,76,2309,710,3440,710,1.0,1.0
0.29541105031967163,0.1684046983718872,0.5700690359719515,0.8967741772924853,359.9208984375,gauss,174,2.9,1930,76,2309,710,3440,710,1.0,1.0
0.2957102060317993,0.1682126820087433,0.5688429850886669,0.8967741772924853,360.5087890625,gauss,175,2.9166666666666665,1930,76,2309,710,3440,710,1.0,1.0
0.2959892153739929,0.16803406178951263,0.5677033060145876,0.8967741772924853,360.7774353027344,gauss,176,2.933333333333333,1930,76,2309,710,3440,710,1.0,1.0
0.29633551836013794,0.1678093522787094,0.5662815836067079,0.8967741772924853,360.64111328125,gauss,177,2.95,1930,76,2309,710,3440,710,1.0,1.0
0.29658278822898865,0.16764920949935913,0.5652694980978594,0.8967741772924853,360.4626770019531,gauss,178,2.966666666666667,1930,76,2309,710,3440,710,1.0,1.0
0.296894371509552,0.1674511730670929,0.5640092352562943,0.8846153699211179,360.63690185546875,gauss,179,2.9833333333333334,1930,76,2309,710,3440,710,1.0,1.0
0.29713255167007446,0.1673414707183838,0.5631879245338108,0.8846153699211179,360.67755126953125,gauss,180,3.0,1930,76,2309,710,3440,710,1.0,1.0
0.2974216938018799,0.16717664897441864,0.562086246018479,0.8846153699211179,360.4458923339844,gauss,181,3.0166666666666666,1930,76,2309,710,3440,710,1.0,1.0
0.29768288135528564,0.16702544689178467,0.5610851404034476,0.8846153699211179,360.0920715332031,gauss,182,3.033333333333333,1930,76,2309,710,3440,710,1.0,1.0
0.2978825569152832,0.16693906486034393,0.5604190489865788,0.8846153699211179,360.2144470214844,gauss,183,3.05,1930,76,2309,710,3440,710,1.0,1.0
0.29810631275177,0.16680176556110382,0.5595378320774427,0.8846153699211179,360.2880859375,gauss,184,3.066666666666667,1930,76,2309,710,3440,710,1.0,1.0
0.29837697744369507,0.16668535768985748,0.558640125426267,0.8846153699211179,359.10504150390625,gauss,185,3.0833333333333335,1930,76,2309,710,3440,710,1.0,1.0
0.2986336350440979,0.1664968878030777,0.5575289005982291,0.8838709530426732,359.56085205078125,gauss,186,3.1,1930,76,2309,710,3440,710,1.0,1.0
0.2988918125629425,0.1664087474346161,0.5567524263718279,0.8838709530426732,360.7798156738281,gauss,187,3.1166666666666667,1930,76,2309,710,3440,710,1.0,1.0
0.2990982234477997,0.16623428463935852,0.5557849096035222,0.8838709530426732,360.3136291503906,gauss,188,3.1333333333333333,1930,76,2309,710,3440,710,1.0,1.0
0.2993036210536957,0.16609981656074524,0.5549542315139725,0.8846153699211179,359.99847412109375,gauss,189,3.15,1930,76,2309,710,3440,710,1.0,1.0
0.2996090352535248,0.16592971980571747,0.5538207955814891,0.8838709530426732,358.7038879394531,gauss,190,3.1666666666666665,1930,76,2309,710,3440,710,1.0,1.0
0.29984357953071594,0.16572348773479462,0.5526997858922641,0.8838709530426732,357.8870544433594,gauss,191,3.183333333333333,1930,76,2309,710,3440,710,1.0,1.0
0.30011844635009766,0.1655162274837494,0.5515029948397092,0.8838709530426732,355.9871520996094,gauss,192,3.2,1930,76,2309,710,3440,710,1.0,1.0
0.30035629868507385,0.1654023677110672,0.5506871769571952,0.8838709530426732,354.5367736816406,gauss,193,3.216666666666667,1930,76,2309,710,3440,710,1.0,1.0
0.30055296421051025,0.16523048281669617,0.5497549417061071,0.8838709530426732,353.2369079589844,gauss,194,3.2333333333333334,1930,76,2309,710,3440,710,1.0,1.0
0.3007543087005615,0.1650593876838684,0.5488180133107436,0.8838709530426732,352.5462951660156,gauss,195,3.25,1930,76,2309,710,3440,710,1.0,1.0
0.30099034309387207,0.16496384143829346,0.5480701947508763,0.8846153699211179,351.09674072265625,gauss,196,3.2666666666666666,1930,76,2309,710,3440,710,1.0,1.0
0.3011819124221802,0.1648278534412384,0.5472700755598201,0.8846153699211179,350.6555480957031,gauss,197,3.283333333333333,1930,76,2309,710,3440,710,1.0,1.0
0.30138230323791504,0.16467246413230896,0.5463906038915908,0.8846153699211179,349.75445556640625,gauss,198,3.3,1930,76,2309,710,3440,710,1.0,1.0
0.3015933036804199,0.16450518369674683,0.5454536829389492,0.8846153699211179,349.546142578125,gauss,199,3.316666666666667,1930,76,2309,710,3440,710,1.0,1.0
0.30189019441604614,0.1643686294555664,0.5444649314591337,0.8846153699211179,347.45770263671875,gauss,200,3.3333333333333335,1930,76,2309,710,3440,710,1.0,1.0
0.3020723760128021,0.16421844065189362,0.5436393667739423,0.8838709530426732,345.02325439453125,gauss,201,3.35,1930,76,2309,710,3440,710,1.0,1.0
0.3022671341896057,0.16405931115150452,0.5427626333366673,0.8846153699211179,343.8546142578125,gauss,202,3.3666666666666667,1930,76,2309,710,3440,710,1.0,1.0
0.3024672865867615,0.16389459371566772,0.5418588904161256,0.8846153699211179,344.0038146972656,gauss,203,3.3833333333333333,1930,76,2309,710,3440,710,1.0,1.0
0.30264830589294434,0.163732647895813,0.5409996993134767,0.8846153699211179,342.8177795410156,gauss,204,3.4,1930,76,2309,710,3440,710,1.0,1.0
0.3028932809829712,0.16365164518356323,0.5402947178277508,0.8846153699211179,342.055908203125,gauss,205,3.4166666666666665,1930,76,2309,710,3440,710,1.0,1.0
0.30306777358055115,0.16355301439762115,0.5396581994474878,0.8846153699211179,340.95513916015625,gauss,206,3.433333333333333,1930,76,2309,710,3440,710,1.0,1.0
0.30325374007225037,0.16340097784996033,0.5388259100209971,0.8846153699211179,340.1847839355469,gauss,207,3.45,1930,76,2309,710,3440,710,1.0,1.0
0.30339863896369934,0.16328495740890503,0.5381861717796955,0.8726114517971801,338.8792724609375,gauss,208,3.466666666666667,1930,76,2309,710,3440,710,1.0,1.0
0.303573876619339,0.163151353597641,0.5374354013598729,0.8717948586373516,337.7673645019531,gauss,209,3.4833333333333334,1930,76,2309,710,3440,710,1.0,1.0
0.30370306968688965,0.1631210297346115,0.537106933201946,0.8717948586373516,336.6138916015625,gauss,210,3.5,1930,76,2309,710,3440,710,1.0,1.0
0.303840696811676,0.16300682723522186,0.5364877831733567,0.8598725998112279,336.1329650878906,gauss,211,3.5166666666666666,1930,76,2309,710,3440,710,1.0,1.0
0.3040510416030884,0.16288964450359344,0.5357312321229245,0.8598725998112279,336.3785095214844,gauss,212,3.533333333333333,1930,76,2309,710,3440,710,1.0,1.0
0.30426132678985596,0.16284410655498505,0.5352113031287197,0.8598725998112279,337.3074951171875,gauss,213,3.55,1930,76,2309,710,3440,710,1.0,1.0
0.30440473556518555,0.16274066269397736,0.5346193351612119,0.8598725998112279,337.1058044433594,gauss,214,3.566666666666667,1930,76,2309,710,3440,710,1.0,1.0
0.3045786917209625,0.16261278092861176,0.5338941298580628,0.8598725998112279,338.13800048828125,gauss,215,3.5833333333333335,1930,76,2309,710,3440,710,1.0,1.0
0.3047358989715576,0.16248948872089386,0.5332141173295719,0.8598725998112279,337.22930908203125,gauss,216,3.6,1930,76,2309,710,3440,710,1.0,1.0
0.30494046211242676,0.16234426200389862,0.5323801753151508,0.8598725998112279,338.13519287109375,gauss,217,3.6166666666666667,1930,76,2309,710,3440,710,1.0,1.0
0.30506646633148193,0.1622481346130371,0.5318451786775157,0.8598725998112279,338.4131774902344,gauss,218,3.6333333333333333,1930,76,2309,710,3440,710,1.0,1.0
0.30524808168411255,0.1621088683605194,0.5310725038971859,0.8598725998112279,337.7810974121094,gauss,219,3.65,1930,76,2309,710,3440,710,1.0,1.0
0.30539873242378235,0.16199450194835663,0.5304360478458264,0.8481012556359286,337.25762939453125,gauss,220,3.6666666666666665,1930,76,2309,710,3440,710,1.0,1.0
0.3055361211299896,0.16188636422157288,0.5298436018773135,0.8481012556359286,338.78466796875,gauss,221,3.683333333333333,1930,76,2309,710,3440,710,1.0,1.0
0.30566510558128357,0.16180208325386047,0.5293442889161929,0.8481012556359286,339.07257080078125,gauss,222,3.7,1930,76,2309,710,3440,710,1.0,1.0
0.3057762682437897,0.16171923279762268,0.5288808985656075,0.8481012556359286,340.2091979980469,gauss,223,3.716666666666667,1930,76,2309,710,3440,710,1.0,1.0
0.3059529662132263,0.16158853471279144,0.5281482687724415,0.8490565935384449,341.1390380859375,gauss,224,3.7333333333333334,1930,76,2309,710,3440,710,1.0,1.0
0.3060848116874695,0.1615137904882431,0.5276765753943792,0.8490565935384449,342.3681640625,gauss,225,3.75,1930,76,2309,710,3440,710,1.0,1.0
0.30619609355926514,0.16144800186157227,0.5272699423176153,0.8490565935384449,342.6046142578125,gauss,226,3.7666666666666666,1930,76,2309,710,3440,710,1.0,1.0
0.30640655755996704,0.1614435464143753,0.5268932311079758,0.8490565935384449,343.90338134765625,gauss,227,3.783333333333333,1930,76,2309,710,3440,710,1.0,1.0
0.30649763345718384,0.16137956082820892,0.5265279008605259,0.8490565935384449,345.2193603515625,gauss,228,3.8,1930,76,2309,710,3440,710,1.0,1.0
0.30659040808677673,0.1613108068704605,0.5261443194379396,0.8490565935384449,346.4799499511719,gauss,229,3.816666666666667,1930,76,2309,710,3440,710,1.0,1.0
0.30672013759613037,0.16121220588684082,0.5256003140006141,0.8375000020890152,347.32000732421875,gauss,230,3.8333333333333335,1930,76,2309,710,3440,710,1.0,1.0
0.3068365454673767,0.16113914549350739,0.5251628028741834,0.8375000020890152,350.19793701171875,gauss,231,3.85,1930,76,2309,710,3440,710,1.0,1.0
0.30691275000572205,0.1610943228006363,0.5248863644432147,0.8375000020890152,350.8841857910156,gauss,232,3.8666666666666667,1930,76,2309,710,3440,710,1.0,1.0
0.30708542466163635,0.16096438467502594,0.5241680864883265,0.8375000020890152,352.4306640625,gauss,233,3.8833333333333333,1930,76,2309,710,3440,710,1.0,1.0
0.30720430612564087,0.16090242564678192,0.5237635579995427,0.8375000020890152,352.6151428222656,gauss,234,3.9,1930,76,2309,710,3440,710,1.0,1.0
0.30726858973503113,0.16085593402385712,0.5235026753874917,0.8364779896376247,352.23236083984375,gauss,235,3.9166666666666665,1930,76,2309,710,3440,710,1.0,1.0
0.30736178159713745,0.16079232096672058,0.5231369850208086,0.8364779896376247,352.8685607910156,gauss,236,3.933333333333333,1930,76,2309,710,3440,710,1.0,1.0
0.3075014054775238,0.16069255769252777,0.5225750178840177,0.8364779896376247,353.4095764160156,gauss,237,3.95,1930,76,2309,710,3440,710,1.0,1.0
0.30758166313171387,0.16063641011714935,0.5222561165026272,0.8364779896376247,354.47698974609375,gauss,238,3.966666666666667,1930,76,2309,710,3440,710,1.0,1.0
0.3076530694961548,0.1605844348669052,0.5219659596123506,0.8364779896376247,354.9591064453125,gauss,239,3.9833333333333334,1930,76,2309,710,3440,710,1.0,1.0
0.30772581696510315,0.1605348140001297,0.5216813147709397,0.8364779896376247,354.93115234375,gauss,240,4.0,1930,76,2309,710,3440,710,1.0,1.0
0.30786412954330444,0.160431370139122,0.5211109367174465,0.8148148087216326,354.9869079589844,gauss,241,4.016666666666667,1930,76,2309,710,3440,710,1.0,1.0
0.3079756498336792,0.16035151481628418,0.5206629475292991,0.8148148087216326,355.8226013183594,gauss,242,4.033333333333333,1930,76,2309,710,3440,710,1.0,1.0
0.3080163896083832,0.16032876074314117,0.5205202091414147,0.8136645902758545,354.7870788574219,gauss,243,4.05,1930,76,2309,710,3440,710,1.0,1.0
0.30807480216026306,0.16029201447963715,0.5203022387830003,0.8136645902758545,355.384521484375,gauss,244,4.066666666666666,1930,76,2309,710,3440,710,1.0,1.0
0.3081481456756592,0.16023997962474823,0.5200095365600973,0.8136645902758545,356.1731262207031,gauss,245,4.083333333333333,1930,76,2309,710,3440,710,1.0,1.0
0.308237761259079,0.1601976752281189,0.5197211054756494,0.8136645902758545,356.9443054199219,gauss,246,4.1,1930,76,2309,710,3440,710,1.0,1.0
0.30831724405288696,0.16014467179775238,0.5194152117425193,0.8148148087216326,357.660400390625,gauss,247,4.116666666666666,1930,76,2309,710,3440,710,1.0,1.0
0.308404803276062,0.16008548438549042,0.51907582986454,0.8148148087216326,356.2408752441406,gauss,248,4.133333333333334,1930,76,2309,710,3440,710,1.0,1.0
0.3084666430950165,0.16003894805908203,0.5188209047990205,0.8148148087216326,356.24444580078125,gauss,249,4.15,1930,76,2309,710,3440,710,1.0,1.0
0.3085428476333618,0.15999458730220795,0.5185489903393836,0.8024691205648412,349.4044494628906,gauss,250,4.166666666666667,1930,76,2309,710,3440,710,1.0,1.0
0.30861347913742065,0.1599350869655609,0.5182375126005733,0.8024691205648412,349.94647216796875,gauss,251,4.183333333333334,1930,76,2309,710,3440,710,1.0,1.0
0.3086758553981781,0.15989716351032257,0.5180099302679928,0.8024691205648412,349.6336975097656,gauss,252,4.2,1930,76,2309,710,3440,710,1.0,1.0
0.30873674154281616,0.15984445810317993,0.5177370601472188,0.8024691205648412,349.0615539550781,gauss,253,4.216666666666667,1930,76,2309,710,3440,710,1.0,1.0
0.308782160282135,0.15980561077594757,0.5175350980593627,0.8024691205648412,347.9207458496094,gauss,254,4.233333333333333,1930,76,2309,710,3440,710,1.0,1.0
0.3088255524635315,0.15977099537849426,0.5173502934924995,0.8136645902758545,347.5821228027344,gauss,255,4.25,1930,76,2309,710,3440,710,1.0,1.0
0.30890271067619324,0.15971802175045013,0.517049579235899,0.8136645902758545,347.9418640136719,gauss,256,4.266666666666667,1930,76,2309,710,3440,710,1.0,1.0
0.308961421251297,0.15968279540538788,0.5168373112419595,0.8136645902758545,346.83135986328125,gauss,257,4.283333333333333,1930,76,2309,710,3440,710,1.0,1.0
0.3090238869190216,0.15964172780513763,0.5165999438773858,0.8136645902758545,346.2433166503906,gauss,258,4.3,1930,76,2309,710,3440,710,1.0,1.0
0.30910056829452515,0.15959221124649048,0.5163115906383835,0.8136645902758545,346.2205505371094,gauss,259,4.316666666666666,1930,76,2309,710,3440,710,1.0,1.0
0.309159517288208,0.15954479575157166,0.5160597739006086,0.8136645902758545,345.5562744140625,gauss,260,4.333333333333333,1930,76,2309,710,3440,710,1.0,1.0
0.30920204520225525,0.15950462222099304,0.5158588681328715,0.8136645902758545,343.6618957519531,gauss,261,4.35,1930,76,2309,710,3440,710,1.0,1.0
0.30924323201179504,0.15947702527046204,0.515700922784852,0.8136645902758545,342.26287841796875,gauss,262,4.366666666666666,1930,76,2309,710,3440,710,1.0,1.0
0.30928686261177063,0.15944786369800568,0.5155338872017082,0.8136645902758545,342.76263427734375,gauss,263,4.383333333333334,1930,76,2309,710,3440,710,1.0,1.0
0.3093145787715912,0.15943005681037903,0.5154301238862931,0.8136645902758545,341.2987060546875,gauss,264,4.4,1930,76,2309,710,3440,710,1.0,1.0
0.309339702129364,0.15941408276557922,0.515336623507664,0.8136645902758545,340.951904296875,gauss,265,4.416666666666667,1930,76,2309,710,3440,710,1.0,1.0
0.30938196182250977,0.15938767790794373,0.5151808845519392,0.8136645902758545,340.955322265625,gauss,266,4.433333333333334,1930,76,2309,710,3440,710,1.0,1.0
0.30942800641059875,0.15934820473194122,0.5149766546041922,0.8136645902758545,339.2138366699219,gauss,267,4.45,1930,76,2309,710,3440,710,1.0,1.0
0.3094523549079895,0.1593240201473236,0.5148579820829482,0.8136645902758545,338.9834899902344,gauss,268,4.466666666666667,1930,76,2309,710,3440,710,1.0,1.0
0.30950072407722473,0.15928258001804352,0.5146436259446813,0.8136645902758545,336.9263610839844,gauss,269,4.483333333333333,1930,76,2309,710,3440,710,1.0,1.0
0.30946090817451477,0.15937837958335876,0.515019410281334,0.8136645902758545,336.7740173339844,gauss,270,4.5,1930,76,2309,710,3440,710,1.0,1.0
0.30948683619499207,0.15935640037059784,0.514905245020318,0.8136645902758545,336.88330078125,gauss,271,4.516666666666667,1930,76,2309,710,3440,710,1.0,1.0
0.30950966477394104,0.15935620665550232,0.5148666411539237,0.8136645902758545,337.4825744628906,gauss,272,4.533333333333333,1930,76,2309,710,3440,710,1.0,1.0
0.3095712959766388,0.15932032465934753,0.5146482299343672,0.8136645902758545,338.06561279296875,gauss,273,4.55,1930,76,2309,710,3440,710,1.0,1.0
0.30959346890449524,0.15930670499801636,0.5145673790085223,0.8136645902758545,337.4117126464844,gauss,274,4.566666666666666,1930,76,2309,710,3440,710,1.0,1.0
0.3096242845058441,0.15929214656352997,0.5144691466080138,0.8136645902758545,337.78106689453125,gauss,275,4.583333333333333,1930,76,2309,710,3440,710,1.0,1.0
0.30965933203697205,0.1592562049627304,0.5142948503188252,0.8136645902758545,337.49798583984375,gauss,276,4.6,1930,76,2309,710,3440,710,1.0,1.0
0.3096899688243866,0.1592315286397934,0.514164291799986,0.8148148087216326,337.1094970703125,gauss,277,4.616666666666666,1930,76,2309,710,3440,710,1.0,1.0
0.3097202181816101,0.15921519696712494,0.5140613446589811,0.8148148087216326,337.16461181640625,gauss,278,4.633333333333334,1930,76,2309,710,3440,710,1.0,1.0
0.30977389216423035,0.15918126702308655,0.5138627428294289,0.8148148087216326,338.6636047363281,gauss,279,4.65,1930,76,2309,710,3440,710,1.0,1.0
0.30980101227760315,0.15916545689105988,0.513766725883934,0.8136645902758545,338.7763977050781,gauss,280,4.666666666666667,1930,76,2309,710,3440,710,1.0,1.0
0.309823602437973,0.15914231538772583,0.5136545731148437,0.8136645902758545,339.3082580566406,gauss,281,4.683333333333334,1930,76,2309,710,3440,710,1.0,1.0
0.3098390996456146,0.15913750231266022,0.5136133475682824,0.8136645902758545,339.7671813964844,gauss,282,4.7,1930,76,2309,710,3440,710,1.0,1.0
0.30985891819000244,0.15912340581417084,0.5135350036342924,0.8148148087216326,341.351318359375,gauss,283,4.716666666666667,1930,76,2309,710,3440,710,1.0,1.0
0.309904545545578,0.159089133143425,0.5133488046452017,0.8148148087216326,341.3224182128906,gauss,284,4.733333333333333,1930,76,2309,710,3440,710,1.0,1.0
0.30991849303245544,0.15908920764923096,0.513325942441619,0.8136645902758545,342.7521667480469,gauss,285,4.75,1930,76,2309,710,3440,710,1.0,1.0
0.30995917320251465,0.15907391905784607,0.5132092471475952,0.8136645902758545,344.1507873535156,gauss,286,4.766666666666667,1930,76,2309,710,3440,710,1.0,1.0
0.30997246503829956,0.1590697467327118,0.5131737800688834,0.8148148087216326,344.9385070800781,gauss,287,4.783333333333333,1930,76,2309,710,3440,710,1.0,1.0
0.3099885582923889,0.15906858444213867,0.5131433888623314,0.8148148087216326,346.1553649902344,gauss,288,4.8,1930,76,2309,710,3440,710,1.0,1.0
0.3100127577781677,0.1590527594089508,0.5130522866811807,0.8136645902758545,347.30316162109375,gauss,289,4.816666666666666,1930,76,2309,710,3440,710,1.0,1.0
0.310030072927475,0.15903380513191223,0.5129624958656507,0.8136645902758545,349.214599609375,gauss,290,4.833333333333333,1930,76,2309,710,3440,710,1.0,1.0
0.3100648522377014,0.15901821851730347,0.5128546890792068,0.8148148087216326,351.84906005859375,gauss,291,4.85,1930,76,2309,710,3440,710,1.0,1.0
0.310088187456131,0.1590067744255066,0.5127791890499209,0.8148148087216326,351.8829650878906,gauss,292,4.866666666666666,1930,76,2309,710,3440,710,1.0,1.0
0.3101244270801544,0.15898501873016357,0.512649116680452,0.8036809663048627,352.587646484375,gauss,293,4.883333333333334,1930,76,2309,710,3440,710,1.0,1.0
0.3101534843444824,0.1589733362197876,0.5125634213981111,0.8036809663048627,353.521484375,gauss,294,4.9,1930,76,2309,710,3440,710,1.0,1.0
0.3101675510406494,0.1589590460062027,0.5124941030998729,0.8036809663048627,353.24664306640625,gauss,295,4.916666666666667,1930,76,2309,710,3440,710,1.0,1.0
0.3101997971534729,0.15894432365894318,0.5123933670929224,0.8036809663048627,354.6523132324219,gauss,296,4.933333333333334,1930,76,2309,710,3440,710,1.0,1.0
0.31020429730415344,0.15893813967704773,0.5123659985843132,0.8036809663048627,356.1656494140625,gauss,297,4.95,1930,76,2309,710,3440,710,1.0,1.0
0.3102155923843384,0.15893568098545074,0.512339417372499,0.8036809663048627,356.26690673828125,gauss,298,4.966666666666667,1930,76,2309,710,3440,710,1.0,1.0
0.31024086475372314,0.1589197963476181,0.5122464809763464,0.8024691205648412,357.4638366699219,gauss,299,4.983333333333333,1930,76,2309,710,3440,710,1.0,1.0
0.3102515935897827,0.15891526639461517,0.51221416603775,0.8024691205648412,358.15692138671875,gauss,300,5.0,1930,76,2309,710,3440,710,1.0,1.0
0.31025898456573486,0.15890750288963318,0.5121769414358277,0.8024691205648412,358.2773132324219,gauss,301,5.016666666666667,1930,76,2309,710,3440,710,1.0,1.0
0.3102833330631256,0.1588929295539856,0.5120897821500512,0.8024691205648412,358.9535217285156,gauss,302,5.033333333333333,1930,76,2309,710,3440,710,1.0,1.0
0.3103007972240448,0.15888138115406036,0.5120237442351998,0.8024691205648412,360.0693359375,gauss,303,5.05,1930,76,2309,710,3440,710,1.0,1.0
0.31031444668769836,0.15887412428855896,0.5119778368832184,0.8024691205648412,360.00482177734375,gauss,304,5.066666666666666,1930,76,2309,710,3440,710,1.0,1.0
0.3103523552417755,0.1588471382856369,0.5118283476328248,0.8036809663048627,359.89739990234375,gauss,305,5.083333333333333,1930,76,2309,710,3440,710,1.0,1.0
0.31037500500679016,0.15883898735046387,0.5117647351446407,0.8036809663048627,359.8861083984375,gauss,306,5.1,1930,76,2309,710,3440,710,1.0,1.0
0.3103898763656616,0.15883514285087585,0.5117278295071658,0.8036809663048627,360.37774658203125,gauss,307,5.116666666666666,1930,76,2309,710,3440,710,1.0,1.0
0.3104032576084137,0.15882426500320435,0.5116707250761535,0.8036809663048627,359.5753479003906,gauss,308,5.133333333333334,1930,76,2309,710,3440,710,1.0,1.0
0.31040945649147034,0.15882377326488495,0.5116589228416757,0.8036809663048627,359.63037109375,gauss,309,5.15,1930,76,2309,710,3440,710,1.0,1.0
0.3104337751865387,0.1588105857372284,0.5115763596471937,0.8036809663048627,358.8232116699219,gauss,310,5.166666666666667,1930,76,2309,710,3440,710,1.0,1.0
0.3104470372200012,0.15879422426223755,0.5115018025914949,0.8148148087216326,357.5975341796875,gauss,311,5.183333333333334,1930,76,2309,710,3440,710,1.0,1.0
0.3104543685913086,0.15878482162952423,0.5114594368100484,0.8148148087216326,356.17950439453125,gauss,312,5.2,1930,76,2309,710,3440,710,1.0,1.0
0.31049880385398865,0.15875202417373657,0.5112806139362237,0.8148148087216326,355.8017578125,gauss,313,5.216666666666667,1930,76,2309,710,3440,710,1.0,1.0
0.3105090260505676,0.1587376594543457,0.5112175203445437,0.8148148087216326,355.14202880859375,gauss,314,5.233333333333333,1930,76,2309,710,3440,710,1.0,1.0
0.3105219602584839,0.15872536599636078,0.5111566368854191,0.8136645902758545,353.80255126953125,gauss,315,5.25,1930,76,2309,710,3440,710,1.0,1.0
0.31052905321121216,0.15872152149677277,0.5111325808135883,0.8136645902758545,352.55517578125,gauss,316,5.266666666666667,1930,76,2309,710,3440,710,1.0,1.0
0.3105620741844177,0.15870864689350128,0.5110367780738393,0.8136645902758545,352.6441345214844,gauss,317,5.283333333333333,1930,76,2309,710,3440,710,1.0,1.0
0.3105907440185547,0.15869690477848053,0.5109517998369004,0.8136645902758545,352.96807861328125,gauss,318,5.3,1930,76,2309,710,3440,710,1.0,1.0
0.31061992049217224,0.15867382287979126,0.510829497091108,0.8136645902758545,352.7264099121094,gauss,319,5.316666666666666,1930,76,2309,710,3440,710,1.0,1.0
0.3106243908405304,0.1586650013923645,0.510793746283379,0.8136645902758545,352.65435791015625,gauss,320,5.333333333333333,1930,76,2309,710,3440,710,1.0,1.0
0.31065255403518677,0.15864233672618866,0.5106744804083435,0.8136645902758545,350.6357727050781,gauss,321,5.35,1930,76,2309,710,3440,710,1.0,1.0
0.31067654490470886,0.15863099694252014,0.5105985451370016,0.8136645902758545,349.1466369628906,gauss,322,5.366666666666666,1930,76,2309,710,3440,710,1.0,1.0
0.3106786012649536,0.15863415598869324,0.5106053337331501,0.8036809663048627,348.22540283203125,gauss,323,5.383333333333334,1930,76,2309,710,3440,710,1.0,1.0
0.31068775057792664,0.15863065421581268,0.5105790260959604,0.8036809663048627,347.7678527832031,gauss,324,5.4,1930,76,2309,710,3440,710,1.0,1.0
0.3106862008571625,0.15862883627414703,0.5105757215181861,0.8036809663048627,347.08978271484375,gauss,325,5.416666666666667,1930,76,2309,710,3440,710,1.0,1.0
0.31069469451904297,0.15863117575645447,0.5105692934226748,0.8036809663048627,346.04339599609375,gauss,326,5.433333333333334,1930,76,2309,710,3440,710,1.0,1.0
0.3107060194015503,0.15862059593200684,0.5105166328362709,0.8148148087216326,345.8992919921875,gauss,327,5.45,1930,76,2309,710,3440,710,1.0,1.0
0.31070947647094727,0.1586189568042755,0.5105056772030908,0.8148148087216326,345.1264343261719,gauss,328,5.466666666666667,1930,76,2309,710,3440,710,1.0,1.0
0.31073883175849915,0.1585945188999176,0.5103788055668127,0.8148148087216326,343.7976989746094,gauss,329,5.483333333333333,1930,76,2309,710,3440,710,1.0,1.0
0.31066203117370605,0.15875506401062012,0.5110217631057556,0.8136645902758545,343.635498046875,gauss,330,5.5,1930,76,2309,710,3440,710,1.0,1.0
0.3106650412082672,0.15875937044620514,0.5110306738036465,0.8148148087216326,343.0419006347656,gauss,331,5.516666666666667,1930,76,2309,710,3440,710,1.0,1.0
0.3106653392314911,0.15876436233520508,0.5110462519490786,0.8148148087216326,343.5476379394531,gauss,332,5.533333333333333,1930,76,2309,710,3440,710,1.0,1.0
0.3106885850429535,0.15875910222530365,0.510991084829988,0.8148148087216326,344.3191833496094,gauss,333,5.55,1930,76,2309,710,3440,710,1.0,1.0
0.31069672107696533,0.158755362033844,0.5109656657266772,0.8148148087216326,344.9720153808594,gauss,334,5.566666666666666,1930,76,2309,710,3440,710,1.0,1.0
0.31070584058761597,0.15875299274921417,0.5109430429101218,0.8136645902758545,346.6138000488281,gauss,335,5.583333333333333,1930,76,2309,710,3440,710,1.0,1.0
0.3107201159000397,0.15873467922210693,0.510860629842731,0.8136645902758545,346.4455871582031,gauss,336,5.6,1930,76,2309,710,3440,710,1.0,1.0
0.31074079871177673,0.1587182581424713,0.5107737821770562,0.8136645902758545,345.91265869140625,gauss,337,5.616666666666666,1930,76,2309,710,3440,710,1.0,1.0
0.3107456862926483,0.1587187647819519,0.5107673788423982,0.8036809663048627,346.8280029296875,gauss,338,5.633333333333334,1930,76,2309,710,3440,710,1.0,1.0
0.31077516078948975,0.1586986929178238,0.5106543502644288,0.8148148087216326,347.4561767578125,gauss,339,5.65,1930,76,2309,710,3440,710,1.0,1.0
0.31079232692718506,0.1586906611919403,0.510600302314145,0.8036809663048627,349.06365966796875,gauss,340,5.666666666666667,1930,76,2309,710,3440,710,1.0,1.0
0.3108096718788147,0.15867306292057037,0.5105151871763033,0.8136645902758545,350.010498046875,gauss,341,5.683333333333334,1930,76,2309,710,3440,710,1.0,1.0
0.3108175992965698,0.15866900980472565,0.5104891262879832,0.8136645902758545,350.2153015136719,gauss,342,5.7,1930,76,2309,710,3440,710,1.0,1.0
0.3108193874359131,0.15867513418197632,0.5105058934254355,0.8024691205648412,351.80596923828125,gauss,343,5.716666666666667,1930,76,2309,710,3440,710,1.0,1.0
0.3108300566673279,0.15867185592651367,0.5104778235508839,0.8148148087216326,353.01202392578125,gauss,344,5.733333333333333,1930,76,2309,710,3440,710,1.0,1.0
0.31083953380584717,0.15867353975772858,0.5104676767150235,0.8036809663048627,354.2944030761719,gauss,345,5.75,1930,76,2309,710,3440,710,1.0,1.0
0.3108600974082947,0.15865905582904816,0.510387315863144,0.8036809663048627,354.9778747558594,gauss,346,5.766666666666667,1930,76,2309,710,3440,710,1.0,1.0
0.3108656406402588,0.15866543352603912,0.5103987307676221,0.8036809663048627,356.8310241699219,gauss,347,5.783333333333333,1930,76,2309,710,3440,710,1.0,1.0
0.3108868896961212,0.1586551070213318,0.5103306288441566,0.8024691205648412,358.7930908203125,gauss,348,5.8,1930,76,2309,710,3440,710,1.0,1.0
0.3108951449394226,0.15865378081798553,0.5103128122048057,0.8024691205648412,360.14862060546875,gauss,349,5.816666666666666,1930,76,2309,710,3440,710,1.0,1.0
0.3109112083911896,0.15863949060440063,0.5102404841654825,0.8024691205648412,361.2508850097656,gauss,350,5.833333333333333,1930,76,2309,710,3440,710,1.0,1.0
0.310931921005249,0.15863025188446045,0.5101767816885379,0.8024691205648412,364.4037780761719,gauss,351,5.85,1930,76,2309,710,3440,710,1.0,1.0
0.3109531104564667,0.15861868858337402,0.510104829790832,0.8024691205648412,365.6664733886719,gauss,352,5.866666666666666,1930,76,2309,710,3440,710,1.0,1.0
0.31098824739456177,0.1585981845855713,0.5099812639689227,0.8024691205648412,366.40924072265625,gauss,353,5.883333333333334,1930,76,2309,710,3440,710,1.0,1.0
0.3110039234161377,0.15859678387641907,0.5099510547482665,0.8024691205648412,367.1850280761719,gauss,354,5.9,1930,76,2309,710,3440,710,1.0,1.0
0.31101566553115845,0.1585831642150879,0.5098880110922274,0.8024691205648412,367.4503173828125,gauss,355,5.916666666666667,1930,76,2309,710,3440,710,1.0,1.0
0.3110367953777313,0.15857647359371185,0.5098318618632043,0.8036809663048627,368.999267578125,gauss,356,5.933333333333334,1930,76,2309,710,3440,710,1.0,1.0
0.3110482096672058,0.15856362879276276,0.5097718577602273,0.8036809663048627,370.3701171875,gauss,357,5.95,1930,76,2309,710,3440,710,1.0,1.0
0.31106385588645935,0.15855593979358673,0.509721498322344,0.8036809663048627,371.4562072753906,gauss,358,5.966666666666667,1930,76,2309,710,3440,710,1.0,1.0
0.3110916018486023,0.1585339456796646,0.5096053369539828,0.8036809663048627,372.2997131347656,gauss,359,5.983333333333333,1930,76,2309,710,3440,710,1.0,1.0
0.311113178730011,0.1585208922624588,0.5095280367558631,0.8036809663048627,373.1717224121094,gauss,360,6.0,1930,76,2309,710,3440,710,1.0,1.0
0.3111122250556946,0.15851838886737823,0.509521552050181,0.8036809663048627,373.0381164550781,gauss,361,6.016666666666667,1930,76,2309,710,3440,710,1.0,1.0
0.3111254870891571,0.15850575268268585,0.5094592187578376,0.8036809663048627,373.3759460449219,gauss,362,6.033333333333333,1930,76,2309,710,3440,710,1.0,1.0
0.3111378252506256,0.15849530696868896,0.5094054435424702,0.8036809663048627,372.9062805175781,gauss,363,6.05,1930,76,2309,710,3440,710,1.0,1.0
0.31114909052848816,0.15848922729492188,0.5093674608916664,0.8036809663048627,374.20068359375,gauss,364,6.066666666666666,1930,76,2309,710,3440,710,1.0,1.0
0.3111754059791565,0.15847350656986237,0.5092738642967779,0.8036809663048627,374.7604675292969,gauss,365,6.083333333333333,1930,76,2309,710,3440,710,1.0,1.0
0.31120404601097107,0.15845884382724762,0.5091798797817126,0.8036809663048627,375.34814453125,gauss,366,6.1,1930,76,2309,710,3440,710,1.0,1.0
0.3112165033817291,0.15845249593257904,0.5091391012989912,0.8036809663048627,376.6741638183594,gauss,367,6.116666666666666,1930,76,2309,710,3440,710,1.0,1.0
0.3112301528453827,0.15844392776489258,0.5090892422390518,0.8036809663048627,376.91131591796875,gauss,368,6.133333333333334,1930,76,2309,710,3440,710,1.0,1.0
0.31124627590179443,0.15843451023101807,0.5090326131024352,0.8036809663048627,376.4705810546875,gauss,369,6.15,1930,76,2309,710,3440,710,1.0,1.0
0.3112616240978241,0.1584244966506958,0.508975341949486,0.8036809663048627,376.36151123046875,gauss,370,6.166666666666667,1930,76,2309,710,3440,710,1.0,1.0
0.31127700209617615,0.15840645134449005,0.508892225216897,0.8036809663048627,375.30029296875,gauss,371,6.183333333333334,1930,76,2309,710,3440,710,1.0,1.0
0.3112843930721283,0.15839460492134094,0.5088420857521699,0.8148148087216326,373.0719909667969,gauss,372,6.2,1930,76,2309,710,3440,710,1.0,1.0
0.31130874156951904,0.15837301313877106,0.5087329294159095,0.8148148087216326,372.2698059082031,gauss,373,6.216666666666667,1930,76,2309,710,3440,710,1.0,1.0
0.3113269507884979,0.1583554446697235,0.5086467431816911,0.8036809663048627,371.4433898925781,gauss,374,6.233333333333333,1930,76,2309,710,3440,710,1.0,1.0
0.3113337755203247,0.15834319591522217,0.5085962503253123,0.8024691205648412,371.30804443359375,gauss,375,6.25,1930,76,2309,710,3440,710,1.0,1.0
0.3113555610179901,0.15833061933517456,0.5085202709477976,0.8024691205648412,369.9566955566406,gauss,376,6.266666666666667,1930,76,2309,710,3440,710,1.0,1.0
0.311387300491333,0.158317431807518,0.5084260869773771,0.8024691205648412,369.7513122558594,gauss,377,6.283333333333333,1930,76,2309,710,3440,710,1.0,1.0
0.3114117980003357,0.15830492973327637,0.5083459447148058,0.8148148087216326,368.6966247558594,gauss,378,6.3,1930,76,2309,710,3440,710,1.0,1.0
0.3114323914051056,0.15828748047351837,0.5082563013975573,0.8148148087216326,368.4896545410156,gauss,379,6.316666666666666,1930,76,2309,710,3440,710,1.0,1.0
0.3114522695541382,0.15826943516731262,0.508165923183752,0.8148148087216326,367.761962890625,gauss,380,6.333333333333333,1930,76,2309,710,3440,710,1.0,1.0
0.3114606440067291,0.15825362503528595,0.50810149853428,0.8148148087216326,365.5437927246094,gauss,381,6.35,1930,76,2309,710,3440,710,1.0,1.0
0.3114948868751526,0.15823397040367126,0.5079825447897838,0.8148148087216326,364.6357116699219,gauss,382,6.366666666666666,1930,76,2309,710,3440,710,1.0,1.0
0.31151238083839417,0.15822184085845947,0.5079150798227526,0.8148148087216326,363.66552734375,gauss,383,6.383333333333334,1930,76,2309,710,3440,710,1.0,1.0
0.311530739068985,0.15821027755737305,0.5078480311500139,0.8148148087216326,363.1915283203125,gauss,384,6.4,1930,76,2309,710,3440,710,1.0,1.0
0.31154027581214905,0.15820448100566864,0.5078138790084502,0.8036809663048627,363.0071716308594,gauss,385,6.416666666666667,1930,76,2309,710,3440,710,1.0,1.0
0.31155696511268616,0.15819525718688965,0.5077570711734907,0.8036809663048627,362.78289794921875,gauss,386,6.433333333333334,1930,76,2309,710,3440,710,1.0,1.0
0.311565637588501,0.15818391740322113,0.5077065415508897,0.8036809663048627,362.4909973144531,gauss,387,6.45,1930,76,2309,710,3440,710,1.0,1.0
0.31156447529792786,0.1581883579492569,0.5077226879629498,0.8036809663048627,362.0245056152344,gauss,388,6.466666666666667,1930,76,2309,710,3440,710,1.0,1.0
0.3115972578525543,0.15815597772598267,0.5075653545230088,0.8036809663048627,359.6598815917969,gauss,389,6.483333333333333,1930,76,2309,710,3440,710,1.0,1.0
0.311551958322525,0.15826793015003204,0.5079984922007934,0.8024691205648412,358.9953308105469,gauss,390,6.5,1930,76,2309,710,3440,710,1.0,1.0
0.31156596541404724,0.15826205909252167,0.5079568103744433,0.8136645902758545,358.97332763671875,gauss,391,6.516666666666667,1930,76,2309,710,3440,710,1.0,1.0
0.311570405960083,0.1582651436328888,0.5079594708798187,0.8136645902758545,359.766357421875,gauss,392,6.533333333333333,1930,76,2309,710,3440,710,1.0,1.0
0.3115856349468231,0.15826044976711273,0.5079195795240257,0.8136645902758545,361.1107482910156,gauss,393,6.55,1930,76,2309,710,3440,710,1.0,1.0
0.31159648299217224,0.1582604944705963,0.5079020400738979,0.8136645902758545,361.16168212890625,gauss,394,6.566666666666666,1930,76,2309,710,3440,710,1.0,1.0
0.3116188943386078,0.15824538469314575,0.5078170242239057,0.8136645902758545,362.4520568847656,gauss,395,6.583333333333333,1930,76,2309,710,3440,710,1.0,1.0
0.3116286098957062,0.15822842717170715,0.5077467763540525,0.8136645902758545,361.0638427734375,gauss,396,6.6,1930,76,2309,710,3440,710,1.0,1.0
0.311659038066864,0.15820634365081787,0.5076263456239395,0.8136645902758545,361.4270935058594,gauss,397,6.616666666666666,1930,76,2309,710,3440,710,1.0,1.0
0.31167206168174744,0.15820357203483582,0.5075962410786027,0.8136645902758545,363.3286437988281,gauss,398,6.633333333333334,1930,76,2309,710,3440,710,1.0,1.0
0.31170183420181274,0.15817932784557343,0.5074699774415179,0.8136645902758545,363.22955322265625,gauss,399,6.65,1930,76,2309,710,3440,710,1.0,1.0
0.31171905994415283,0.1581667959690094,0.5074017319419898,0.8148148087216326,363.4468688964844,gauss,400,6.666666666666667,1930,76,2309,710,3440,710,1.0,1.0
0.3117412328720093,0.15814746916294098,0.507303646145631,0.8148148087216326,364.6828308105469,gauss,401,6.683333333333334,1930,76,2309,710,3440,710,1.0,1.0
0.3117544949054718,0.15813714265823364,0.5072489416189285,0.8148148087216326,364.076904296875,gauss,402,6.7,1930,76,2309,710,3440,710,1.0,1.0
0.31176239252090454,0.15813978016376495,0.5072445518928834,0.8148148087216326,365.81182861328125,gauss,403,6.716666666666667,1930,76,2309,710,3440,710,1.0,1.0
0.31178465485572815,0.15812604129314423,0.5071642678972481,0.8148148087216326,366.9360046386719,gauss,404,6.733333333333333,1930,76,2309,710,3440,710,1.0,1.0
0.3118045926094055,0.15811966359615326,0.5071113840940576,0.8148148087216326,368.6553955078125,gauss,405,6.75,1930,76,2309,710,3440,710,1.0,1.0
0.31182995438575745,0.15810246765613556,0.5070149944299476,0.8148148087216326,369.9875793457031,gauss,406,6.766666666666667,1930,76,2309,710,3440,710,1.0,1.0
0.3118435740470886,0.15810154378414154,0.5069898881109194,0.8148148087216326,372.48883056640625,gauss,407,6.783333333333333,1930,76,2309,710,3440,710,1.0,1.0
0.3118608593940735,0.15809442102909088,0.5069389479233436,0.8148148087216326,373.89874267578125,gauss,408,6.8,1930,76,2309,710,3440,710,1.0,1.0
0.31187984347343445,0.15808579325675964,0.5068804268571494,0.8148148087216326,375.51226806640625,gauss,409,6.816666666666666,1930,76,2309,710,3440,710,1.0,1.0
0.3119002878665924,0.1580706238746643,0.5067985665800008,0.8148148087216326,377.1307373046875,gauss,410,6.833333333333333,1930,76,2309,710,3440,710,1.0,1.0
0.31191104650497437,0.15806268155574799,0.5067556223459081,0.8148148087216326,378.84637451171875,gauss,411,6.85,1930,76,2309,710,3440,710,1.0,1.0
0.31194084882736206,0.15804822742938995,0.5066608716264991,0.8036809663048627,379.8252868652344,gauss,412,6.866666666666666,1930,76,2309,710,3440,710,1.0,1.0
0.3119797110557556,0.15801936388015747,0.5065052412554628,0.8036809663048627,380.5967102050781,gauss,413,6.883333333333334,1930,76,2309,710,3440,710,1.0,1.0
0.31200599670410156,0.1580115407705307,0.5064374959946998,0.8036809663048627,381.96807861328125,gauss,414,6.9,1930,76,2309,710,3440,710,1.0,1.0
0.3120197653770447,0.1579994112253189,0.5063762738576183,0.8036809663048627,381.81512451171875,gauss,415,6.916666666666667,1930,76,2309,710,3440,710,1.0,1.0
0.31203821301460266,0.15798936784267426,0.5063141506073784,0.8036809663048627,383.5954284667969,gauss,416,6.933333333333334,1930,76,2309,710,3440,710,1.0,1.0
0.3120604157447815,0.1579652577638626,0.5062008660241156,0.8036809663048627,384.8904113769531,gauss,417,6.95,1930,76,2309,710,3440,710,1.0,1.0
0.3120832145214081,0.15795211493968964,0.5061217730684353,0.8036809663048627,385.95709228515625,gauss,418,6.966666666666667,1930,76,2309,710,3440,710,1.0,1.0
0.31212007999420166,0.15792647004127502,0.5059798298924265,0.8036809663048627,386.1173400878906,gauss,419,6.983333333333333,1930,76,2309,710,3440,710,1.0,1.0
0.3121407628059387,0.15791268646717072,0.5059021448804663,0.8036809663048627,386.6914978027344,gauss,420,7.0,1930,76,2309,710,3440,710,1.0,1.0
0.3121461272239685,0.1579093486070633,0.5058827573886058,0.8036809663048627,386.34442138671875,gauss,421,7.016666666666667,1930,76,2309,710,3440,710,1.0,1.0
0.3121650218963623,0.15789024531841278,0.5057909412827244,0.8036809663048627,386.26544189453125,gauss,422,7.033333333333333,1930,76,2309,710,3440,710,1.0,1.0
0.3121841847896576,0.15787719190120697,0.5057180809796631,0.8036809663048627,386.6868896484375,gauss,423,7.05,1930,76,2309,710,3440,710,1.0,1.0
0.31219369173049927,0.15786738693714142,0.505671274154724,0.8036809663048627,387.7427673339844,gauss,424,7.066666666666666,1930,76,2309,710,3440,710,1.0,1.0
0.3122248351573944,0.15784624218940735,0.5055531122445945,0.8036809663048627,386.9731750488281,gauss,425,7.083333333333333,1930,76,2309,710,3440,710,1.0,1.0
0.3122534155845642,0.15782903134822845,0.505451720994764,0.8036809663048627,387.3265380859375,gauss,426,7.1,1930,76,2309,710,3440,710,1.0,1.0
0.31227776408195496,0.15781453251838684,0.5053658813290043,0.8036809663048627,387.8316650390625,gauss,427,7.116666666666666,1930,76,2309,710,3440,710,1.0,1.0
0.3122917711734772,0.15780441462993622,0.5053108155359245,0.8036809663048627,386.9139709472656,gauss,428,7.133333333333334,1930,76,2309,710,3440,710,1.0,1.0
0.31232404708862305,0.15778519213199615,0.5051970495094589,0.8036809663048627,386.51800537109375,gauss,429,7.15,1930,76,2309,710,3440,710,1.0,1.0
0.3123466670513153,0.15776920318603516,0.5051092736937147,0.8036809663048627,386.1228942871094,gauss,430,7.166666666666667,1930,76,2309,710,3440,710,1.0,1.0
0.31236204504966736,0.15774671733379364,0.5050124199903571,0.8036809663048627,384.22735595703125,gauss,431,7.183333333333334,1930,76,2309,710,3440,710,1.0,1.0
0.3123857080936432,0.15772609412670135,0.504908147175346,0.8036809663048627,384.1427001953125,gauss,432,7.2,1930,76,2309,710,3440,710,1.0,1.0
0.31242087483406067,0.1576995551586151,0.5047663674673213,0.8036809663048627,383.2528991699219,gauss,433,7.216666666666667,1930,76,2309,710,3440,710,1.0,1.0
0.3124367594718933,0.15768133103847504,0.504682375589151,0.8036809663048627,382.076171875,gauss,434,7.233333333333333,1930,76,2309,710,3440,710,1.0,1.0
0.3124542534351349,0.15765975415706635,0.5045850628624765,0.8036809663048627,380.8934326171875,gauss,435,7.25,1930,76,2309,710,3440,710,1.0,1.0
0.31247660517692566,0.15764594078063965,0.5045047633128636,0.8148148087216326,380.2535400390625,gauss,436,7.266666666666667,1930,76,2309,710,3440,710,1.0,1.0
0.31251102685928345,0.1576286256313324,0.5043937878658313,0.8148148087216326,379.0387268066406,gauss,437,7.283333333333333,1930,76,2309,710,3440,710,1.0,1.0
0.3125382661819458,0.15761664509773254,0.5043114943334979,0.8148148087216326,379.4897155761719,gauss,438,7.3,1930,76,2309,710,3440,710,1.0,1.0
0.3125627040863037,0.15759329497814178,0.5041973590446482,0.8148148087216326,378.9012756347656,gauss,439,7.316666666666666,1930,76,2309,710,3440,710,1.0,1.0
0.31258174777030945,0.15757353603839874,0.5041034293312361,0.8148148087216326,377.40924072265625,gauss,440,7.333333333333333,1930,76,2309,710,3440,710,1.0,1.0
0.31259316205978394,0.15755857527256012,0.5040371618943321,0.8148148087216326,375.5319519042969,gauss,441,7.35,1930,76,2309,710,3440,710,1.0,1.0
0.31263431906700134,0.1575314700603485,0.5038841080903422,0.8148148087216326,374.2666320800781,gauss,442,7.366666666666666,1930,76,2309,710,3440,710,1.0,1.0
0.31266313791275024,0.15751178562641144,0.5037747066704698,0.8036809663048627,373.59478759765625,gauss,443,7.383333333333334,1930,76,2309,710,3440,710,1.0,1.0
0.31268858909606934,0.15749359130859375,0.5036755153973682,0.8024691205648412,373.3098449707031,gauss,444,7.4,1930,76,2309,710,3440,710,1.0,1.0
0.3127031624317169,0.15748116374015808,0.5036122995347809,0.8136645902758545,371.9444885253906,gauss,445,7.416666666666667,1930,76,2309,710,3440,710,1.0,1.0
0.31272047758102417,0.15747232735157013,0.5035561583114055,0.8136645902758545,371.3670654296875,gauss,446,7.433333333333334,1930,76,2309,710,3440,710,1.0,1.0
0.31273898482322693,0.15745693445205688,0.5034771392709058,0.8136645902758545,370.1990661621094,gauss,447,7.45,1930,76,2309,710,3440,710,1.0,1.0
0.3127462565898895,0.15745046734809875,0.503444754320814,0.8136645902758545,369.0714111328125,gauss,448,7.466666666666667,1930,76,2309,710,3440,710,1.0,1.0
0.3127838671207428,0.1574207842350006,0.5032893181199108,0.8148148087216326,368.8752136230469,gauss,449,7.483333333333333,1930,76,2309,710,3440,710,1.0,1.0
0.31273818016052246,0.15752722322940826,0.5037031874762484,0.8148148087216326,368.3379821777344,gauss,450,7.5,1930,76,2309,710,3440,710,1.0,1.0
0.31274980306625366,0.15752537548542023,0.5036785599998095,0.8148148087216326,368.8877868652344,gauss,451,7.516666666666667,1930,76,2309,710,3440,710,1.0,1.0
0.3127577006816864,0.15752781927585602,0.5036736550235917,0.8136645902758545,369.79913330078125,gauss,452,7.533333333333333,1930,76,2309,710,3440,710,1.0,1.0
0.3127673268318176,0.15752612054347992,0.5036527219854336,0.8136645902758545,370.64276123046875,gauss,453,7.55,1930,76,2309,710,3440,710,1.0,1.0
0.3127811849117279,0.15752267837524414,0.5036194021181474,0.8024691205648412,371.2862548828125,gauss,454,7.566666666666666,1930,76,2309,710,3440,710,1.0,1.0
0.31280145049095154,0.15751248598098755,0.5035541897207476,0.8024691205648412,372.0441589355469,gauss,455,7.583333333333333,1930,76,2309,710,3440,710,1.0,1.0
0.31282052397727966,0.1574903279542923,0.5034526536730831,0.8024691205648412,371.9811096191406,gauss,456,7.6,1930,76,2309,710,3440,710,1.0,1.0
0.3128398358821869,0.1574738770723343,0.5033689894209887,0.8024691205648412,372.2204895019531,gauss,457,7.616666666666666,1930,76,2309,710,3440,710,1.0,1.0
0.3128547966480255,0.15746450424194336,0.5033149591947852,0.8024691205648412,372.9124450683594,gauss,458,7.633333333333334,1930,76,2309,710,3440,710,1.0,1.0
0.3128839135169983,0.15744705498218536,0.5032123517641571,0.8024691205648412,373.0005187988281,gauss,459,7.65,1930,76,2309,710,3440,710,1.0,1.0
0.31290557980537415,0.15743392705917358,0.5031355533057008,0.8024691205648412,373.72540283203125,gauss,460,7.666666666666667,1930,76,2309,710,3440,710,1.0,1.0
0.3129238486289978,0.15742227435112,0.5030689415656212,0.8024691205648412,374.2853088378906,gauss,461,7.683333333333334,1930,76,2309,710,3440,710,1.0,1.0
0.31293535232543945,0.1574142873287201,0.5030249255276428,0.8024691205648412,375.1330261230469,gauss,462,7.7,1930,76,2309,710,3440,710,1.0,1.0
0.31294557452201843,0.1574150174856186,0.5030108276684859,0.8024691205648412,376.58294677734375,gauss,463,7.716666666666667,1930,76,2309,710,3440,710,1.0,1.0
0.31297099590301514,0.1574028730392456,0.502931166371438,0.8036809663048627,378.0408935546875,gauss,464,7.733333333333333,1930,76,2309,710,3440,710,1.0,1.0
0.3129868507385254,0.15740199387073517,0.5029028806491385,0.8036809663048627,379.8617858886719,gauss,465,7.75,1930,76,2309,710,3440,710,1.0,1.0
0.31301143765449524,0.15738658607006073,0.5028141534420345,0.8036809663048627,380.4161682128906,gauss,466,7.766666666666667,1930,76,2309,710,3440,710,1.0,1.0
0.31302690505981445,0.15738189220428467,0.5027743131104605,0.8036809663048627,382.2961730957031,gauss,467,7.783333333333333,1930,76,2309,710,3440,710,1.0,1.0
0.31304049491882324,0.1573813408613205,0.5027507251885253,0.8036809663048627,384.202392578125,gauss,468,7.8,1930,76,2309,710,3440,710,1.0,1.0
0.31306084990501404,0.15737052261829376,0.5026834803496089,0.8036809663048627,385.171875,gauss,469,7.816666666666666,1930,76,2309,710,3440,710,1.0,1.0
0.31308653950691223,0.1573529839515686,0.5025862152155298,0.8036809663048627,386.9559326171875,gauss,470,7.833333333333333,1930,76,2309,710,3440,710,1.0,1.0
0.31309974193573,0.1573495864868164,0.5025541716785377,0.8036809663048627,389.41082763671875,gauss,471,7.85,1930,76,2309,710,3440,710,1.0,1.0
0.3131040334701538,0.15735171735286713,0.5025540890782729,0.8036809663048627,390.97772216796875,gauss,472,7.866666666666666,1930,76,2309,710,3440,710,1.0,1.0
0.3131352961063385,0.15732811391353607,0.5024285375859487,0.8036809663048627,391.8293151855469,gauss,473,7.883333333333334,1930,76,2309,710,3440,710,1.0,1.0
0.31315717101097107,0.15732388198375702,0.5023799277917417,0.8024691205648412,393.1939697265625,gauss,474,7.9,1930,76,2309,710,3440,710,1.0,1.0
0.31316548585891724,0.15731419622898102,0.5023356605666798,0.8024691205648412,393.8873291015625,gauss,475,7.916666666666667,1930,76,2309,710,3440,710,1.0,1.0
0.31318745017051697,0.15730953216552734,0.5022855387628838,0.8136645902758545,396.11700439453125,gauss,476,7.933333333333334,1930,76,2309,710,3440,710,1.0,1.0
0.31320229172706604,0.15729738771915436,0.5022229621295314,0.8148148087216326,396.81097412109375,gauss,477,7.95,1930,76,2309,710,3440,710,1.0,1.0
0.3132205009460449,0.15727999806404114,0.5021382462757493,0.8148148087216326,397.28125,gauss,478,7.966666666666667,1930,76,2309,710,3440,710,1.0,1.0
0.31324976682662964,0.15726330876350403,0.502038055243508,0.8136645902758545,398.3826599121094,gauss,479,7.983333333333333,1930,76,2309,710,3440,710,1.0,1.0
0.31330606341362,0.15722598135471344,0.501828705845568,0.8136645902758545,398.43865966796875,gauss,480,8.0,1930,76,2309,710,3440,710,1.0,1.0
0.3132788836956024,0.1572488695383072,0.5019453040175063,0.8136645902758545,397.6194763183594,gauss,481,8.016666666666667,1930,76,2309,710,3440,710,1.0,1.0
0.3132898807525635,0.15723614394664764,0.5018870655830795,0.8136645902758545,397.9228515625,gauss,482,8.033333333333333,1930,76,2309,710,3440,710,1.0,1.0
0.3133086860179901,0.15722191333770752,0.5018115211480753,0.8136645902758545,398.5172424316406,gauss,483,8.05,1930,76,2309,710,3440,710,1.0,1.0
0.3133147954940796,0.1572166383266449,0.5017848999466311,0.8136645902758545,399.30120849609375,gauss,484,8.066666666666666,1930,76,2309,710,3440,710,1.0,1.0
0.31333091855049133,0.15720677375793457,0.5017275967144165,0.8136645902758545,400.3271179199219,gauss,485,8.083333333333334,1930,76,2309,710,3440,710,1.0,1.0
0.313361793756485,0.15719632804393768,0.501644827670496,0.8024691205648412,400.6346740722656,gauss,486,8.1,1930,76,2309,710,3440,710,1.0,1.0
0.31336966156959534,0.15719231963157654,0.50161944148659,0.8024691205648412,401.9400329589844,gauss,487,8.116666666666667,1930,76,2309,710,3440,710,1.0,1.0
0.31337103247642517,0.15719707310199738,0.5016324158727056,0.8036809663048627,402.4756164550781,gauss,488,8.133333333333333,1930,76,2309,710,3440,710,1.0,1.0
0.3134176433086395,0.1571722775697708,0.5014787007386424,0.8036809663048627,402.0595397949219,gauss,489,8.15,1930,76,2309,710,3440,710,1.0,1.0
0.31342655420303345,0.15716682374477386,0.5014470427687276,0.8036809663048627,401.2654724121094,gauss,490,8.166666666666666,1930,76,2309,710,3440,710,1.0,1.0
0.3134295642375946,0.15715700387954712,0.5014108967279987,0.8148148087216326,400.1372375488281,gauss,491,8.183333333333334,1930,76,2309,710,3440,710,1.0,1.0
0.3134273588657379,0.1571589559316635,0.5014206528944998,0.8148148087216326,399.6233825683594,gauss,492,8.2,1930,76,2309,710,3440,710,1.0,1.0
0.31346434354782104,0.1571352481842041,0.5012858604359047,0.8136645902758545,399.2822265625,gauss,493,8.216666666666667,1930,76,2309,710,3440,710,1.0,1.0
0.31347474455833435,0.15712471306324005,0.5012356203440326,0.8136645902758545,399.22088623046875,gauss,494,8.233333333333333,1930,76,2309,710,3440,710,1.0,1.0
0.3134768307209015,0.15712155401706696,0.501222207215484,0.8136645902758545,398.67401123046875,gauss,495,8.25,1930,76,2309,710,3440,710,1.0,1.0
0.3134903013706207,0.15711252391338348,0.5011718646948512,0.8136645902758545,398.0137939453125,gauss,496,8.266666666666667,1930,76,2309,710,3440,710,1.0,1.0
0.31350472569465637,0.1571093052625656,0.5011385391498043,0.8136645902758545,399.2445373535156,gauss,497,8.283333333333333,1930,76,2309,710,3440,710,1.0,1.0
0.31352028250694275,0.15710343420505524,0.50109494651475,0.8136645902758545,398.4884033203125,gauss,498,8.3,1930,76,2309,710,3440,710,1.0,1.0
0.3135274350643158,0.157101571559906,0.5010775740148643,0.8136645902758545,398.17578125,gauss,499,8.316666666666666,1930,76,2309,710,3440,710,1.0,1.0
0.3135431110858917,0.15709564089775085,0.501033606968262,0.8024691205648412,391.11346435546875,gauss,500,8.333333333333334,1930,76,2309,710,3440,710,1.0,1.0
0.3135514557361603,0.157085120677948,0.5009867209810086,0.8024691205648412,392.5048522949219,gauss,501,8.35,1930,76,2309,710,3440,710,1.0,1.0
0.3135570287704468,0.15708564221858978,0.5009794799522623,0.8024691205648412,393.39544677734375,gauss,502,8.366666666666667,1930,76,2309,710,3440,710,1.0,1.0
0.313571035861969,0.15708117187023163,0.5009428451483281,0.8024691205648412,394.1387634277344,gauss,503,8.383333333333333,1930,76,2309,710,3440,710,1.0,1.0
0.3135843276977539,0.15707550942897797,0.5009035546296132,0.8024691205648412,395.18890380859375,gauss,504,8.4,1930,76,2309,710,3440,710,1.0,1.0
0.31359583139419556,0.15707682073116302,0.5008893613921196,0.8024691205648412,395.778076171875,gauss,505,8.416666666666666,1930,76,2309,710,3440,710,1.0,1.0
0.31358322501182556,0.15708984434604645,0.5009510292861238,0.8024691205648412,395.78729248046875,gauss,506,8.433333333333334,1930,76,2309,710,3440,710,1.0,1.0
0.3135954737663269,0.15708737075328827,0.5009235747487378,0.8024691205648412,396.3462219238281,gauss,507,8.45,1930,76,2309,710,3440,710,1.0,1.0
0.3136848509311676,0.1570444256067276,0.5006439429067255,0.8024691205648412,396.3117370605469,gauss,508,8.466666666666667,1930,76,2309,710,3440,710,1.0,1.0
0.31360098719596863,0.15708954632282257,0.5009217053753743,0.8024691205648412,398.3230895996094,gauss,509,8.483333333333333,1930,76,2309,710,3440,710,1.0,1.0
0.31362786889076233,0.1570851057767868,0.5008646116932102,0.8024691205648412,398.9656677246094,gauss,510,8.5,1930,76,2309,710,3440,710,1.0,1.0
0.3135336935520172,0.15724818408489227,0.5015351852238872,0.8024691205648412,400.431884765625,gauss,511,8.516666666666667,1930,76,2309,710,3440,710,1.0,1.0
0.3135179281234741,0.15727171301841736,0.501635453332429,0.8024691205648412,402.6510314941406,gauss,512,8.533333333333333,1930,76,2309,710,3440,710,1.0,1.0
0.313507080078125,0.15729284286499023,0.5017202093445267,0.8136645902758545,403.8802185058594,gauss,513,8.55,1930,76,2309,710,3440,710,1.0,1.0
0.3135029077529907,0.15730790793895721,0.501774940617619,0.8136645902758545,406.3924865722656,gauss,514,8.566666666666666,1930,76,2309,710,3440,710,1.0,1.0
0.31349697709083557,0.1573270857334137,0.5018456068537216,0.8136645902758545,409.1729736328125,gauss,515,8.583333333333334,1930,76,2309,710,3440,710,1.0,1.0
0.31349778175354004,0.15733660757541656,0.5018746916696262,0.8136645902758545,412.0967102050781,gauss,516,8.6,1930,76,2309,710,3440,710,1.0,1.0
0.31356537342071533,0.15732401609420776,0.5017263525008556,0.8136645902758545,416.0658874511719,gauss,517,8.616666666666667,1930,76,2309,710,3440,710,1.0,1.0
0.31350669264793396,0.15735508501529694,0.5019193646778446,0.8136645902758545,419.2041015625,gauss,518,8.633333333333333,1930,76,2309,710,3440,710,1.0,1.0
0.31350472569465637,0.15736624598503113,0.5019581144008646,0.8136645902758545,422.1022033691406,gauss,519,8.65,1930,76,2309,710,3440,710,1.0,1.0
0.31349653005599976,0.15739001333713531,0.5020470506915987,0.8148148087216326,424.8078918457031,gauss,520,8.666666666666666,1930,76,2309,710,3440,710,1.0,1.0
0.3135055601596832,0.15740518271923065,0.5020809762297261,0.8148148087216326,428.0807189941406,gauss,521,8.683333333333334,1930,76,2309,710,3440,710,1.0,1.0
0.3135060966014862,0.1574247032403946,0.5021423823189041,0.8136645902758545,432.4429931640625,gauss,522,8.7,1930,76,2309,710,3440,710,1.0,1.0
0.31349629163742065,0.1574486643075943,0.502234519148153,0.8136645902758545,435.678955078125,gauss,523,8.716666666666667,1930,76,2309,710,3440,710,1.0,1.0
0.31351056694984436,0.15748615562915802,0.5023312360346706,0.8148148087216326,441.59124755859375,gauss,524,8.733333333333333,1930,76,2309,710,3440,710,1.0,1.0
0.31346192955970764,0.15751434862613678,0.5024991195019827,0.8148148087216326,444.5035705566406,gauss,525,8.75,1930,76,2309,710,3440,710,1.0,1.0
0.3134562075138092,0.1575457602739334,0.5026085031061565,0.8148148087216326,448.3491516113281,gauss,526,8.766666666666667,1930,76,2309,710,3440,710,1.0,1.0
0.31343740224838257,0.1575704962015152,0.5027175762817009,0.8148148087216326,453.62774658203125,gauss,527,8.783333333333333,1930,76,2309,710,3440,710,1.0,1.0
0.31347134709358215,0.15758612751960754,0.5027130037675582,0.8375000020890152,460.31683349609375,gauss,528,8.8,1930,76,2309,710,3440,710,1.0,1.0
0.31341591477394104,0.1576213389635086,0.5029142634574069,0.8375000020890152,461.8902587890625,gauss,529,8.816666666666666,1930,76,2309,710,3440,710,1.0,1.0
0.313416451215744,0.15764562785625458,0.5029908998549292,0.8375000020890152,468.75799560546875,gauss,530,8.833333333333334,1930,76,2309,710,3440,710,1.0,1.0
0.3134031295776367,0.15769681334495544,0.5031756017424661,0.8375000020890152,476.2017517089844,gauss,531,8.85,1930,76,2309,710,3440,710,1.0,1.0
0.3133731186389923,0.15771295130252838,0.5032752871552514,0.8375000020890152,477.6135559082031,gauss,532,8.866666666666667,1930,76,2309,710,3440,710,1.0,1.0
0.3134218454360962,0.1577172577381134,0.5032107844510878,0.8375000020890152,485.2777404785156,gauss,533,8.883333333333333,1930,76,2309,710,3440,710,1.0,1.0
0.3134143352508545,0.15772376954555511,0.5032436196221785,0.8375000020890152,486.340087890625,gauss,534,8.9,1930,76,2309,710,3440,710,1.0,1.0
0.31334736943244934,0.15778419375419617,0.5035440029528343,0.8395061746829291,491.0729064941406,gauss,535,8.916666666666666,1930,76,2309,710,3440,710,1.0,1.0
0.3133441209793091,0.15781526267528534,0.5036483759311461,0.8395061746829291,497.0196228027344,gauss,536,8.933333333333334,1930,76,2309,710,3440,710,1.0,1.0
0.31334105134010315,0.15785294771194458,0.5037735783393215,0.8395061746829291,499.614501953125,gauss,537,8.95,1930,76,2309,710,3440,710,1.0,1.0
0.3132961094379425,0.15788711607456207,0.503954904892578,0.8395061746829291,500.5964660644531,gauss,538,8.966666666666667,1930,76,2309,710,3440,710,1.0,1.0
0.3132961094379425,0.1578999012708664,0.5039957135573239,0.8395061746829291,501.1477355957031,gauss,539,8.983333333333333,1930,76,2309,710,3440,710,1.0,1.0
