cond,frame,time_s,lap_meanabs,rms_contrast,diff_rms,roi_w,roi_h
C2_gauss_sigma0p6,0,0.0,0.0225372351706028,0.15190795063972473,0.0,321,586
C2_gauss_sigma0p6,1,0.016666666666666666,0.02258484996855259,0.15180398523807526,0.012452966533601284,321,586
C2_gauss_sigma0p6,2,0.03333333333333333,0.02268650196492672,0.15177805721759796,0.012430490925908089,321,586
C2_gauss_sigma0p6,3,0.05,0.022682666778564453,0.1516910344362259,0.012407527305185795,321,586
C2_gauss_sigma0p6,4,0.06666666666666667,0.022733787074685097,0.15162311494350433,0.012384936213493347,321,586
C2_gauss_sigma0p6,5,0.08333333333333333,0.022702597081661224,0.15148022770881653,0.012336056679487228,321,586
C2_gauss_sigma0p6,6,0.1,0.022640887647867203,0.15135709941387177,0.012340291403234005,321,586
C2_gauss_sigma0p6,7,0.11666666666666667,0.02255074307322502,0.15123343467712402,0.012221665121614933,321,586
C2_gauss_sigma0p6,8,0.13333333333333333,0.022527143359184265,0.15118815004825592,0.01214486826211214,321,586
C2_gauss_sigma0p6,9,0.15,0.022411106154322624,0.15104396641254425,0.012076916173100471,321,586
C2_gauss_sigma0p6,10,0.16666666666666666,0.022381585091352463,0.1508464515209198,0.011982067488133907,321,586
C2_gauss_sigma0p6,11,0.18333333333333332,0.022320833057165146,0.15072676539421082,0.011899436824023724,321,586
C2_gauss_sigma0p6,12,0.2,0.022153306752443314,0.15061326324939728,0.011820840649306774,321,586
C2_gauss_sigma0p6,13,0.21666666666666667,0.022260628640651703,0.15029850602149963,0.011737722903490067,321,586
C2_gauss_sigma0p6,14,0.23333333333333334,0.02222251705825329,0.15027131140232086,0.011652549728751183,321,586
C2_gauss_sigma0p6,15,0.25,0.02215113490819931,0.15020567178726196,0.011575515381991863,321,586
C2_gauss_sigma0p6,16,0.26666666666666666,0.022269470617175102,0.15002749860286713,0.01153284590691328,321,586
C2_gauss_sigma0p6,17,0.2833333333333333,0.022252870723605156,0.14993005990982056,0.011474253609776497,321,586
C2_gauss_sigma0p6,18,0.3,0.02220758982002735,0.14988404512405396,0.011424594558775425,321,586
C2_gauss_sigma0p6,19,0.31666666666666665,0.02228739485144615,0.1497417539358139,0.011345287784934044,321,586
C2_gauss_sigma0p6,20,0.3333333333333333,0.02228989638388157,0.14976206421852112,0.011268436908721924,321,586
C2_gauss_sigma0p6,21,0.35,0.0222394447773695,0.1497460901737213,0.011188891716301441,321,586
C2_gauss_sigma0p6,22,0.36666666666666664,0.022257793694734573,0.14967913925647736,0.011110448278486729,321,586
C2_gauss_sigma0p6,23,0.38333333333333336,0.022268718108534813,0.14961932599544525,0.011063321493566036,321,586
C2_gauss_sigma0p6,24,0.4,0.022277390584349632,0.1495993286371231,0.01098656002432108,321,586
C2_gauss_sigma0p6,25,0.4166666666666667,0.02228497713804245,0.14955465495586395,0.010939582251012325,321,586
C2_gauss_sigma0p6,26,0.43333333333333335,0.022255541756749153,0.14952844381332397,0.010915262624621391,321,586
C2_gauss_sigma0p6,27,0.45,0.02220858819782734,0.14946836233139038,0.010883744806051254,321,586
C2_gauss_sigma0p6,28,0.4666666666666667,0.0221607256680727,0.1493089646100998,0.010789738968014717,321,586
C2_gauss_sigma0p6,29,0.48333333333333334,0.02191338874399662,0.14937187731266022,0.01076639536768198,321,586
C2_gauss_sigma0p6,30,0.5,0.021870523691177368,0.14942283928394318,0.0,322,586
C2_gauss_sigma0p6,31,0.5166666666666667,0.02195816859602928,0.14945001900196075,0.0,321,586
C2_gauss_sigma0p6,32,0.5333333333333333,0.02196325920522213,0.1494503915309906,0.010673591867089272,321,586
C2_gauss_sigma0p6,33,0.55,0.021939821541309357,0.14940138161182404,0.01065387949347496,321,586
C2_gauss_sigma0p6,34,0.5666666666666667,0.02206658013164997,0.14938931167125702,0.010623888112604618,321,586
C2_gauss_sigma0p6,35,0.5833333333333334,0.022082172334194183,0.14930462837219238,0.010587905533611774,321,586
C2_gauss_sigma0p6,36,0.6,0.022013623267412186,0.14919979870319366,0.010615616105496883,321,586
C2_gauss_sigma0p6,37,0.6166666666666667,0.02215413749217987,0.1492525041103363,0.010533943772315979,321,586
C2_gauss_sigma0p6,38,0.6333333333333333,0.022053319960832596,0.14930906891822815,0.010523263365030289,321,586
C2_gauss_sigma0p6,39,0.65,0.022049397230148315,0.14923156797885895,0.010550981387495995,321,586
C2_gauss_sigma0p6,40,0.6666666666666666,0.022168481722474098,0.14924870431423187,0.010494894348084927,321,586
C2_gauss_sigma0p6,41,0.6833333333333333,0.022171566262841225,0.14927369356155396,0.010525119490921497,321,586
C2_gauss_sigma0p6,42,0.7,0.022104812785983086,0.14921286702156067,0.010501752607524395,321,586
C2_gauss_sigma0p6,43,0.7166666666666667,0.02202942594885826,0.14928536117076874,0.010480064898729324,321,586
C2_gauss_sigma0p6,44,0.7333333333333333,0.02195708453655243,0.14929714798927307,0.01046711765229702,321,586
C2_gauss_sigma0p6,45,0.75,0.021966924890875816,0.1491900533437729,0.010476809926331043,321,586
C2_gauss_sigma0p6,46,0.7666666666666667,0.021950332447886467,0.14933592081069946,0.010478030890226364,321,586
C2_gauss_sigma0p6,47,0.7833333333333333,0.02185393124818802,0.1493719518184662,0.010483293794095516,321,586
C2_gauss_sigma0p6,48,0.8,0.021883953362703323,0.1493057906627655,0.010445757769048214,321,586
C2_gauss_sigma0p6,49,0.8166666666666667,0.021797142922878265,0.14938433468341827,0.01045928429812193,321,586
C2_gauss_sigma0p6,50,0.8333333333333334,0.021808484569191933,0.14938724040985107,0.010511168278753757,321,586
C2_gauss_sigma0p6,51,0.85,0.021924691274762154,0.14949163794517517,0.010476595722138882,321,586
C2_gauss_sigma0p6,52,0.8666666666666667,0.02186610922217369,0.14956162869930267,0.010466020554304123,321,586
C2_gauss_sigma0p6,53,0.8833333333333333,0.021977517753839493,0.14948837459087372,0.010507759638130665,321,586
C2_gauss_sigma0p6,54,0.9,0.02194741554558277,0.14948812127113342,0.01050958875566721,321,586
C2_gauss_sigma0p6,55,0.9166666666666666,0.02193615399301052,0.14946500957012177,0.010515235364437103,321,586
C2_gauss_sigma0p6,56,0.9333333333333333,0.021957000717520714,0.1493970900774002,0.010539847426116467,321,586
C2_gauss_sigma0p6,57,0.95,0.021924646571278572,0.14938199520111084,0.010503522120416164,321,586
C2_gauss_sigma0p6,58,0.9666666666666667,0.02179480716586113,0.1492975503206253,0.010522466152906418,321,586
C2_gauss_sigma0p6,59,0.9833333333333333,0.021820366382598877,0.14922280609607697,0.010532278567552567,321,586
C2_gauss_sigma0p6,60,1.0,0.021817324683070183,0.14928974211215973,0.010489635169506073,321,586
C2_gauss_sigma0p6,61,1.0166666666666666,0.02183491736650467,0.14930351078510284,0.010492642410099506,321,586
C2_gauss_sigma0p6,62,1.0333333333333334,0.02160617522895336,0.14929544925689697,0.010507918894290924,321,586
C2_gauss_sigma0p6,63,1.05,0.02170199528336525,0.14936111867427826,0.010467012412846088,321,586
C2_gauss_sigma0p6,64,1.0666666666666667,0.021574825048446655,0.1494234949350357,0.010496686212718487,321,586
C2_gauss_sigma0p6,65,1.0833333333333333,0.0216055940836668,0.14942631125450134,0.01048752386122942,321,586
C2_gauss_sigma0p6,66,1.1,0.0217121671885252,0.1495688110589981,0.01055904384702444,321,586
C2_gauss_sigma0p6,67,1.1166666666666667,0.02159479632973671,0.1495884507894516,0.010502300225198269,321,586
C2_gauss_sigma0p6,68,1.1333333333333333,0.021692030131816864,0.14954614639282227,0.01055241096764803,321,586
C2_gauss_sigma0p6,69,1.15,0.021695824339985847,0.14956580102443695,0.010582467541098595,321,586
C2_gauss_sigma0p6,70,1.1666666666666667,0.02169540710747242,0.14957383275032043,0.010524382814764977,321,586
C2_gauss_sigma0p6,71,1.1833333333333333,0.02181190252304077,0.14947757124900818,0.0105169378221035,321,586
C2_gauss_sigma0p6,72,1.2,0.02175978384912014,0.14948122203350067,0.010542667470872402,321,586
C2_gauss_sigma0p6,73,1.2166666666666666,0.021612849086523056,0.14942291378974915,0.010490807704627514,321,586
C2_gauss_sigma0p6,74,1.2333333333333334,0.02138577587902546,0.14909841120243073,0.010515764355659485,321,586
C2_gauss_sigma0p6,75,1.25,0.021401621401309967,0.14911681413650513,0.0104522081092,321,586
C2_gauss_sigma0p6,76,1.2666666666666666,0.021433891728520393,0.1491047590970993,0.010467707179486752,321,586
C2_gauss_sigma0p6,77,1.2833333333333334,0.021502774208784103,0.14907510578632355,0.010501140728592873,321,586
C2_gauss_sigma0p6,78,1.3,0.021408962085843086,0.14904522895812988,0.010498824529349804,321,586
C2_gauss_sigma0p6,79,1.3166666666666667,0.021426141262054443,0.14899438619613647,0.010494934394955635,321,586
C2_gauss_sigma0p6,80,1.3333333333333333,0.021507110446691513,0.14891749620437622,0.010493968613445759,321,586
C2_gauss_sigma0p6,81,1.35,0.021578408777713776,0.1489260196685791,0.010496534407138824,321,586
C2_gauss_sigma0p6,82,1.3666666666666667,0.021560395136475563,0.14892558753490448,0.010479903779923916,321,586
C2_gauss_sigma0p6,83,1.3833333333333333,0.021560311317443848,0.14892558753490448,0.010514728724956512,321,586
C2_gauss_sigma0p6,84,1.4,0.02159087546169758,0.1489918977022171,0.010506880469620228,321,586
C2_gauss_sigma0p6,85,1.4166666666666667,0.021592004224658012,0.14900381863117218,0.010559512302279472,321,586
C2_gauss_sigma0p6,86,1.4333333333333333,0.021662507206201553,0.1490582823753357,0.010546168312430382,321,586
C2_gauss_sigma0p6,87,1.45,0.02158191241323948,0.1490253210067749,0.01056828536093235,321,586
C2_gauss_sigma0p6,88,1.4666666666666666,0.02155722863972187,0.14886082708835602,0.01056464109569788,321,586
C2_gauss_sigma0p6,89,1.4833333333333334,0.02151937037706375,0.14877109229564667,0.010559079237282276,321,586
C2_gauss_sigma0p6,90,1.5,0.021501539275050163,0.14897413551807404,0.0,320,586
C2_gauss_sigma0p6,91,1.5166666666666666,0.021484509110450745,0.1490277796983719,0.0,321,586
C2_gauss_sigma0p6,92,1.5333333333333334,0.021761368960142136,0.14901092648506165,0.010598964057862759,321,586
C2_gauss_sigma0p6,93,1.55,0.021765373647212982,0.14898791909217834,0.010641726665198803,321,586
C2_gauss_sigma0p6,94,1.5666666666666667,0.02183208242058754,0.1489841490983963,0.010655038990080357,321,586
C2_gauss_sigma0p6,95,1.5833333333333333,0.02163178101181984,0.14889398217201233,0.010719779878854752,321,586
C2_gauss_sigma0p6,96,1.6,0.021662550047039986,0.14882542192935944,0.010714828968048096,321,586
C2_gauss_sigma0p6,97,1.6166666666666667,0.02144431695342064,0.14884448051452637,0.010746991261839867,321,586
C2_gauss_sigma0p6,98,1.6333333333333333,0.021677475422620773,0.1488332897424698,0.01077643595635891,321,586
C2_gauss_sigma0p6,99,1.65,0.021583663299679756,0.1489141583442688,0.01078375056385994,321,586
C2_gauss_sigma0p6,100,1.6666666666666667,0.021483177319169044,0.1489500254392624,0.010767905041575432,321,586
C2_gauss_sigma0p6,101,1.6833333333333333,0.021724842488765717,0.1487886756658554,0.010837577283382416,321,586
C2_gauss_sigma0p6,102,1.7,0.02164003625512123,0.14883124828338623,0.010848981328308582,321,586
C2_gauss_sigma0p6,103,1.7166666666666666,0.021606847643852234,0.14879684150218964,0.010882602073252201,321,586
C2_gauss_sigma0p6,104,1.7333333333333334,0.021767789497971535,0.1488853245973587,0.010888561606407166,321,586
C2_gauss_sigma0p6,105,1.75,0.021590331569314003,0.1487860530614853,0.01093834824860096,321,586
C2_gauss_sigma0p6,106,1.7666666666666666,0.02158324606716633,0.14870351552963257,0.010984285734593868,321,586
C2_gauss_sigma0p6,107,1.7833333333333334,0.021612349897623062,0.14873836934566498,0.01098528690636158,321,586
C2_gauss_sigma0p6,108,1.8,0.02159108594059944,0.14871041476726532,0.010981084778904915,321,586
C2_gauss_sigma0p6,109,1.8166666666666667,0.021576743572950363,0.14862264692783356,0.010998767800629139,321,586
C2_gauss_sigma0p6,110,1.8333333333333333,0.021426472812891006,0.14868472516536713,0.011056261137127876,321,586
C2_gauss_sigma0p6,111,1.85,0.021278787404298782,0.14871878921985626,0.01106477715075016,321,586
C2_gauss_sigma0p6,112,1.8666666666666667,0.021274948492646217,0.1486499160528183,0.01109222136437893,321,586
C2_gauss_sigma0p6,113,1.8833333333333333,0.02128145657479763,0.1487235724925995,0.011119040660560131,321,586
C2_gauss_sigma0p6,114,1.9,0.02133924514055252,0.14864389598369598,0.011152067221701145,321,586
C2_gauss_sigma0p6,115,1.9166666666666667,0.021295631304383278,0.148539200425148,0.01116955652832985,321,586
C2_gauss_sigma0p6,116,1.9333333333333333,0.021356340497732162,0.14850807189941406,0.011212056502699852,321,586
C2_gauss_sigma0p6,117,1.95,0.02123909816145897,0.14848271012306213,0.011197247542440891,321,586
C2_gauss_sigma0p6,118,1.9666666666666666,0.021317563951015472,0.14836613833904266,0.011207647621631622,321,586
C2_gauss_sigma0p6,119,1.9833333333333334,0.02127319946885109,0.14832772314548492,0.01122226845473051,321,586
C2_gauss_sigma0p6,120,2.0,0.021262191236019135,0.14824643731117249,0.011232082732021809,321,586
C2_gauss_sigma0p6,121,2.0166666666666666,0.02125268429517746,0.14823289215564728,0.011213084682822227,321,586
C2_gauss_sigma0p6,122,2.033333333333333,0.021221164613962173,0.1482428014278412,0.011210310272872448,321,586
C2_gauss_sigma0p6,123,2.05,0.021118763834238052,0.14821694791316986,0.011217734776437283,321,586
C2_gauss_sigma0p6,124,2.066666666666667,0.021178968250751495,0.14826393127441406,0.011263302527368069,321,586
C2_gauss_sigma0p6,125,2.0833333333333335,0.021121179684996605,0.148263081908226,0.011247220449149609,321,586
C2_gauss_sigma0p6,126,2.1,0.021012602373957634,0.1482904553413391,0.011264292523264885,321,586
C2_gauss_sigma0p6,127,2.1166666666666667,0.021166374906897545,0.14830772578716278,0.011241812258958817,321,586
C2_gauss_sigma0p6,128,2.1333333333333333,0.021172547712922096,0.14824867248535156,0.011237109079957008,321,586
C2_gauss_sigma0p6,129,2.15,0.021176300942897797,0.14818935096263885,0.011289295740425587,321,586
C2_gauss_sigma0p6,130,2.1666666666666665,0.021188976243138313,0.14816561341285706,0.011216608807444572,321,586
C2_gauss_sigma0p6,131,2.183333333333333,0.021186141297221184,0.14801855385303497,0.011223109439015388,321,586
C2_gauss_sigma0p6,132,2.2,0.021337661892175674,0.14794743061065674,0.011214145459234715,321,586
C2_gauss_sigma0p6,133,2.216666666666667,0.021260526031255722,0.14782238006591797,0.011202736757695675,321,586
C2_gauss_sigma0p6,134,2.2333333333333334,0.021149534732103348,0.1476038694381714,0.011219236068427563,321,586
C2_gauss_sigma0p6,135,2.25,0.021077563986182213,0.14750562608242035,0.011128675192594528,321,586
C2_gauss_sigma0p6,136,2.2666666666666666,0.02112559974193573,0.14743401110172272,0.011190926656126976,321,586
C2_gauss_sigma0p6,137,2.283333333333333,0.021139021962881088,0.14732418954372406,0.01116184238344431,321,586
C2_gauss_sigma0p6,138,2.3,0.021045710891485214,0.14727190136909485,0.01111969817429781,321,586
C2_gauss_sigma0p6,139,2.316666666666667,0.0210492555052042,0.14717568457126617,0.011123910546302795,321,586
C2_gauss_sigma0p6,140,2.3333333333333335,0.021025653928518295,0.14703509211540222,0.011099590919911861,321,586
C2_gauss_sigma0p6,141,2.35,0.02117542363703251,0.14693430066108704,0.011062570847570896,321,586
C2_gauss_sigma0p6,142,2.3666666666666667,0.020921168848872185,0.1468590945005417,0.01106099970638752,321,586
C2_gauss_sigma0p6,143,2.3833333333333333,0.020921124145388603,0.14683131873607635,0.011030812747776508,321,586
C2_gauss_sigma0p6,144,2.4,0.020983831956982613,0.14674004912376404,0.011029575020074844,321,586
C2_gauss_sigma0p6,145,2.4166666666666665,0.020983001217246056,0.1467994600534439,0.011055969633162022,321,586
C2_gauss_sigma0p6,146,2.433333333333333,0.020929129794239998,0.14675673842430115,0.01106603629887104,321,586
C2_gauss_sigma0p6,147,2.45,0.021024610847234726,0.14667893946170807,0.011014708317816257,321,586
C2_gauss_sigma0p6,148,2.466666666666667,0.021048126742243767,0.14651454985141754,0.011014711111783981,321,586
C2_gauss_sigma0p6,149,2.4833333333333334,0.02105613611638546,0.1463211476802826,0.01098873931914568,321,586
C2_gauss_sigma0p6,150,2.5,0.020991740748286247,0.1462532877922058,0.0,322,586
C2_gauss_sigma0p6,151,2.5166666666666666,0.020902445539832115,0.14636369049549103,0.0,321,586
C2_gauss_sigma0p6,152,2.533333333333333,0.021179553121328354,0.14636248350143433,0.011003902181982994,321,586
C2_gauss_sigma0p6,153,2.55,0.02111317589879036,0.1463315784931183,0.011003349907696247,321,586
C2_gauss_sigma0p6,154,2.566666666666667,0.021187473088502884,0.1462760716676712,0.011028912849724293,321,586
C2_gauss_sigma0p6,155,2.5833333333333335,0.021167295053601265,0.14616525173187256,0.011039522476494312,321,586
C2_gauss_sigma0p6,156,2.6,0.02124084159731865,0.1460677534341812,0.011030994355678558,321,586
C2_gauss_sigma0p6,157,2.6166666666666667,0.021237922832369804,0.14594843983650208,0.011067620478570461,321,586
C2_gauss_sigma0p6,158,2.6333333333333333,0.0213471669703722,0.14601172506809235,0.011080887168645859,321,586
C2_gauss_sigma0p6,159,2.65,0.021227335557341576,0.14606833457946777,0.011070478707551956,321,586
C2_gauss_sigma0p6,160,2.6666666666666665,0.02128012105822563,0.14603379368782043,0.01108111534267664,321,586
C2_gauss_sigma0p6,161,2.683333333333333,0.02124701626598835,0.14602380990982056,0.01109494548290968,321,586
C2_gauss_sigma0p6,162,2.7,0.021271783858537674,0.14593727886676788,0.011114723049104214,321,586
C2_gauss_sigma0p6,163,2.716666666666667,0.021358758211135864,0.14590048789978027,0.011133536696434021,321,586
C2_gauss_sigma0p6,164,2.7333333333333334,0.02113994210958481,0.1459062546491623,0.01113675907254219,321,586
C2_gauss_sigma0p6,165,2.75,0.02113351784646511,0.14587444067001343,0.011122826486825943,321,586
C2_gauss_sigma0p6,166,2.7666666666666666,0.021316146478056908,0.14574944972991943,0.01120444480329752,321,586
C2_gauss_sigma0p6,167,2.783333333333333,0.021354297176003456,0.14578087627887726,0.01118331216275692,321,586
C2_gauss_sigma0p6,168,2.8,0.021321358159184456,0.1458262801170349,0.011179568246006966,321,586
C2_gauss_sigma0p6,169,2.816666666666667,0.021538881585001945,0.14570267498493195,0.011228443123400211,321,586
C2_gauss_sigma0p6,170,2.8333333333333335,0.02149793691933155,0.14570049941539764,0.01129647996276617,321,586
C2_gauss_sigma0p6,171,2.85,0.021345917135477066,0.14576485753059387,0.011268885806202888,321,586
C2_gauss_sigma0p6,172,2.8666666666666667,0.02143239416182041,0.14566898345947266,0.011284679174423218,321,586
C2_gauss_sigma0p6,173,2.8833333333333333,0.021358510479331017,0.14567099511623383,0.011329039931297302,321,586
C2_gauss_sigma0p6,174,2.9,0.021540969610214233,0.14560385048389435,0.011310990899801254,321,586
C2_gauss_sigma0p6,175,2.9166666666666665,0.021542804315686226,0.14543943107128143,0.011339502409100533,321,586
C2_gauss_sigma0p6,176,2.933333333333333,0.02153237909078598,0.14544986188411713,0.011338467709720135,321,586
C2_gauss_sigma0p6,177,2.95,0.021449152380228043,0.1453946828842163,0.011338979937136173,321,586
C2_gauss_sigma0p6,178,2.966666666666667,0.02140987478196621,0.1453007161617279,0.011350128799676895,321,586
C2_gauss_sigma0p6,179,2.9833333333333334,0.021398453041911125,0.1452704221010208,0.011345114558935165,321,586
C2_gauss_sigma0p6,180,3.0,0.021401455625891685,0.14521639049053192,0.011334007605910301,321,586
C2_gauss_sigma0p6,181,3.0166666666666666,0.021184302866458893,0.14518624544143677,0.011336538009345531,321,586
C2_gauss_sigma0p6,182,3.033333333333333,0.021154701709747314,0.1451885998249054,0.011360427364706993,321,586
C2_gauss_sigma0p6,183,3.05,0.02112751640379429,0.14523427188396454,0.011330190114676952,321,586
C2_gauss_sigma0p6,184,3.066666666666667,0.02100059576332569,0.14522364735603333,0.0113270478323102,321,586
C2_gauss_sigma0p6,185,3.0833333333333335,0.02095865085721016,0.14524297416210175,0.011361619457602501,321,586
C2_gauss_sigma0p6,186,3.1,0.020955730229616165,0.1453394889831543,0.011329873465001583,321,586
C2_gauss_sigma0p6,187,3.1166666666666667,0.02084215171635151,0.14529013633728027,0.01127690076828003,321,586
C2_gauss_sigma0p6,188,3.1333333333333333,0.020937137305736542,0.14524760842323303,0.011325359344482422,321,586
C2_gauss_sigma0p6,189,3.15,0.020859621465206146,0.14527387917041779,0.011293494142591953,321,586
C2_gauss_sigma0p6,190,3.1666666666666665,0.02096598967909813,0.14523620903491974,0.011279614642262459,321,586
C2_gauss_sigma0p6,191,3.183333333333333,0.02110116556286812,0.14512208104133606,0.011302853003144264,321,586
C2_gauss_sigma0p6,192,3.2,0.02114235796034336,0.14509299397468567,0.011274213902652264,321,586
C2_gauss_sigma0p6,193,3.216666666666667,0.020974285900592804,0.14501729607582092,0.011222762987017632,321,586
C2_gauss_sigma0p6,194,3.2333333333333334,0.02102648839354515,0.1448647379875183,0.011227468028664589,321,586
C2_gauss_sigma0p6,195,3.25,0.02100372314453125,0.14471428096294403,0.011179978027939796,321,586
C2_gauss_sigma0p6,196,3.2666666666666666,0.021003762260079384,0.14460839331150055,0.01116535346955061,321,586
C2_gauss_sigma0p6,197,3.283333333333333,0.021041834726929665,0.1445649415254593,0.011109113693237305,321,586
C2_gauss_sigma0p6,198,3.3,0.02097361907362938,0.14457440376281738,0.011091609485447407,321,586
C2_gauss_sigma0p6,199,3.316666666666667,0.02090040221810341,0.144508495926857,0.011105922050774097,321,586
C2_gauss_sigma0p6,200,3.3333333333333335,0.020863335579633713,0.1444414258003235,0.011007812805473804,321,586
C2_gauss_sigma0p6,201,3.35,0.020884016528725624,0.14439743757247925,0.01099106390029192,321,586
C2_gauss_sigma0p6,202,3.3666666666666667,0.02092020958662033,0.14432917535305023,0.010993454605340958,321,586
C2_gauss_sigma0p6,203,3.3833333333333333,0.020949561148881912,0.14425376057624817,0.01098876167088747,321,586
C2_gauss_sigma0p6,204,3.4,0.02086062729358673,0.14422258734703064,0.011025549843907356,321,586
C2_gauss_sigma0p6,205,3.4166666666666665,0.020776566118001938,0.14428165555000305,0.010981260798871517,321,586
C2_gauss_sigma0p6,206,3.433333333333333,0.020728824660182,0.144296333193779,0.010987007059156895,321,586
C2_gauss_sigma0p6,207,3.45,0.02067328616976738,0.14425598084926605,0.010972181335091591,321,586
C2_gauss_sigma0p6,208,3.466666666666667,0.020769143477082253,0.14417578279972076,0.010973391123116016,321,586
C2_gauss_sigma0p6,209,3.4833333333333334,0.020702974870800972,0.1440397948026657,0.010945077054202557,321,586
C2_gauss_sigma0p6,210,3.5,0.020741403102874756,0.14408037066459656,0.0,320,586
C2_gauss_sigma0p6,211,3.5166666666666666,0.02066744677722454,0.14409898221492767,0.0,321,586
C2_gauss_sigma0p6,212,3.533333333333333,0.02068270742893219,0.14411784708499908,0.010915393009781837,321,586
C2_gauss_sigma0p6,213,3.55,0.02071239799261093,0.14412115514278412,0.010936669073998928,321,586
C2_gauss_sigma0p6,214,3.566666666666667,0.02067253552377224,0.14408928155899048,0.010978620499372482,321,586
C2_gauss_sigma0p6,215,3.5833333333333335,0.02064860425889492,0.1440989226102829,0.010957811959087849,321,586
C2_gauss_sigma0p6,216,3.6,0.020663615316152573,0.14410355687141418,0.010968852788209915,321,586
C2_gauss_sigma0p6,217,3.6166666666666667,0.020698552951216698,0.1439809799194336,0.010984404943883419,321,586
C2_gauss_sigma0p6,218,3.6333333333333333,0.020773358643054962,0.1440214216709137,0.0110150296241045,321,586
C2_gauss_sigma0p6,219,3.65,0.020631007850170135,0.14410585165023804,0.011039670556783676,321,586
C2_gauss_sigma0p6,220,3.6666666666666665,0.020723238587379456,0.14410921931266785,0.011026347056031227,321,586
C2_gauss_sigma0p6,221,3.683333333333333,0.02070939727127552,0.14411672949790955,0.011055865325033665,321,586
C2_gauss_sigma0p6,222,3.7,0.020528772845864296,0.14413906633853912,0.011085771024227142,321,586
C2_gauss_sigma0p6,223,3.716666666666667,0.020612454041838646,0.14414002001285553,0.011069970205426216,321,586
C2_gauss_sigma0p6,224,3.7333333333333334,0.020501671358942986,0.1441904753446579,0.01111762784421444,321,586
C2_gauss_sigma0p6,225,3.75,0.0204524677246809,0.1442284882068634,0.011097770184278488,321,586
C2_gauss_sigma0p6,226,3.7666666666666666,0.020608576014637947,0.1442299783229828,0.011162534356117249,321,586
C2_gauss_sigma0p6,227,3.783333333333333,0.020633673295378685,0.14425116777420044,0.01114027202129364,321,586
C2_gauss_sigma0p6,228,3.8,0.02050667256116867,0.14431551098823547,0.011166166514158249,321,586
C2_gauss_sigma0p6,229,3.816666666666667,0.020682793110609055,0.1442122906446457,0.01122683472931385,321,586
C2_gauss_sigma0p6,230,3.8333333333333335,0.020643018186092377,0.14419105648994446,0.011226732283830643,321,586
C2_gauss_sigma0p6,231,3.85,0.020556040108203888,0.144272118806839,0.011216306127607822,321,586
C2_gauss_sigma0p6,232,3.8666666666666667,0.020628424361348152,0.14418016374111176,0.011271505616605282,321,586
C2_gauss_sigma0p6,233,3.8833333333333333,0.020571300759911537,0.14419524371623993,0.011258373968303204,321,586
C2_gauss_sigma0p6,234,3.9,0.020596984773874283,0.14419125020503998,0.011255078949034214,321,586
C2_gauss_sigma0p6,235,3.9166666666666665,0.02069188468158245,0.14410457015037537,0.011304755695164204,321,586
C2_gauss_sigma0p6,236,3.933333333333333,0.020704643800854683,0.14411097764968872,0.01125306449830532,321,586
C2_gauss_sigma0p6,237,3.95,0.02065744437277317,0.1440701186656952,0.011232872493565083,321,586
C2_gauss_sigma0p6,238,3.966666666666667,0.020692218095064163,0.14402134716510773,0.011257922276854515,321,586
C2_gauss_sigma0p6,239,3.9833333333333334,0.020673787221312523,0.14401301741600037,0.011242545209825039,321,586
C2_gauss_sigma0p6,240,4.0,0.020693467929959297,0.1439557522535324,0.01123376376926899,321,586
C2_gauss_sigma0p6,241,4.016666666666667,0.020603155717253685,0.1439390331506729,0.011226226575672626,321,586
C2_gauss_sigma0p6,242,4.033333333333333,0.02047598361968994,0.14392824470996857,0.011157783679664135,321,586
C2_gauss_sigma0p6,243,4.05,0.020552705973386765,0.14398491382598877,0.01121193915605545,321,586
C2_gauss_sigma0p6,244,4.066666666666666,0.02062208577990532,0.1440417468547821,0.011195098049938679,321,586
C2_gauss_sigma0p6,245,4.083333333333333,0.020703639835119247,0.14402632415294647,0.011159740388393402,321,586
C2_gauss_sigma0p6,246,4.1,0.02057163417339325,0.14414022862911224,0.011218966916203499,321,586
C2_gauss_sigma0p6,247,4.116666666666666,0.020724989473819733,0.14418844878673553,0.011156076565384865,321,586
C2_gauss_sigma0p6,248,4.133333333333334,0.020755760371685028,0.1441679298877716,0.011184262111783028,321,586
C2_gauss_sigma0p6,249,4.15,0.02073032595217228,0.14422616362571716,0.011183308437466621,321,586
C2_gauss_sigma0p6,250,4.166666666666667,0.019485052675008774,0.14419354498386383,0.011090784333646297,321,586
C2_gauss_sigma0p6,251,4.183333333333334,0.019737059250473976,0.14408600330352783,0.011033658869564533,321,586
C2_gauss_sigma0p6,252,4.2,0.019802439957857132,0.14403635263442993,0.01099198218435049,321,586
C2_gauss_sigma0p6,253,4.216666666666667,0.019894834607839584,0.14395245909690857,0.010982767678797245,321,586
C2_gauss_sigma0p6,254,4.233333333333333,0.01985614188015461,0.1438044011592865,0.010917043313384056,321,586
C2_gauss_sigma0p6,255,4.25,0.01977141946554184,0.1436890810728073,0.010890407487750053,321,586
C2_gauss_sigma0p6,256,4.266666666666667,0.01980281062424183,0.14356499910354614,0.01080118864774704,321,586
C2_gauss_sigma0p6,257,4.283333333333333,0.01977541856467724,0.1434561163187027,0.01073620468378067,321,586
C2_gauss_sigma0p6,258,4.3,0.019939115270972252,0.14343445003032684,0.010715403594076633,321,586
C2_gauss_sigma0p6,259,4.316666666666666,0.019974976778030396,0.14343935251235962,0.01070836279541254,321,586
C2_gauss_sigma0p6,260,4.333333333333333,0.01983417011797428,0.1433713287115097,0.010634198784828186,321,586
C2_gauss_sigma0p6,261,4.35,0.020053153857588768,0.1432725489139557,0.010551783256232738,321,586
C2_gauss_sigma0p6,262,4.366666666666666,0.01995258405804634,0.14324338734149933,0.01054347027093172,321,586
C2_gauss_sigma0p6,263,4.383333333333334,0.020205173641443253,0.14310358464717865,0.010508984327316284,321,586
C2_gauss_sigma0p6,264,4.4,0.02025078982114792,0.14315761625766754,0.010515782050788403,321,586
C2_gauss_sigma0p6,265,4.416666666666667,0.0201560165733099,0.14321769773960114,0.010441036894917488,321,586
C2_gauss_sigma0p6,266,4.433333333333334,0.02014750801026821,0.1432342231273651,0.01039416529238224,321,586
C2_gauss_sigma0p6,267,4.45,0.02008267305791378,0.14319957792758942,0.0103614442050457,321,586
C2_gauss_sigma0p6,268,4.466666666666667,0.02008713409304619,0.14311037957668304,0.010347545146942139,321,586
C2_gauss_sigma0p6,269,4.483333333333333,0.019825536757707596,0.14300329983234406,0.010278702713549137,321,586
C2_gauss_sigma0p6,270,4.5,0.019914936274290085,0.14295631647109985,0.0,322,586
C2_gauss_sigma0p6,271,4.516666666666667,0.019765162840485573,0.14302882552146912,0.0,321,586
C2_gauss_sigma0p6,272,4.533333333333333,0.019766664132475853,0.1430819183588028,0.010178204625844955,321,586
C2_gauss_sigma0p6,273,4.55,0.01974565163254738,0.14295151829719543,0.010104400105774403,321,586
C2_gauss_sigma0p6,274,4.566666666666666,0.019930444657802582,0.14294162392616272,0.01014762558043003,321,586
C2_gauss_sigma0p6,275,4.583333333333333,0.019913597032427788,0.14291274547576904,0.010108068585395813,321,586
C2_gauss_sigma0p6,276,4.6,0.020165270194411278,0.1429440677165985,0.010133408941328526,321,586
C2_gauss_sigma0p6,277,4.616666666666666,0.020164936780929565,0.1428586095571518,0.010131481103599072,321,586
C2_gauss_sigma0p6,278,4.633333333333334,0.020284270867705345,0.14281795918941498,0.010116258636116982,321,586
C2_gauss_sigma0p6,279,4.65,0.020166436210274696,0.14289124310016632,0.0101775536313653,321,586
C2_gauss_sigma0p6,280,4.666666666666667,0.02017202600836754,0.1429779976606369,0.010086656548082829,321,586
C2_gauss_sigma0p6,281,4.683333333333334,0.019979145377874374,0.14301493763923645,0.010092713870108128,321,586
C2_gauss_sigma0p6,282,4.7,0.019911013543605804,0.14302125573158264,0.010107469744980335,321,586
C2_gauss_sigma0p6,283,4.716666666666667,0.019762080162763596,0.14309094846248627,0.01006276160478592,321,586
C2_gauss_sigma0p6,284,4.733333333333333,0.019831791520118713,0.14313943684101105,0.010114488191902637,321,586
C2_gauss_sigma0p6,285,4.75,0.019685940816998482,0.14320997893810272,0.010120213963091373,321,586
C2_gauss_sigma0p6,286,4.766666666666667,0.019701870158314705,0.14327089488506317,0.010128200054168701,321,586
C2_gauss_sigma0p6,287,4.783333333333333,0.0197934340685606,0.14318546652793884,0.010133937932550907,321,586
C2_gauss_sigma0p6,288,4.8,0.01975448988378048,0.1432107537984848,0.010151279158890247,321,586
C2_gauss_sigma0p6,289,4.816666666666666,0.01987607218325138,0.1432543396949768,0.010161426849663258,321,586
C2_gauss_sigma0p6,290,4.833333333333333,0.01995888166129589,0.1430744230747223,0.010230014100670815,321,586
C2_gauss_sigma0p6,291,4.85,0.020112568512558937,0.14317071437835693,0.010208497755229473,321,586
C2_gauss_sigma0p6,292,4.866666666666666,0.020112568512558937,0.14318779110908508,0.010258524678647518,321,586
C2_gauss_sigma0p6,293,4.883333333333334,0.020019421353936195,0.1430395096540451,0.010300957597792149,321,586
C2_gauss_sigma0p6,294,4.9,0.0199468731880188,0.14309008419513702,0.010265065357089043,321,586
C2_gauss_sigma0p6,295,4.916666666666667,0.01988774538040161,0.143083855509758,0.01026595663279295,321,586
C2_gauss_sigma0p6,296,4.933333333333334,0.01990526169538498,0.14302445948123932,0.010264785960316658,321,586
C2_gauss_sigma0p6,297,4.95,0.019817866384983063,0.1430130898952484,0.010266521945595741,321,586
C2_gauss_sigma0p6,298,4.966666666666667,0.01971796527504921,0.14291420578956604,0.010232706554234028,321,586
C2_gauss_sigma0p6,299,4.983333333333333,0.019605640321969986,0.14296507835388184,0.010208592750132084,321,586
C2_gauss_sigma0p6,300,5.0,0.019592298194766045,0.14298057556152344,0.010198886506259441,321,586
C2_gauss_sigma0p6,301,5.016666666666667,0.019561773166060448,0.14289310574531555,0.0101711330935359,321,586
C2_gauss_sigma0p6,302,5.033333333333333,0.019549598917365074,0.14286786317825317,0.010131153278052807,321,586
C2_gauss_sigma0p6,303,5.05,0.019737979397177696,0.1429816633462906,0.01017471682280302,321,586
C2_gauss_sigma0p6,304,5.066666666666666,0.01983071118593216,0.14296375215053558,0.010197395458817482,321,586
C2_gauss_sigma0p6,305,5.083333333333333,0.019802188500761986,0.14297083020210266,0.010150844231247902,321,586
C2_gauss_sigma0p6,306,5.1,0.019870486110448837,0.1430407017469406,0.010202785022556782,321,586
C2_gauss_sigma0p6,307,5.116666666666666,0.02002083882689476,0.14308109879493713,0.01016194000840187,321,586
C2_gauss_sigma0p6,308,5.133333333333334,0.019921518862247467,0.14304564893245697,0.010167117230594158,321,586
C2_gauss_sigma0p6,309,5.15,0.020020505413413048,0.14304973185062408,0.010189290158450603,321,586
C2_gauss_sigma0p6,310,5.166666666666667,0.019861064851284027,0.14307160675525665,0.010167760774493217,321,586
C2_gauss_sigma0p6,311,5.183333333333334,0.019846882671117783,0.14296594262123108,0.010112721472978592,321,586
C2_gauss_sigma0p6,312,5.2,0.019834337756037712,0.14288100600242615,0.010118488222360611,321,586
C2_gauss_sigma0p6,313,5.216666666666667,0.019647080451250076,0.1427917331457138,0.01002478040754795,321,586
C2_gauss_sigma0p6,314,5.233333333333333,0.019509905949234962,0.14268358051776886,0.009997873567044735,321,586
C2_gauss_sigma0p6,315,5.25,0.019450612366199493,0.14254343509674072,0.0099644735455513,321,586
C2_gauss_sigma0p6,316,5.266666666666667,0.019416507333517075,0.1423710733652115,0.009865696541965008,321,586
C2_gauss_sigma0p6,317,5.283333333333333,0.01938636228442192,0.1422269344329834,0.009848357178270817,321,586
C2_gauss_sigma0p6,318,5.3,0.019365014508366585,0.1422039121389389,0.009830726310610771,321,586
C2_gauss_sigma0p6,319,5.316666666666666,0.019300466403365135,0.14212916791439056,0.009805945679545403,321,586
C2_gauss_sigma0p6,320,5.333333333333333,0.019419925287365913,0.14203163981437683,0.009775438345968723,321,586
C2_gauss_sigma0p6,321,5.35,0.019405541941523552,0.14192961156368256,0.009714626707136631,321,586
C2_gauss_sigma0p6,322,5.366666666666666,0.019485389813780785,0.1418164223432541,0.009680668823421001,321,586
C2_gauss_sigma0p6,323,5.383333333333334,0.019536839798092842,0.14180728793144226,0.009628107771277428,321,586
C2_gauss_sigma0p6,324,5.4,0.019546428695321083,0.14187504351139069,0.00960027426481247,321,586
C2_gauss_sigma0p6,325,5.416666666666667,0.019483385607600212,0.14183001220226288,0.00953846238553524,321,586
C2_gauss_sigma0p6,326,5.433333333333334,0.019490057602524757,0.14180485904216766,0.009509576484560966,321,586
C2_gauss_sigma0p6,327,5.45,0.01946328766644001,0.1416863203048706,0.00949668139219284,321,586
C2_gauss_sigma0p6,328,5.466666666666667,0.01941421627998352,0.1415550261735916,0.009416934102773666,321,586
C2_gauss_sigma0p6,329,5.483333333333333,0.01947033405303955,0.1415032595396042,0.009405849501490593,321,586
C2_gauss_sigma0p6,330,5.5,0.019427074119448662,0.14146694540977478,0.0,320,586
C2_gauss_sigma0p6,331,5.516666666666667,0.019274868071079254,0.1414317488670349,0.0,321,586
C2_gauss_sigma0p6,332,5.533333333333333,0.019016647711396217,0.14143654704093933,0.00925593450665474,321,586
C2_gauss_sigma0p6,333,5.55,0.019054340198636055,0.1412864625453949,0.00920567661523819,321,586
C2_gauss_sigma0p6,334,5.566666666666666,0.019055677577853203,0.14119334518909454,0.009173007681965828,321,586
C2_gauss_sigma0p6,335,5.583333333333333,0.018907740712165833,0.14104795455932617,0.009148751385509968,321,586
C2_gauss_sigma0p6,336,5.6,0.019047001376748085,0.14102093875408173,0.009149380959570408,321,586
C2_gauss_sigma0p6,337,5.616666666666666,0.019057927653193474,0.1409526914358139,0.009140620008111,321,586
C2_gauss_sigma0p6,338,5.633333333333334,0.019101791083812714,0.1408449113368988,0.009142018854618073,321,586
C2_gauss_sigma0p6,339,5.65,0.019120801240205765,0.14086657762527466,0.009196680970489979,321,586
C2_gauss_sigma0p6,340,5.666666666666667,0.019052842631936073,0.1409156620502472,0.009142538532614708,321,586
C2_gauss_sigma0p6,341,5.683333333333334,0.018945684656500816,0.1408764123916626,0.009127364493906498,321,586
C2_gauss_sigma0p6,342,5.7,0.01885261945426464,0.14082561433315277,0.009119334630668163,321,586
C2_gauss_sigma0p6,343,5.716666666666667,0.0186845064163208,0.14083530008792877,0.009068179875612259,321,586
C2_gauss_sigma0p6,344,5.733333333333333,0.018727784976363182,0.1407790333032608,0.009107498452067375,321,586
C2_gauss_sigma0p6,345,5.75,0.01868417300283909,0.14077357947826385,0.009078538045287132,321,586
C2_gauss_sigma0p6,346,5.766666666666667,0.018454181030392647,0.14080148935317993,0.009112945757806301,321,586
C2_gauss_sigma0p6,347,5.783333333333333,0.01857518032193184,0.1406158208847046,0.009133976884186268,321,586
C2_gauss_sigma0p6,348,5.8,0.018580598756670952,0.14057844877243042,0.009093869477510452,321,586
C2_gauss_sigma0p6,349,5.816666666666666,0.018740711733698845,0.14054742455482483,0.009110095910727978,321,586
C2_gauss_sigma0p6,350,5.833333333333333,0.018851621076464653,0.1403341293334961,0.00913696177303791,321,586
C2_gauss_sigma0p6,351,5.85,0.01887580379843712,0.14036458730697632,0.00916428305208683,321,586
C2_gauss_sigma0p6,352,5.866666666666666,0.01887029968202114,0.14030078053474426,0.00914368312805891,321,586
C2_gauss_sigma0p6,353,5.883333333333334,0.019044000655412674,0.1401546150445938,0.009238057769834995,321,586
C2_gauss_sigma0p6,354,5.9,0.018973033875226974,0.1400928795337677,0.009215626865625381,321,586
C2_gauss_sigma0p6,355,5.916666666666667,0.019068850204348564,0.14010900259017944,0.009222717024385929,321,586
C2_gauss_sigma0p6,356,5.933333333333334,0.019005224108695984,0.13996945321559906,0.009279787540435791,321,586
C2_gauss_sigma0p6,357,5.95,0.018890729174017906,0.13993357121944427,0.009248096495866776,321,586
C2_gauss_sigma0p6,358,5.966666666666667,0.01876664347946644,0.13979047536849976,0.009255873039364815,321,586
C2_gauss_sigma0p6,359,5.983333333333333,0.018763642758131027,0.13978108763694763,0.0092537309974432,321,586
C2_gauss_sigma0p6,360,6.0,0.018822181969881058,0.13969109952449799,0.009240380488336086,321,586
C2_gauss_sigma0p6,361,6.016666666666667,0.01883327215909958,0.13964210450649261,0.009251972660422325,321,586
C2_gauss_sigma0p6,362,6.033333333333333,0.018722280859947205,0.1395682543516159,0.009215024299919605,321,586
C2_gauss_sigma0p6,363,6.05,0.01890173740684986,0.13950377702713013,0.009215165860950947,321,586
C2_gauss_sigma0p6,364,6.066666666666666,0.019075939431786537,0.13949716091156006,0.009244364686310291,321,586
C2_gauss_sigma0p6,365,6.083333333333333,0.0190722718834877,0.13945023715496063,0.00922015868127346,321,586
C2_gauss_sigma0p6,366,6.1,0.019186098128557205,0.13941510021686554,0.009221936576068401,321,586
C2_gauss_sigma0p6,367,6.116666666666666,0.01911059021949768,0.13942791521549225,0.009271414019167423,321,586
C2_gauss_sigma0p6,368,6.133333333333334,0.01917313225567341,0.13936947286128998,0.009225371293723583,321,586
C2_gauss_sigma0p6,369,6.15,0.019080275669693947,0.13917995989322662,0.00921992864459753,321,586
C2_gauss_sigma0p6,370,6.166666666666667,0.019051922485232353,0.13917717337608337,0.009210564196109772,321,586
C2_gauss_sigma0p6,371,6.183333333333334,0.018992047756910324,0.13907718658447266,0.00921292882412672,321,586
C2_gauss_sigma0p6,372,6.2,0.018861211836338043,0.1388930380344391,0.009174919687211514,321,586
C2_gauss_sigma0p6,373,6.216666666666667,0.018625464290380478,0.13883648812770844,0.009113551117479801,321,586
C2_gauss_sigma0p6,374,6.233333333333333,0.0186491496860981,0.13872681558132172,0.009152828715741634,321,586
C2_gauss_sigma0p6,375,6.25,0.01868550293147564,0.1385047435760498,0.00909508764743805,321,586
C2_gauss_sigma0p6,376,6.266666666666667,0.018626337870955467,0.13831430673599243,0.009044094942510128,321,586
C2_gauss_sigma0p6,377,6.283333333333333,0.018560543656349182,0.13818608224391937,0.009023995138704777,321,586
C2_gauss_sigma0p6,378,6.3,0.018563004210591316,0.13810089230537415,0.008997760713100433,321,586
C2_gauss_sigma0p6,379,6.316666666666666,0.018611539155244827,0.13797447085380554,0.008976473473012447,321,586
C2_gauss_sigma0p6,380,6.333333333333333,0.01879466325044632,0.13786712288856506,0.008938390761613846,321,586
C2_gauss_sigma0p6,381,6.35,0.018699556589126587,0.13772307336330414,0.008933030068874359,321,586
C2_gauss_sigma0p6,382,6.366666666666666,0.01870214007794857,0.1375950574874878,0.008914087899029255,321,586
C2_gauss_sigma0p6,383,6.383333333333334,0.018906448036432266,0.13758468627929688,0.008904250338673592,321,586
C2_gauss_sigma0p6,384,6.4,0.01885637268424034,0.13762511312961578,0.008890963159501553,321,586
C2_gauss_sigma0p6,385,6.416666666666667,0.018850034102797508,0.13746283948421478,0.008844705298542976,321,586
C2_gauss_sigma0p6,386,6.433333333333334,0.01888393610715866,0.13739915192127228,0.00882068183273077,321,586
C2_gauss_sigma0p6,387,6.45,0.018946267664432526,0.13729438185691833,0.008825097233057022,321,586
C2_gauss_sigma0p6,388,6.466666666666667,0.01909962296485901,0.1371803879737854,0.008791678585112095,321,586
C2_gauss_sigma0p6,389,6.483333333333333,0.019274910911917686,0.1370394080877304,0.008835522457957268,321,586
C2_gauss_sigma0p6,390,6.5,0.019108140841126442,0.1370045691728592,0.0,322,586
C2_gauss_sigma0p6,391,6.516666666666667,0.019040806218981743,0.13695310056209564,0.008839351125061512,322,586
C2_gauss_sigma0p6,392,6.533333333333333,0.019055062904953957,0.13690927624702454,0.008753251284360886,322,586
C2_gauss_sigma0p6,393,6.55,0.01896124891936779,0.13684211671352386,0.008786694146692753,322,586
C2_gauss_sigma0p6,394,6.566666666666666,0.01878027245402336,0.13672715425491333,0.008778072893619537,322,586
C2_gauss_sigma0p6,395,6.583333333333333,0.018800141289830208,0.13655772805213928,0.008768313564360142,322,586
C2_gauss_sigma0p6,396,6.6,0.01870878040790558,0.1364930123090744,0.008809157647192478,322,586
C2_gauss_sigma0p6,397,6.616666666666666,0.018711108714342117,0.13639448583126068,0.008833743631839752,322,586
C2_gauss_sigma0p6,398,6.633333333333334,0.01864759251475334,0.1362868845462799,0.008824465796351433,322,586
C2_gauss_sigma0p6,399,6.65,0.01860877126455307,0.1362672746181488,0.008872353471815586,322,586
C2_gauss_sigma0p6,400,6.666666666666667,0.018624480813741684,0.1362585574388504,0.00885256752371788,322,586
C2_gauss_sigma0p6,401,6.683333333333334,0.018777692690491676,0.13618260622024536,0.008869950659573078,322,586
C2_gauss_sigma0p6,402,6.7,0.018751341849565506,0.13622649013996124,0.008916378952562809,322,586
C2_gauss_sigma0p6,403,6.716666666666667,0.018669376149773598,0.13621175289154053,0.00887950137257576,322,586
C2_gauss_sigma0p6,404,6.733333333333333,0.018807705491781235,0.13613714277744293,0.008943420834839344,322,586
C2_gauss_sigma0p6,405,6.75,0.018884768709540367,0.13621662557125092,0.00896136462688446,322,586
C2_gauss_sigma0p6,406,6.766666666666667,0.018758907914161682,0.1362076848745346,0.008984457701444626,322,586
C2_gauss_sigma0p6,407,6.783333333333333,0.01883148029446602,0.1360449194908142,0.00902540422976017,322,586
C2_gauss_sigma0p6,408,6.8,0.01877678371965885,0.13603273034095764,0.009030811488628387,322,586
C2_gauss_sigma0p6,409,6.816666666666666,0.01876489445567131,0.1360456496477127,0.009028627537190914,322,586
C2_gauss_sigma0p6,410,6.833333333333333,0.018956923857331276,0.13590139150619507,0.009060153737664223,322,586
C2_gauss_sigma0p6,411,6.85,0.018971474841237068,0.1358860433101654,0.009125183336436749,322,586
C2_gauss_sigma0p6,412,6.866666666666666,0.01892242580652237,0.13582567870616913,0.009092247113585472,322,586
C2_gauss_sigma0p6,413,6.883333333333334,0.018981866538524628,0.13571931421756744,0.009108040481805801,322,586
C2_gauss_sigma0p6,414,6.9,0.019022850319743156,0.13569019734859467,0.009162952192127705,322,586
C2_gauss_sigma0p6,415,6.916666666666667,0.018878284841775894,0.13567985594272614,0.009151061065495014,322,586
C2_gauss_sigma0p6,416,6.933333333333334,0.01893589459359646,0.13556547462940216,0.009190529584884644,322,586
C2_gauss_sigma0p6,417,6.95,0.018923260271549225,0.13557837903499603,0.009211283177137375,322,586
C2_gauss_sigma0p6,418,6.966666666666667,0.018942629918456078,0.13554903864860535,0.009179920889437199,322,586
C2_gauss_sigma0p6,419,6.983333333333333,0.018969396129250526,0.1354595571756363,0.009206535294651985,322,586
C2_gauss_sigma0p6,420,7.0,0.018964657559990883,0.13548366725444794,0.009227437898516655,322,586
C2_gauss_sigma0p6,421,7.016666666666667,0.01893739216029644,0.13533848524093628,0.009214295074343681,322,586
C2_gauss_sigma0p6,422,7.033333333333333,0.01894192211329937,0.13531184196472168,0.009225261397659779,322,586
C2_gauss_sigma0p6,423,7.05,0.0191577710211277,0.13533006608486176,0.009220948442816734,322,586
C2_gauss_sigma0p6,424,7.066666666666666,0.019137199968099594,0.13531385362148285,0.009253717958927155,322,586
C2_gauss_sigma0p6,425,7.083333333333333,0.01912730559706688,0.13527803122997284,0.009238958358764648,322,586
C2_gauss_sigma0p6,426,7.1,0.01920565590262413,0.13520966470241547,0.009246871806681156,322,586
C2_gauss_sigma0p6,427,7.116666666666666,0.019203869625926018,0.1351049691438675,0.009225189685821533,322,586
C2_gauss_sigma0p6,428,7.133333333333334,0.019196679815649986,0.1350669115781784,0.009247330017387867,322,586
C2_gauss_sigma0p6,429,7.15,0.019117161631584167,0.1350061595439911,0.009235371835529804,322,586
C2_gauss_sigma0p6,430,7.166666666666667,0.019061051309108734,0.13493956625461578,0.00924212858080864,322,586
C2_gauss_sigma0p6,431,7.183333333333334,0.019178224727511406,0.13481268286705017,0.009247872047126293,322,586
C2_gauss_sigma0p6,432,7.2,0.019100286066532135,0.1346968561410904,0.009226802736520767,322,586
C2_gauss_sigma0p6,433,7.216666666666667,0.019148623570799828,0.13458466529846191,0.009201624430716038,322,586
C2_gauss_sigma0p6,434,7.233333333333333,0.019099539145827293,0.13452666997909546,0.009227332659065723,322,586
C2_gauss_sigma0p6,435,7.25,0.019056979566812515,0.134292870759964,0.009188596159219742,322,586
C2_gauss_sigma0p6,436,7.266666666666667,0.01904882863163948,0.1341298669576645,0.009203015826642513,322,586
C2_gauss_sigma0p6,437,7.283333333333333,0.019112464040517807,0.13396838307380676,0.009153470396995544,322,586
C2_gauss_sigma0p6,438,7.3,0.019120819866657257,0.13390856981277466,0.00913305301219225,322,586
C2_gauss_sigma0p6,439,7.316666666666666,0.018996039405465126,0.13373687863349915,0.009111346676945686,322,586
C2_gauss_sigma0p6,440,7.333333333333333,0.019079338759183884,0.13355660438537598,0.009054124355316162,322,586
C2_gauss_sigma0p6,441,7.35,0.019049284979701042,0.13344930112361908,0.009067248553037643,322,586
C2_gauss_sigma0p6,442,7.366666666666666,0.019055770710110664,0.13327236473560333,0.009021159261465073,322,586
C2_gauss_sigma0p6,443,7.383333333333334,0.019070271402597427,0.13321101665496826,0.008996578864753246,322,586
C2_gauss_sigma0p6,444,7.4,0.01917901076376438,0.13318569958209991,0.009007339365780354,322,586
C2_gauss_sigma0p6,445,7.416666666666667,0.01908262073993683,0.13305366039276123,0.008975150994956493,322,586
C2_gauss_sigma0p6,446,7.433333333333334,0.01921093463897705,0.13296276330947876,0.009006868116557598,322,586
C2_gauss_sigma0p6,447,7.45,0.01939207687973976,0.13281381130218506,0.008976022712886333,322,586
C2_gauss_sigma0p6,448,7.466666666666667,0.01943526603281498,0.13271550834178925,0.00896911509335041,322,586
C2_gauss_sigma0p6,449,7.483333333333333,0.01945916749536991,0.13263608515262604,0.009005946107208729,322,586
C2_gauss_sigma0p6,450,7.5,0.01950571872293949,0.13256312906742096,0.009003760293126106,322,586
C2_gauss_sigma0p6,451,7.516666666666667,0.01936792954802513,0.13248053193092346,0.012977398931980133,322,586
C2_gauss_sigma0p6,452,7.533333333333333,0.01927594467997551,0.132391095161438,0.00895607564598322,322,586
C2_gauss_sigma0p6,453,7.55,0.019229058176279068,0.1322457194328308,0.008951984345912933,322,586
C2_gauss_sigma0p6,454,7.566666666666666,0.019294776022434235,0.13217808306217194,0.008983183652162552,322,586
C2_gauss_sigma0p6,455,7.583333333333333,0.019380148500204086,0.1320459544658661,0.009019866585731506,322,586
C2_gauss_sigma0p6,456,7.6,0.019241321831941605,0.1319120228290558,0.009002569131553173,322,586
C2_gauss_sigma0p6,457,7.616666666666666,0.019260192289948463,0.13166444003582,0.009021895006299019,322,586
C2_gauss_sigma0p6,458,7.633333333333334,0.019245890900492668,0.13158194720745087,0.009062164463102818,322,586
C2_gauss_sigma0p6,459,7.65,0.019252708181738853,0.1314980387687683,0.009031100198626518,322,586
C2_gauss_sigma0p6,460,7.666666666666667,0.019423294812440872,0.13137778639793396,0.009054925292730331,322,586
C2_gauss_sigma0p6,461,7.683333333333334,0.01952355168759823,0.1313972920179367,0.009093152359127998,322,586
C2_gauss_sigma0p6,462,7.7,0.01950875297188759,0.13138125836849213,0.009122172370553017,322,586
C2_gauss_sigma0p6,463,7.716666666666667,0.019559383392333984,0.13127677142620087,0.009189850650727749,322,586
C2_gauss_sigma0p6,464,7.733333333333333,0.01965099386870861,0.13126038014888763,0.009245372377336025,322,586
C2_gauss_sigma0p6,465,7.75,0.01944432407617569,0.13140727579593658,0.00928819552063942,322,586
C2_gauss_sigma0p6,466,7.766666666666667,0.019322790205478668,0.13126230239868164,0.009240193292498589,322,586
C2_gauss_sigma0p6,467,7.783333333333333,0.01928837038576603,0.13118933141231537,0.009268967434763908,322,586
C2_gauss_sigma0p6,468,7.8,0.01916816458106041,0.13109135627746582,0.00924993772059679,322,586
C2_gauss_sigma0p6,469,7.816666666666666,0.01910107582807541,0.13097983598709106,0.009284633211791515,322,586
C2_gauss_sigma0p6,470,7.833333333333333,0.019221702590584755,0.13093574345111847,0.009297637268900871,322,586
C2_gauss_sigma0p6,471,7.85,0.01923101209104061,0.13084949553012848,0.009344983845949173,322,586
C2_gauss_sigma0p6,472,7.866666666666666,0.01934298500418663,0.1307419091463089,0.009368732571601868,322,586
C2_gauss_sigma0p6,473,7.883333333333334,0.019316470250487328,0.13069823384284973,0.009373502805829048,322,586
C2_gauss_sigma0p6,474,7.9,0.019309237599372864,0.13064979016780853,0.009379236027598381,322,586
C2_gauss_sigma0p6,475,7.916666666666667,0.01948447898030281,0.13050846755504608,0.009445730596780777,322,586
C2_gauss_sigma0p6,476,7.933333333333334,0.019494619220495224,0.13050399720668793,0.009448565542697906,322,586
C2_gauss_sigma0p6,477,7.95,0.01919643022119999,0.1304503232240677,0.009420481510460377,322,586
C2_gauss_sigma0p6,478,7.966666666666667,0.019279060885310173,0.13039648532867432,0.00944816879928112,322,586
C2_gauss_sigma0p6,479,7.983333333333333,0.01937790773808956,0.13029682636260986,0.009469063952565193,322,586
C2_gauss_sigma0p6,480,8.0,0.01934831216931343,0.13018065690994263,0.009467764757573605,322,586
C2_gauss_sigma0p6,481,8.016666666666667,0.019493581727147102,0.13024216890335083,0.009487762115895748,322,586
C2_gauss_sigma0p6,482,8.033333333333333,0.01934843882918358,0.1301611214876175,0.009486404247581959,322,586
C2_gauss_sigma0p6,483,8.05,0.019412444904446602,0.1300325095653534,0.009472627192735672,322,586
C2_gauss_sigma0p6,484,8.066666666666666,0.019445117563009262,0.130001500248909,0.009546512737870216,322,586
C2_gauss_sigma0p6,485,8.083333333333334,0.01936759427189827,0.1298900842666626,0.009506341069936752,322,586
C2_gauss_sigma0p6,486,8.1,0.019503850489854813,0.12972275912761688,0.009492974728345871,322,586
C2_gauss_sigma0p6,487,8.116666666666667,0.019579915329813957,0.1297549307346344,0.009527326561510563,322,586
C2_gauss_sigma0p6,488,8.133333333333333,0.01949387416243553,0.12961924076080322,0.009487353265285492,322,586
C2_gauss_sigma0p6,489,8.15,0.019373001530766487,0.1294654905796051,0.009504402987658978,322,586
C2_gauss_sigma0p6,490,8.166666666666666,0.01935679093003273,0.12952499091625214,0.009499385952949524,322,586
C2_gauss_sigma0p6,491,8.183333333333334,0.019240323454141617,0.12939122319221497,0.009484553709626198,322,586
C2_gauss_sigma0p6,492,8.2,0.019340913742780685,0.12933126091957092,0.009442568756639957,322,586
C2_gauss_sigma0p6,493,8.216666666666667,0.019384389743208885,0.12918740510940552,0.0094917556270957,322,586
C2_gauss_sigma0p6,494,8.233333333333333,0.019484063610434532,0.12910445034503937,0.009496167302131653,322,586
C2_gauss_sigma0p6,495,8.25,0.019568445160984993,0.12896578013896942,0.009457859210669994,322,586
C2_gauss_sigma0p6,496,8.266666666666667,0.01956528052687645,0.12882807850837708,0.009454687125980854,322,586
C2_gauss_sigma0p6,497,8.283333333333333,0.019534526392817497,0.12872827053070068,0.009465030394494534,322,586
C2_gauss_sigma0p6,498,8.3,0.019538434222340584,0.1285703480243683,0.009451024234294891,322,586
C2_gauss_sigma0p6,499,8.316666666666666,0.019574137404561043,0.1284528523683548,0.009445598348975182,322,586
C2_gauss_sigma0p6,500,8.333333333333334,0.01862414740025997,0.12832127511501312,0.009328201413154602,322,586
C2_gauss_sigma0p6,501,8.35,0.018616003915667534,0.1282137781381607,0.009236938320100307,322,586
C2_gauss_sigma0p6,502,8.366666666666667,0.018822377547621727,0.1280626356601715,0.009255848824977875,322,586
C2_gauss_sigma0p6,503,8.383333333333333,0.01887429505586624,0.12800568342208862,0.00925725232809782,322,586
C2_gauss_sigma0p6,504,8.4,0.018858831375837326,0.12792213261127472,0.00927670206874609,322,586
C2_gauss_sigma0p6,505,8.416666666666666,0.01906990073621273,0.12788063287734985,0.009345555678009987,322,586
C2_gauss_sigma0p6,506,8.433333333333334,0.019119445234537125,0.12778030335903168,0.009338248521089554,322,586
C2_gauss_sigma0p6,507,8.45,0.019096005707979202,0.12771829962730408,0.00937839224934578,322,586
C2_gauss_sigma0p6,508,8.466666666666667,0.01931622065603733,0.12761087715625763,0.00935249961912632,322,586
C2_gauss_sigma0p6,509,8.483333333333333,0.01929793320596218,0.12758854031562805,0.009379048831760883,322,586
C2_gauss_sigma0p6,510,8.5,0.019499273970723152,0.12749499082565308,0.013654973357915878,322,586
C2_gauss_sigma0p6,511,8.516666666666667,0.019625306129455566,0.12756334245204926,0.009437767788767815,322,586
C2_gauss_sigma0p6,512,8.533333333333333,0.019884591922163963,0.1275651454925537,0.00946836732327938,322,586
C2_gauss_sigma0p6,513,8.55,0.019796639680862427,0.12752209603786469,0.009526968002319336,322,586
C2_gauss_sigma0p6,514,8.566666666666666,0.019933059811592102,0.12747985124588013,0.0096118850633502,322,586
C2_gauss_sigma0p6,515,8.583333333333334,0.019719578325748444,0.12743061780929565,0.009607932530343533,322,586
C2_gauss_sigma0p6,516,8.6,0.019821828231215477,0.12751802802085876,0.009670961648225784,322,586
C2_gauss_sigma0p6,517,8.616666666666667,0.019777270033955574,0.1275452822446823,0.009680244140326977,322,586
C2_gauss_sigma0p6,518,8.633333333333333,0.019828975200653076,0.1275082379579544,0.009726269170641899,322,586
C2_gauss_sigma0p6,519,8.65,0.019917260855436325,0.12743158638477325,0.00978830549865961,322,586
C2_gauss_sigma0p6,520,8.666666666666666,0.02021944895386696,0.12741461396217346,0.009888701140880585,322,586
C2_gauss_sigma0p6,521,8.683333333333334,0.020153027027845383,0.1273811310529709,0.009946470148861408,322,586
C2_gauss_sigma0p6,522,8.7,0.020121684297919273,0.1274237036705017,0.00999197456985712,322,586
C2_gauss_sigma0p6,523,8.716666666666667,0.02031056210398674,0.1274556815624237,0.01005562674254179,322,586
C2_gauss_sigma0p6,524,8.733333333333333,0.02039443887770176,0.12756022810935974,0.010143490508198738,322,586
C2_gauss_sigma0p6,525,8.75,0.020419295877218246,0.1276749074459076,0.010200034826993942,322,586
C2_gauss_sigma0p6,526,8.766666666666667,0.02070194110274315,0.12779204547405243,0.01028402242809534,322,586
C2_gauss_sigma0p6,527,8.783333333333333,0.020537424832582474,0.12784036993980408,0.010363378562033176,322,586
C2_gauss_sigma0p6,528,8.8,0.020464766770601273,0.1278829425573349,0.01040240004658699,322,586
C2_gauss_sigma0p6,529,8.816666666666666,0.020407654345035553,0.1279909759759903,0.01051116269081831,322,586
C2_gauss_sigma0p6,530,8.833333333333334,0.02022908627986908,0.1280495971441269,0.010534011758863926,322,586
C2_gauss_sigma0p6,531,8.85,0.02010921575129032,0.12812159955501556,0.010593251325190067,322,586
C2_gauss_sigma0p6,532,8.866666666666667,0.02016192115843296,0.12816114723682404,0.01068110577762127,322,586
C2_gauss_sigma0p6,533,8.883333333333333,0.020385464653372765,0.12815529108047485,0.010779875330626965,322,586
C2_gauss_sigma0p6,534,8.9,0.020439328625798225,0.1282711923122406,0.010877871885895729,322,586
C2_gauss_sigma0p6,535,8.916666666666666,0.020450135692954063,0.12839347124099731,0.010968140326440334,322,586
C2_gauss_sigma0p6,536,8.933333333333334,0.020727215334773064,0.12859347462654114,0.011018894612789154,322,586
C2_gauss_sigma0p6,537,8.95,0.02084418199956417,0.12872996926307678,0.011069227010011673,322,586
C2_gauss_sigma0p6,538,8.966666666666667,0.02095719985663891,0.1289164423942566,0.01114077027887106,322,586
C2_gauss_sigma0p6,539,8.983333333333333,0.020993901416659355,0.1290917694568634,0.01120674517005682,322,586
