mean,std,rms_contrast,michelson,lap_var,video,frame_idx,time_sec,time_orig_sec,t_idx,k,u,roi_x0,roi_y0,roi_x1,roi_y1,video_W,video_H,scale_x,scale_y
0.46148931980133057,0.16689532995224,0.361645046103423,0.6525423616007013,979.07568359375,linear,60,0.0,1.0,1.0,1,0.0,1481,155,1771,720,3440,720,1.0,1.0140845070422535
0.46066299080848694,0.16648967564105988,0.36141317047139027,0.6595744561116214,982.3103637695312,linear,61,0.016666666666666607,1.0166666666666666,1.0166666666666666,1,0.016666666666666607,1480,155,1770,720,3440,720,1.0,1.0140845070422535
0.4602365493774414,0.16505199670791626,0.3586242625557189,0.6666666539888948,968.1725463867188,linear,62,0.03333333333333344,1.0333333333333334,1.0333333333333334,1,0.03333333333333344,1479,155,1769,720,3440,720,1.0,1.0140845070422535
0.4610483646392822,0.1639556586742401,0.35561487187221236,0.6595744561116214,957.1079711914062,linear,63,0.050000000000000044,1.05,1.05,1,0.050000000000000044,1478,155,1768,720,3440,720,1.0,1.0140845070422535
0.46116116642951965,0.16325271129608154,0.35400358842009294,0.6510638185941557,951.3633422851562,linear,64,0.06666666666666665,1.0666666666666667,1.0666666666666667,1,0.06666666666666665,1477,155,1767,720,3440,720,1.0,1.0140845070422535
0.4613058269023895,0.16224265098571777,0.35170300916883407,0.6581196462289773,938.4610595703125,linear,65,0.08333333333333326,1.0833333333333333,1.0833333333333333,1,0.08333333333333326,1476,155,1766,720,3440,720,1.0,1.0140845070422535
0.46139317750930786,0.1608511358499527,0.3486205262766429,0.6480686585157479,908.62255859375,linear,66,0.10000000000000009,1.1,1.1,1,0.10000000000000009,1476,155,1766,720,3440,720,1.0,1.0140845070422535
0.4613657295703888,0.15969562530517578,0.3461367232293408,0.6450216341983962,897.6312255859375,linear,67,0.1166666666666667,1.1166666666666667,1.1166666666666667,1,0.1166666666666667,1475,155,1765,720,3440,720,1.0,1.0140845070422535
0.4616245925426483,0.15903349220752716,0.34450826782533644,0.6450216341983962,880.1367797851562,linear,68,0.1333333333333333,1.1333333333333333,1.1333333333333333,1,0.1333333333333333,1474,155,1764,720,3440,720,1.0,1.0140845070422535
0.4618373215198517,0.15810148417949677,0.34233153837781716,0.6293103355103105,857.3748168945312,linear,69,0.1499999999999999,1.15,1.15,1,0.1499999999999999,1473,155,1763,720,3440,720,1.0,1.0140845070422535
0.4620380103588104,0.15720899403095245,0.3402512068354608,0.6419213629874831,838.9285888671875,linear,70,0.16666666666666674,1.1666666666666667,1.1666666666666667,1,0.16666666666666674,1472,155,1762,720,3440,720,1.0,1.0140845070422535
0.4620806872844696,0.1564381718635559,0.33855162698399466,0.6419213629874831,807.3450317382812,linear,71,0.18333333333333335,1.1833333333333333,1.1833333333333333,1,0.18333333333333335,1471,155,1761,720,3440,720,1.0,1.0140845070422535
0.4623959958553314,0.15550121665000916,0.33629446336234226,0.6293103355103105,784.120849609375,linear,72,0.19999999999999996,1.2,1.2,1,0.19999999999999996,1470,155,1760,720,3440,720,1.0,1.0140845070422535
0.46243777871131897,0.15476596355438232,0.3346741277041189,0.6260869474254467,763.2918090820312,linear,73,0.21666666666666656,1.2166666666666666,1.2166666666666666,1,0.21666666666666656,1469,155,1759,720,3440,720,1.0,1.0140845070422535
0.46253687143325806,0.15372894704341888,0.3323604088976876,0.6260869474254467,729.8583374023438,linear,74,0.2333333333333334,1.2333333333333334,1.2333333333333334,1,0.2333333333333334,1468,155,1758,720,3440,720,1.0,1.0140845070422535
0.4635368585586548,0.15281927585601807,0.3296809514444927,0.6260869474254467,703.2301635742188,linear,75,0.25,1.25,1.25,1,0.25,1467,155,1757,720,3440,720,1.0,1.0140845070422535
0.4631023108959198,0.1525239795446396,0.3293526563407543,0.6260869474254467,693.8103637695312,linear,76,0.2666666666666666,1.2666666666666666,1.2666666666666666,1,0.2666666666666666,1466,155,1756,720,3440,720,1.0,1.0140845070422535
0.4631442725658417,0.1514977365732193,0.3271069994298851,0.6260869474254467,668.2020263671875,linear,77,0.28333333333333344,1.2833333333333334,1.2833333333333334,1,0.28333333333333344,1465,155,1755,720,3440,720,1.0,1.0140845070422535
0.4633837044239044,0.15143395960330963,0.3268003490186915,0.6277055940017354,663.5576171875,linear,78,0.30000000000000004,1.3,1.3,1,0.30000000000000004,1464,155,1754,720,3440,720,1.0,1.0140845070422535
0.4631960093975067,0.15083244442939758,0.3256341551155599,0.6277055940017354,649.5531616210938,linear,79,0.31666666666666665,1.3166666666666667,1.3166666666666667,1,0.31666666666666665,1464,155,1754,720,3440,720,1.0,1.0140845070422535
0.4637880027294159,0.15012848377227783,0.3237006555834941,0.6190476106473736,617.4230346679688,linear,80,0.33333333333333326,1.3333333333333333,1.3333333333333333,1,0.33333333333333326,1463,155,1753,720,3440,720,1.0,1.0140845070422535
0.46298715472221375,0.1497114896774292,0.3233599138050709,0.6206896218058228,610.6183471679688,linear,81,0.3500000000000001,1.35,1.35,1,0.3500000000000001,1462,155,1752,720,3440,720,1.0,1.0140845070422535
0.46360501646995544,0.1496010273694992,0.322690693214894,0.6260869474254467,605.4953002929688,linear,82,0.3666666666666667,1.3666666666666667,1.3666666666666667,1,0.3666666666666667,1461,155,1751,720,3440,720,1.0,1.0140845070422535
0.463763028383255,0.14919914305210114,0.3217141744892627,0.6206896218058228,595.1868896484375,linear,83,0.3833333333333333,1.3833333333333333,1.3833333333333333,1,0.3833333333333333,1460,155,1750,720,3440,720,1.0,1.0140845070422535
0.46407729387283325,0.14875958859920502,0.3205491571291498,0.6206896218058228,589.3358764648438,linear,84,0.3999999999999999,1.4,1.4,1,0.3999999999999999,1459,155,1749,720,3440,720,1.0,1.0140845070422535
0.46423038840293884,0.14836953580379486,0.3196032321757058,0.606837548039544,575.697265625,linear,85,0.41666666666666674,1.4166666666666667,1.4166666666666667,1,0.41666666666666674,1458,155,1748,720,3440,720,1.0,1.0140845070422535
0.46421340107917786,0.14834123849868774,0.3195539701316086,0.6137338725455729,574.8817749023438,linear,86,0.43333333333333335,1.4333333333333333,1.4333333333333333,1,0.43333333333333335,1457,155,1747,720,3440,720,1.0,1.0140845070422535
0.4643908739089966,0.14817368984222412,0.31907105625109705,0.6190476106473736,570.1255493164062,linear,87,0.44999999999999996,1.45,1.45,1,0.44999999999999996,1456,155,1746,720,3440,720,1.0,1.0140845070422535
0.46449822187423706,0.1480422466993332,0.31871433848517994,0.6260869474254467,563.9583740234375,linear,88,0.46666666666666656,1.4666666666666666,1.4666666666666666,1,0.46666666666666656,1455,155,1745,720,3440,720,1.0,1.0140845070422535
0.46421030163764954,0.14770179986953735,0.3181786275890173,0.6260869474254467,553.7637939453125,linear,89,0.4833333333333334,1.4833333333333334,1.4833333333333334,1,0.4833333333333334,1454,155,1744,720,3440,720,1.0,1.0140845070422535
0.465122252702713,0.1476152241230011,0.31736864897681893,0.6190476106473736,548.96337890625,linear,90,0.5,1.5,1.5,1,0.5,1454,155,1744,720,3440,720,1.0,1.0140845070422535
0.4639951288700104,0.1477281004190445,0.31838286232656193,0.6206896218058228,550.689453125,linear,91,0.5166666666666666,1.5166666666666666,1.5166666666666666,1,0.5166666666666666,1453,155,1743,720,3440,720,1.0,1.0140845070422535
0.46472135186195374,0.14803311228752136,0.31854165621828,0.6190476106473736,556.9808349609375,linear,92,0.5333333333333334,1.5333333333333334,1.5333333333333334,1,0.5333333333333334,1452,155,1742,720,3440,720,1.0,1.0140845070422535
0.4650055170059204,0.14801228046417236,0.3183021961420426,0.6277055940017354,560.6222534179688,linear,93,0.55,1.55,1.55,1,0.55,1451,155,1741,720,3440,720,1.0,1.0140845070422535
0.46518105268478394,0.14815877377986908,0.31849700184434304,0.6293103355103105,567.4495849609375,linear,94,0.5666666666666667,1.5666666666666667,1.5666666666666667,1,0.5666666666666667,1450,155,1740,720,3440,720,1.0,1.0140845070422535
0.4652044177055359,0.14841051399707794,0.3190221441551251,0.6206896218058228,565.8460083007812,linear,95,0.5833333333333333,1.5833333333333333,1.5833333333333333,1,0.5833333333333333,1449,155,1739,720,3440,720,1.0,1.0140845070422535
0.4654042422771454,0.1486087441444397,0.31931110087052683,0.6206896218058228,572.9038696289062,linear,96,0.6000000000000001,1.6,1.6,1,0.6000000000000001,1448,155,1738,720,3440,720,1.0,1.0140845070422535
0.46531563997268677,0.14903347194194794,0.32028467546856837,0.6277055940017354,576.2298583984375,linear,97,0.6166666666666667,1.6166666666666667,1.6166666666666667,1,0.6166666666666667,1447,155,1737,720,3440,720,1.0,1.0140845070422535
0.4655534327030182,0.14929074048995972,0.32067369027103076,0.6277055940017354,582.4383544921875,linear,98,0.6333333333333333,1.6333333333333333,1.6333333333333333,1,0.6333333333333333,1446,155,1736,720,3440,720,1.0,1.0140845070422535
0.465637743473053,0.1495983749628067,0.321276300830414,0.6206896218058228,586.747314453125,linear,99,0.6499999999999999,1.65,1.65,1,0.6499999999999999,1445,155,1735,720,3440,720,1.0,1.0140845070422535
0.4663044512271881,0.1497747153043747,0.32119511554791447,0.6137338725455729,596.1709594726562,linear,100,0.6666666666666667,1.6666666666666667,1.6666666666666667,1,0.6666666666666667,1444,155,1734,720,3440,720,1.0,1.0140845070422535
0.4658297896385193,0.15055403113365173,0.3231953628782028,0.6137338725455729,608.5464477539062,linear,101,0.6833333333333333,1.6833333333333333,1.6833333333333333,1,0.6833333333333333,1443,155,1733,720,3440,720,1.0,1.0140845070422535
0.4659328758716583,0.1510503739118576,0.3241891235671753,0.6206896218058228,617.8286743164062,linear,102,0.7,1.7,1.7,1,0.7,1442,155,1732,720,3440,720,1.0,1.0140845070422535
0.466034859418869,0.15134206414222717,0.32474407833676916,0.6137338725455729,628.8480834960938,linear,103,0.7166666666666666,1.7166666666666666,1.7166666666666666,1,0.7166666666666666,1442,155,1732,720,3440,720,1.0,1.0140845070422535
0.4660300016403198,0.15190325677394867,0.32595166186676194,0.6223175879359597,644.6836547851562,linear,104,0.7333333333333334,1.7333333333333334,1.7333333333333334,1,0.7333333333333334,1441,155,1731,720,3440,720,1.0,1.0140845070422535
0.4665747880935669,0.15238997340202332,0.32661424068486233,0.6223175879359597,660.0269165039062,linear,105,0.75,1.75,1.75,1,0.75,1440,155,1730,720,3440,720,1.0,1.0140845070422535
0.4661159813404083,0.15344582498073578,0.329200945325802,0.6223175879359597,677.39306640625,linear,106,0.7666666666666666,1.7666666666666666,1.7666666666666666,1,0.7666666666666666,1439,155,1729,720,3440,720,1.0,1.0140845070422535
0.4661112129688263,0.15418687462806702,0.3307941689238817,0.6223175879359597,692.2590942382812,linear,107,0.7833333333333334,1.7833333333333334,1.7833333333333334,1,0.7833333333333334,1438,155,1728,720,3440,720,1.0,1.0140845070422535
0.466341495513916,0.1548980325460434,0.3321557929426488,0.6223175879359597,707.5737915039062,linear,108,0.8,1.8,1.8,1,0.8,1437,155,1727,720,3440,720,1.0,1.0140845070422535
0.46619749069213867,0.15576478838920593,0.33411759642201044,0.6223175879359597,729.4979858398438,linear,109,0.8166666666666667,1.8166666666666667,1.8166666666666667,1,0.8166666666666667,1436,155,1726,720,3440,720,1.0,1.0140845070422535
0.4665372371673584,0.15643459558486938,0.33530998121732486,0.6239316151893075,750.1373901367188,linear,110,0.8333333333333333,1.8333333333333333,1.8333333333333333,1,0.8333333333333333,1435,155,1725,720,3440,720,1.0,1.0140845070422535
0.46652334928512573,0.15731766819953918,0.33721284276226593,0.6309012781292224,768.4484252929688,linear,111,0.8500000000000001,1.85,1.85,1,0.8500000000000001,1434,155,1724,720,3440,720,1.0,1.0140845070422535
0.4665473401546478,0.15834659337997437,0.33940090609771284,0.6239316151893075,788.1729125976562,linear,112,0.8666666666666667,1.8666666666666667,1.8666666666666667,1,0.8666666666666667,1433,155,1723,720,3440,720,1.0,1.0140845070422535
0.4665583074092865,0.15939322113990784,0.3416362225090947,0.6239316151893075,811.5867919921875,linear,113,0.8833333333333333,1.8833333333333333,1.8833333333333333,1,0.8833333333333333,1432,155,1722,720,3440,720,1.0,1.0140845070422535
0.4667322337627411,0.16014014184474945,0.343109232294984,0.6271186351085632,833.0003051757812,linear,114,0.8999999999999999,1.9,1.9,1,0.8999999999999999,1432,155,1722,720,3440,720,1.0,1.0140845070422535
0.46684229373931885,0.16104130446910858,0.3449586791496788,0.6271186351085632,855.7203979492188,linear,115,0.9166666666666667,1.9166666666666667,1.9166666666666667,1,0.9166666666666667,1431,155,1721,720,3440,720,1.0,1.0140845070422535
0.46687328815460205,0.1619904786348343,0.34696882275154706,0.6302520916726813,880.4087524414062,linear,116,0.9333333333333333,1.9333333333333333,1.9333333333333333,1,0.9333333333333333,1430,155,1720,720,3440,720,1.0,1.0140845070422535
0.466774582862854,0.16328972578048706,0.3498256509185457,0.6333333239654196,912.4464721679688,linear,117,0.95,1.95,1.95,1,0.95,1429,155,1719,720,3440,720,1.0,1.0140845070422535
0.4668837785720825,0.16448745131492615,0.3523091941529917,0.6416666565505245,934.9093627929688,linear,118,0.9666666666666666,1.9666666666666666,1.9666666666666666,1,0.9666666666666666,1428,155,1718,720,3440,720,1.0,1.0140845070422535
0.46695399284362793,0.16551628708839417,0.3544595101025866,0.6597510256532205,961.5224609375,linear,119,0.9833333333333334,1.9833333333333334,1.9833333333333334,1,0.9833333333333334,1427,155,1717,720,3440,720,1.0,1.0140845070422535
0.46798935532569885,0.16621366143226624,0.3551654668831828,0.6680497800979105,966.78759765625,linear,120,1.0,2.0,2.0,2,0.0,1426,155,1716,720,3440,720,1.0,1.0140845070422535
0.46716347336769104,0.16577504575252533,0.3548544602790551,0.6680497800979105,967.6962890625,linear,121,1.0166666666666666,2.0166666666666666,2.0166666666666666,2,0.016666666666666607,1425,155,1715,720,3440,720,1.0,1.0140845070422535
0.4669063687324524,0.1643952578306198,0.3520946924668637,0.6680497800979105,951.4287719726562,linear,122,1.0333333333333332,2.033333333333333,2.033333333333333,2,0.033333333333333215,1424,155,1714,720,3440,720,1.0,1.0140845070422535
0.46758416295051575,0.16313141584396362,0.34888138923647394,0.666666654305839,939.3719482421875,linear,123,1.0499999999999998,2.05,2.05,2,0.04999999999999982,1423,155,1713,720,3440,720,1.0,1.0140845070422535
0.4677506983280182,0.16249339282512665,0.34739315180507513,0.666666654305839,930.596923828125,linear,124,1.0666666666666669,2.066666666666667,2.066666666666667,2,0.06666666666666687,1422,155,1712,720,3440,720,1.0,1.0140845070422535
0.46791791915893555,0.16142195463180542,0.3449792037718135,0.6652719542404006,912.8495483398438,linear,125,1.0833333333333335,2.0833333333333335,2.0833333333333335,2,0.08333333333333348,1421,155,1711,720,3440,720,1.0,1.0140845070422535
0.4681336283683777,0.16005267202854156,0.3418952600509237,0.6540084274522079,887.8163452148438,linear,126,1.1,2.1,2.1,2,0.10000000000000009,1420,155,1710,720,3440,720,1.0,1.0140845070422535
0.46810421347618103,0.1589936912059784,0.33965446845422154,0.6540084274522079,873.5330200195312,linear,127,1.1166666666666667,2.1166666666666667,2.1166666666666667,2,0.1166666666666667,1419,155,1709,720,3440,720,1.0,1.0140845070422535
0.4683688282966614,0.15820541977882385,0.3377795592767803,0.6525423616007013,851.1188354492188,linear,128,1.1333333333333333,2.1333333333333333,2.1333333333333333,2,0.1333333333333333,1419,155,1709,720,3440,720,1.0,1.0140845070422535
0.46850183606147766,0.15730705857276917,0.33576614456312526,0.6510638185941557,827.3406982421875,linear,129,1.15,2.15,2.15,2,0.1499999999999999,1418,155,1708,720,3440,720,1.0,1.0140845070422535
0.46872979402542114,0.1563767045736313,0.333618010270903,0.6480686585157479,803.4016723632812,linear,130,1.1666666666666665,2.1666666666666665,2.1666666666666665,2,0.16666666666666652,1417,155,1707,720,3440,720,1.0,1.0140845070422535
0.46877655386924744,0.1555774062871933,0.3318796592625467,0.6480686585157479,783.8419799804688,linear,131,1.1833333333333331,2.183333333333333,2.183333333333333,2,0.18333333333333313,1416,155,1706,720,3440,720,1.0,1.0140845070422535
0.4691046476364136,0.15465162694454193,0.329674038462451,0.6480686585157479,758.91748046875,linear,132,1.2000000000000002,2.2,2.2,2,0.20000000000000018,1415,155,1705,720,3440,720,1.0,1.0140845070422535
0.46912577748298645,0.15394045412540436,0.32814323627644804,0.6480686585157479,734.819091796875,linear,133,1.2166666666666668,2.216666666666667,2.216666666666667,2,0.21666666666666679,1414,155,1704,720,3440,720,1.0,1.0140845070422535
0.4691874384880066,0.15293876826763153,0.32596517396296243,0.6450216341983962,705.2039794921875,linear,134,1.2333333333333334,2.2333333333333334,2.2333333333333334,2,0.2333333333333334,1413,155,1703,720,3440,720,1.0,1.0140845070422535
0.47010326385498047,0.15196843445301056,0.3232660628096167,0.6450216341983962,679.1630249023438,linear,135,1.25,2.25,2.25,2,0.25,1412,155,1702,720,3440,720,1.0,1.0140845070422535
0.46968787908554077,0.15167902410030365,0.3229357784711359,0.6450216341983962,669.979248046875,linear,136,1.2666666666666666,2.2666666666666666,2.2666666666666666,2,0.2666666666666666,1411,155,1701,720,3440,720,1.0,1.0140845070422535
0.46987512707710266,0.15072724223136902,0.3207814807333292,0.6450216341983962,647.6290893554688,linear,137,1.2833333333333332,2.283333333333333,2.283333333333333,2,0.2833333333333332,1410,155,1700,720,3440,720,1.0,1.0140845070422535
0.46995165944099426,0.1505046933889389,0.3202556840961192,0.6450216341983962,639.8150024414062,linear,138,1.2999999999999998,2.3,2.3,2,0.2999999999999998,1409,155,1699,720,3440,720,1.0,1.0140845070422535
0.4699002504348755,0.15004947781562805,0.3193219720218132,0.6450216341983962,629.9566040039062,linear,139,1.3166666666666669,2.316666666666667,2.316666666666667,2,0.3166666666666669,1408,155,1698,720,3440,720,1.0,1.0140845070422535
0.47050389647483826,0.14935432374477386,0.31743482187806465,0.6293103355103105,604.0285034179688,linear,140,1.3333333333333335,2.3333333333333335,2.3333333333333335,2,0.3333333333333335,1407,155,1697,720,3440,720,1.0,1.0140845070422535
0.46975407004356384,0.1490277349948883,0.3172462812479837,0.6293103355103105,594.5418701171875,linear,141,1.35,2.35,2.35,2,0.3500000000000001,1406,155,1696,720,3440,720,1.0,1.0140845070422535
0.47023940086364746,0.14882518351078033,0.31648811237970503,0.6419213629874831,587.9564208984375,linear,142,1.3666666666666667,2.3666666666666667,2.3666666666666667,2,0.3666666666666667,1405,155,1695,720,3440,720,1.0,1.0140845070422535
0.4703092575073242,0.14831049740314484,0.31534674659762085,0.6419213629874831,583.8641357421875,linear,143,1.3833333333333333,2.3833333333333333,2.3833333333333333,2,0.3833333333333333,1405,155,1695,720,3440,720,1.0,1.0140845070422535
0.4705692231655121,0.1479201465845108,0.3143430045127562,0.6277055940017354,572.8853759765625,linear,144,1.4,2.4,2.4,2,0.3999999999999999,1404,155,1694,720,3440,720,1.0,1.0140845070422535
0.4707695543766022,0.14751408994197845,0.3133467010283855,0.6206896218058228,558.1886596679688,linear,145,1.4166666666666665,2.4166666666666665,2.4166666666666665,2,0.4166666666666665,1403,155,1693,720,3440,720,1.0,1.0140845070422535
0.4706801772117615,0.1475236862897873,0.3134265904917209,0.6206896218058228,555.6171875,linear,146,1.4333333333333331,2.433333333333333,2.433333333333333,2,0.4333333333333331,1402,155,1692,720,3440,720,1.0,1.0140845070422535
0.47073981165885925,0.14735588431358337,0.31303042048643764,0.6277055940017354,549.2459716796875,linear,147,1.4500000000000002,2.45,2.45,2,0.4500000000000002,1401,155,1691,720,3440,720,1.0,1.0140845070422535
0.4708583950996399,0.14725308120250702,0.3127332540051957,0.6277055940017354,546.80712890625,linear,148,1.4666666666666668,2.466666666666667,2.466666666666667,2,0.4666666666666668,1400,155,1690,720,3440,720,1.0,1.0140845070422535
0.4705812633037567,0.14673283696174622,0.31181189156040057,0.6206896218058228,541.9202880859375,linear,149,1.4833333333333334,2.4833333333333334,2.4833333333333334,2,0.4833333333333334,1399,155,1689,720,3440,720,1.0,1.0140845070422535
0.4715646505355835,0.1469469517469406,0.311615699912806,0.6206896218058228,534.2188720703125,linear,150,1.5,2.5,2.5,2,0.5,1398,155,1688,720,3440,720,1.0,1.0140845070422535
0.47066065669059753,0.1472124606370926,0.3127783370388734,0.6206896218058228,537.19873046875,linear,151,1.5166666666666666,2.5166666666666666,2.5166666666666666,2,0.5166666666666666,1397,155,1687,720,3440,720,1.0,1.0140845070422535
0.4712589979171753,0.1473008245229721,0.31256871921451,0.6206896218058228,539.2169799804688,linear,152,1.5333333333333332,2.533333333333333,2.533333333333333,2,0.5333333333333332,1396,155,1686,720,3440,720,1.0,1.0140845070422535
0.4714861512184143,0.14733462035655975,0.3124898087693978,0.6206896218058228,541.987548828125,linear,153,1.5499999999999998,2.55,2.55,2,0.5499999999999998,1395,155,1685,720,3440,720,1.0,1.0140845070422535
0.47158801555633545,0.14746809005737305,0.3127053319121154,0.6277055940017354,540.6749267578125,linear,154,1.5666666666666669,2.566666666666667,2.566666666666667,2,0.5666666666666669,1394,155,1684,720,3440,720,1.0,1.0140845070422535
0.4716603457927704,0.14769794046878815,0.31314469968657066,0.6293103355103105,540.5546264648438,linear,155,1.5833333333333335,2.5833333333333335,2.5833333333333335,2,0.5833333333333335,1393,155,1683,720,3440,720,1.0,1.0140845070422535
0.4718643128871918,0.1479046791791916,0.3134474720915721,0.6277055940017354,545.5576782226562,linear,156,1.6,2.6,2.6,2,0.6000000000000001,1392,155,1682,720,3440,720,1.0,1.0140845070422535
0.47177597880363464,0.1483524590730667,0.31445529784012566,0.6419213629874831,551.3128051757812,linear,157,1.6166666666666667,2.6166666666666667,2.6166666666666667,2,0.6166666666666667,1391,155,1681,720,3440,720,1.0,1.0140845070422535
0.471931129693985,0.14856867492198944,0.3148100695756717,0.6293103355103105,562.4884033203125,linear,158,1.6333333333333333,2.6333333333333333,2.6333333333333333,2,0.6333333333333333,1391,155,1681,720,3440,720,1.0,1.0140845070422535
0.47200122475624084,0.14888720214366913,0.31543816240345235,0.6223175879359597,562.300048828125,linear,159,1.65,2.65,2.65,2,0.6499999999999999,1390,155,1680,720,3440,720,1.0,1.0140845070422535
0.4727645814418793,0.1490301936864853,0.31523129351113166,0.61538460742939,569.2687377929688,linear,160,1.6666666666666665,2.6666666666666665,2.6666666666666665,2,0.6666666666666665,1389,155,1679,720,3440,720,1.0,1.0140845070422535
0.4722912609577179,0.14981971681118011,0.3172188986414547,0.6223175879359597,582.0154418945312,linear,161,1.6833333333333331,2.683333333333333,2.683333333333333,2,0.6833333333333331,1388,155,1678,720,3440,720,1.0,1.0140845070422535
0.4723658263683319,0.15037581324577332,0.318346081930693,0.6137338725455729,590.5918579101562,linear,162,1.7000000000000002,2.7,2.7,2,0.7000000000000002,1387,155,1677,720,3440,720,1.0,1.0140845070422535
0.47254520654678345,0.15082737803459167,0.3191808376281792,0.6137338725455729,603.7387084960938,linear,163,1.7166666666666668,2.716666666666667,2.716666666666667,2,0.7166666666666668,1386,155,1676,720,3440,720,1.0,1.0140845070422535
0.4725818634033203,0.15144924819469452,0.32047197896953966,0.6223175879359597,614.4860229492188,linear,164,1.7333333333333334,2.7333333333333334,2.7333333333333334,2,0.7333333333333334,1385,155,1675,720,3440,720,1.0,1.0140845070422535
0.47314658761024475,0.1519193947315216,0.3210831389231831,0.61538460742939,627.0382690429688,linear,165,1.75,2.75,2.75,2,0.75,1384,155,1674,720,3440,720,1.0,1.0140845070422535
0.4727226197719574,0.15295356512069702,0.3235587964013532,0.620253156259768,643.4671630859375,linear,166,1.7666666666666666,2.7666666666666666,2.7666666666666666,2,0.7666666666666666,1383,155,1673,720,3440,720,1.0,1.0140845070422535
0.4726874828338623,0.15377207100391388,0.325314448414993,0.6170212685242932,658.3331298828125,linear,167,1.7833333333333332,2.783333333333333,2.783333333333333,2,0.7833333333333332,1382,155,1672,720,3440,720,1.0,1.0140845070422535
0.4729352295398712,0.1544795036315918,0.3266398667646086,0.6170212685242932,674.874755859375,linear,168,1.7999999999999998,2.8,2.8,2,0.7999999999999998,1381,155,1671,720,3440,720,1.0,1.0140845070422535
0.4728644788265228,0.1553497165441513,0.32852903995745725,0.6170212685242932,691.9131469726562,linear,169,1.8166666666666669,2.816666666666667,2.816666666666667,2,0.8166666666666669,1380,155,1670,720,3440,720,1.0,1.0140845070422535
0.4732303321361542,0.155995711684227,0.32964013038569095,0.6271186351085632,706.8680419921875,linear,170,1.8333333333333335,2.8333333333333335,2.8333333333333335,2,0.8333333333333335,1379,155,1669,720,3440,720,1.0,1.0140845070422535
0.4731723368167877,0.15700647234916687,0.33181666977246194,0.6286919740578779,728.333740234375,linear,171,1.85,2.85,2.85,2,0.8500000000000001,1378,155,1668,720,3440,720,1.0,1.0140845070422535
0.4731702506542206,0.15804457664489746,0.33401206666365696,0.6234309538288146,745.664306640625,linear,172,1.8666666666666667,2.8666666666666667,2.8666666666666667,2,0.8666666666666667,1377,155,1667,720,3440,720,1.0,1.0140845070422535
0.4732252359390259,0.15901492536067963,0.33602375766141684,0.6333333239654196,767.3709106445312,linear,173,1.8833333333333333,2.8833333333333333,2.8833333333333333,2,0.8833333333333333,1377,155,1667,720,3440,720,1.0,1.0140845070422535
0.47344136238098145,0.15997467935085297,0.33789754905940134,0.6348547623191505,792.7127685546875,linear,174,1.9,2.9,2.9,2,0.8999999999999999,1376,155,1666,720,3440,720,1.0,1.0140845070422535
0.4735928475856781,0.1608535349369049,0.33964518754973994,0.6393442525498825,811.3518676757812,linear,175,1.9166666666666665,2.9166666666666665,2.9166666666666665,2,0.9166666666666665,1375,155,1665,720,3440,720,1.0,1.0140845070422535
0.47359612584114075,0.16183924674987793,0.34172417066376565,0.6393442525498825,835.3555297851562,linear,176,1.9333333333333331,2.933333333333333,2.933333333333333,2,0.9333333333333331,1374,155,1664,720,3440,720,1.0,1.0140845070422535
0.47355756163597107,0.1631135791540146,0.34444297573052385,0.6422763907393467,865.929931640625,linear,177,1.9500000000000002,2.95,2.95,2,0.9500000000000002,1373,155,1663,720,3440,720,1.0,1.0140845070422535
0.47359251976013184,0.16446517407894135,0.3472714701860705,0.6437247082707334,889.238037109375,linear,178,1.9666666666666668,2.966666666666667,2.966666666666667,2,0.9666666666666668,1372,155,1662,720,3440,720,1.0,1.0140845070422535
0.47367000579833984,0.16555112600326538,0.34950729512451784,0.6437247082707334,906.134033203125,linear,179,1.9833333333333334,2.9833333333333334,2.9833333333333334,2,0.9833333333333334,1371,155,1661,720,3440,720,1.0,1.0140845070422535
0.47491124272346497,0.16612817347049713,0.34980888011771655,0.647999989742596,909.704833984375,linear,180,2.0,3.0,3.0,3,0.0,1370,155,1661,720,3440,720,1.0,1.0140845070422535
0.47392240166664124,0.16571685671806335,0.34967085885490723,0.6451613019761249,910.4981689453125,linear,181,2.0166666666666666,3.0166666666666666,3.0166666666666666,3,0.016666666666666607,1369,155,1660,720,3440,720,1.0,1.0140845070422535
0.4736388325691223,0.1643267571926117,0.34694527226961974,0.6451613019761249,897.1394653320312,linear,182,2.033333333333333,3.033333333333333,3.033333333333333,3,0.033333333333333215,1368,155,1659,720,3440,720,1.0,1.0140845070422535
0.47430554032325745,0.16301999986171722,0.34370249251903723,0.6437247082707334,883.8709106445312,linear,183,2.05,3.05,3.05,3,0.04999999999999982,1367,155,1658,720,3440,720,1.0,1.0140845070422535
0.4743269681930542,0.16247627139091492,0.3425406499328107,0.6504065150297845,878.6236572265625,linear,184,2.066666666666667,3.066666666666667,3.066666666666667,3,0.06666666666666687,1366,155,1657,720,3440,720,1.0,1.0140845070422535
0.47448086738586426,0.1613597422838211,0.3400763865823781,0.6489795595074104,862.9618530273438,linear,185,2.0833333333333335,3.0833333333333335,3.0833333333333335,3,0.08333333333333348,1365,155,1656,720,3440,720,1.0,1.0140845070422535
0.47481095790863037,0.15983375906944275,0.33662608884847867,0.6446280888773142,834.57958984375,linear,186,2.1,3.1,3.1,3,0.10000000000000009,1364,155,1656,720,3440,720,1.0,1.0140845070422535
0.47454774379730225,0.15886349976062775,0.3347682050740135,0.6583333217207342,821.8455810546875,linear,187,2.1166666666666667,3.1166666666666667,3.1166666666666667,3,0.1166666666666667,1364,155,1655,720,3440,720,1.0,1.0140845070422535
0.47473642230033875,0.15823112428188324,0.33330309939596,0.637130791855988,805.1065673828125,linear,188,2.1333333333333333,3.1333333333333333,3.1333333333333333,3,0.1333333333333333,1363,155,1654,720,3440,720,1.0,1.0140845070422535
0.4747183620929718,0.15739694237709045,0.33155856530925426,0.6302520916726813,780.1512451171875,linear,189,2.15,3.15,3.15,3,0.1499999999999999,1362,155,1653,720,3440,720,1.0,1.0140845070422535
0.47497111558914185,0.15643148124217987,0.3293494547655846,0.640167353993449,757.206787109375,linear,190,2.1666666666666665,3.1666666666666665,3.1666666666666665,3,0.16666666666666652,1361,155,1652,720,3440,720,1.0,1.0140845070422535
0.4749211072921753,0.15565161406993866,0.32774203631417076,0.6302520916726813,736.09228515625,linear,191,2.183333333333333,3.183333333333333,3.183333333333333,3,0.18333333333333313,1360,155,1651,720,3440,720,1.0,1.0140845070422535
0.4752010107040405,0.15467385947704315,0.325491429391048,0.6302520916726813,714.5717163085938,linear,192,2.2,3.2,3.2,3,0.20000000000000018,1359,155,1650,720,3440,720,1.0,1.0140845070422535
0.4750685691833496,0.15402735769748688,0.32422131129417636,0.6355932106059426,693.0640869140625,linear,193,2.216666666666667,3.216666666666667,3.216666666666667,3,0.21666666666666679,1358,155,1649,720,3440,720,1.0,1.0140845070422535
0.47506311535835266,0.15291333198547363,0.32188002777552366,0.6286919740578779,661.1261596679688,linear,194,2.2333333333333334,3.2333333333333334,3.2333333333333334,3,0.2333333333333334,1357,155,1648,720,3440,720,1.0,1.0140845070422535
0.4759273827075958,0.15205910801887512,0.3195006430577499,0.6302520916726813,638.6961059570312,linear,195,2.25,3.25,3.25,3,0.25,1356,155,1647,720,3440,720,1.0,1.0140845070422535
0.475443959236145,0.15178708732128143,0.3192533655756423,0.6386554522563624,629.9010620117188,linear,196,2.2666666666666666,3.2666666666666666,3.2666666666666666,3,0.2666666666666666,1355,155,1646,720,3440,720,1.0,1.0140845070422535
0.47517451643943787,0.15102779865264893,0.31783647954431704,0.6386554522563624,608.81982421875,linear,197,2.283333333333333,3.283333333333333,3.283333333333333,3,0.2833333333333332,1354,155,1645,720,3440,720,1.0,1.0140845070422535
0.47573691606521606,0.1504853218793869,0.3163204570308207,0.6317991539111318,596.9180297851562,linear,198,2.3,3.3,3.3,3,0.2999999999999998,1354,155,1644,720,3440,720,1.0,1.0140845070422535
0.47548842430114746,0.15013572573661804,0.3157505312558887,0.637130791855988,589.0167846679688,linear,199,2.316666666666667,3.316666666666667,3.316666666666667,3,0.3166666666666669,1353,155,1644,720,3440,720,1.0,1.0140845070422535
0.4760439395904541,0.1493595987558365,0.3137517006241382,0.6150627280690545,568.0869750976562,linear,200,2.3333333333333335,3.3333333333333335,3.3333333333333335,3,0.3333333333333335,1352,155,1643,720,3440,720,1.0,1.0140845070422535
0.4751734435558319,0.14899566769599915,0.31356058841467344,0.621848731089,564.33642578125,linear,201,2.35,3.35,3.35,3,0.3500000000000001,1351,155,1642,720,3440,720,1.0,1.0140845070422535
0.4755359888076782,0.1488243043422699,0.31296117373957033,0.621848731089,556.3987426757812,linear,202,2.3666666666666667,3.3666666666666667,3.3666666666666667,3,0.3666666666666667,1350,155,1641,720,3440,720,1.0,1.0140845070422535
0.47558656334877014,0.14846108853816986,0.3121641712733894,0.6170212685242932,545.9287719726562,linear,203,2.3833333333333333,3.3833333333333333,3.3833333333333333,3,0.3833333333333333,1349,155,1640,720,3440,720,1.0,1.0140845070422535
0.4758557677268982,0.147984117269516,0.3109852274494114,0.6170212685242932,536.5560302734375,linear,204,2.4,3.4,3.4,3,0.3999999999999999,1348,155,1639,720,3440,720,1.0,1.0140845070422535
0.4758909046649933,0.14759834110736847,0.31015162626349224,0.6271186351085632,523.7702026367188,linear,205,2.4166666666666665,3.4166666666666665,3.4166666666666665,3,0.4166666666666665,1347,155,1638,720,3440,720,1.0,1.0140845070422535
0.47578221559524536,0.14753594994544983,0.310091344334836,0.6286919740578779,522.469970703125,linear,206,2.433333333333333,3.433333333333333,3.433333333333333,3,0.4333333333333331,1346,155,1637,720,3440,720,1.0,1.0140845070422535
0.47576308250427246,0.14737406373023987,0.3097635483965508,0.6170212685242932,517.7196044921875,linear,207,2.45,3.45,3.45,3,0.4500000000000002,1345,155,1636,720,3440,720,1.0,1.0140845070422535
0.4758322238922119,0.14719922840595245,0.30935110722090514,0.6170212685242932,509.5635681152344,linear,208,2.466666666666667,3.466666666666667,3.466666666666667,3,0.4666666666666668,1344,155,1635,720,3440,720,1.0,1.0140845070422535
0.4754244089126587,0.14658306539058685,0.3083204386637026,0.6239316151893075,507.4953918457031,linear,209,2.4833333333333334,3.4833333333333334,3.4833333333333334,3,0.4833333333333334,1343,155,1634,720,3440,720,1.0,1.0140845070422535
0.4766027629375458,0.14670772850513458,0.3078197124219402,0.6223175879359597,494.8837585449219,linear,210,2.5,3.5,3.5,3,0.5,1342,155,1634,720,3440,720,1.0,1.0140845070422535
0.4755847454071045,0.14697597920894623,0.30904266282280973,0.6206896218058228,497.3075256347656,linear,211,2.5166666666666666,3.5166666666666666,3.5166666666666666,3,0.5166666666666666,1342,155,1633,720,3440,720,1.0,1.0140845070422535
0.47598716616630554,0.14712944626808167,0.3091038028652183,0.6223175879359597,499.57086181640625,linear,212,2.533333333333333,3.533333333333333,3.533333333333333,3,0.5333333333333332,1341,155,1632,720,3440,720,1.0,1.0140845070422535
0.4761306047439575,0.14709119498729706,0.30893034480968284,0.6170212685242932,503.5114440917969,linear,213,2.55,3.55,3.55,3,0.5499999999999998,1340,155,1631,720,3440,720,1.0,1.0140845070422535
0.47613927721977234,0.14723192155361176,0.30922027546459047,0.6101694581887391,502.8631286621094,linear,214,2.566666666666667,3.566666666666667,3.566666666666667,3,0.5666666666666669,1339,155,1630,720,3440,720,1.0,1.0140845070422535
0.47617313265800476,0.14739751815795898,0.3095460557375918,0.6085106049982653,506.61553955078125,linear,215,2.5833333333333335,3.5833333333333335,3.5833333333333335,3,0.5833333333333335,1338,155,1629,720,3440,720,1.0,1.0140845070422535
0.47624555230140686,0.14756737649440765,0.3098556462789989,0.6170212685242932,505.5327453613281,linear,216,2.6,3.6,3.6,3,0.6000000000000001,1337,155,1628,720,3440,720,1.0,1.0140845070422535
0.4760575294494629,0.1479337066411972,0.31074753445198083,0.61538460742939,513.605712890625,linear,217,2.6166666666666667,3.6166666666666667,3.6166666666666667,3,0.6166666666666667,1336,155,1627,720,3440,720,1.0,1.0140845070422535
0.476092666387558,0.14828802645206451,0.31146882488768274,0.6170212685242932,518.8834228515625,linear,218,2.6333333333333333,3.6333333333333333,3.6333333333333333,3,0.6333333333333333,1335,155,1626,720,3440,720,1.0,1.0140845070422535
0.4761010706424713,0.14860159158706665,0.3121219371872403,0.6137338725455729,517.893798828125,linear,219,2.65,3.65,3.65,3,0.6499999999999999,1334,155,1625,720,3440,720,1.0,1.0140845070422535
0.4768475890159607,0.1486523151397705,0.311739674156973,0.606837548039544,522.9927978515625,linear,220,2.6666666666666665,3.6666666666666665,3.6666666666666665,3,0.6666666666666665,1333,155,1624,720,3440,720,1.0,1.0140845070422535
0.47634345293045044,0.14929048717021942,0.3134093333658636,0.6137338725455729,529.7220458984375,linear,221,2.683333333333333,3.683333333333333,3.683333333333333,3,0.6833333333333331,1332,155,1623,720,3440,720,1.0,1.0140845070422535
0.4762708842754364,0.14982642233371735,0.3145823608676576,0.6206896218058228,542.5088500976562,linear,222,2.7,3.7,3.7,3,0.7000000000000002,1332,155,1622,720,3440,720,1.0,1.0140845070422535
0.47655752301216125,0.15024101734161377,0.3152631255076179,0.6170212685242932,557.9557495117188,linear,223,2.716666666666667,3.716666666666667,3.716666666666667,3,0.7166666666666668,1331,155,1622,720,3440,720,1.0,1.0140845070422535
0.47651100158691406,0.15084046125411987,0.3165518898540859,0.61538460742939,570.3683471679688,linear,224,2.7333333333333334,3.7333333333333334,3.7333333333333334,3,0.7333333333333334,1330,155,1621,720,3440,720,1.0,1.0140845070422535
0.4769335687160492,0.15125416219234467,0.3171388405897847,0.6085106049982653,580.7764282226562,linear,225,2.75,3.75,3.75,3,0.75,1329,155,1620,720,3440,720,1.0,1.0140845070422535
0.4764898419380188,0.15214577317237854,0.31930537985973617,0.6137338725455729,592.23974609375,linear,226,2.7666666666666666,3.7666666666666666,3.7666666666666666,3,0.7666666666666666,1328,155,1619,720,3440,720,1.0,1.0140845070422535
0.4765166938304901,0.1527998000383377,0.3206599030213487,0.61538460742939,605.4199829101562,linear,227,2.783333333333333,3.783333333333333,3.783333333333333,3,0.7833333333333332,1327,155,1618,720,3440,720,1.0,1.0140845070422535
0.47665640711784363,0.15349702537059784,0.3220286559839785,0.6137338725455729,620.0474853515625,linear,228,2.8,3.8,3.8,3,0.7999999999999998,1326,155,1617,720,3440,720,1.0,1.0140845070422535
0.47643786668777466,0.154395192861557,0.3240615417374493,0.6170212685242932,644.9620361328125,linear,229,2.816666666666667,3.816666666666667,3.816666666666667,3,0.8166666666666669,1325,155,1616,720,3440,720,1.0,1.0140845070422535
0.47663646936416626,0.15506809949874878,0.325338294932041,0.6170212685242932,658.09228515625,linear,230,2.8333333333333335,3.8333333333333335,3.8333333333333335,3,0.8333333333333335,1324,155,1615,720,3440,720,1.0,1.0140845070422535
0.4765634834766388,0.15597473084926605,0.3272905562098242,0.61538460742939,670.5874633789062,linear,231,2.85,3.85,3.85,3,0.8500000000000001,1323,155,1614,720,3440,720,1.0,1.0140845070422535
0.4765762686729431,0.1568722277879715,0.329164993744112,0.6223175879359597,689.3015747070312,linear,232,2.8666666666666667,3.8666666666666667,3.8666666666666667,3,0.8666666666666667,1322,155,1613,720,3440,720,1.0,1.0140845070422535
0.47657233476638794,0.1578122228384018,0.33114011874893856,0.61538460742939,711.616943359375,linear,233,2.8833333333333333,3.8833333333333333,3.8833333333333333,3,0.8833333333333333,1321,155,1612,720,3440,720,1.0,1.0140845070422535
0.476868599653244,0.15864263474941254,0.33267577596430564,0.6206896218058228,736.7626953125,linear,234,2.9,3.9,3.9,3,0.8999999999999999,1320,155,1612,720,3440,720,1.0,1.0140845070422535
0.4767940640449524,0.1596825271844864,0.3349087916084952,0.6293103355103105,758.126708984375,linear,235,2.9166666666666665,3.9166666666666665,3.9166666666666665,3,0.9166666666666665,1320,155,1611,720,3440,720,1.0,1.0140845070422535
0.476808100938797,0.16058887541294098,0.33679979792448234,0.6223175879359597,780.34228515625,linear,236,2.933333333333333,3.933333333333333,3.933333333333333,3,0.9333333333333331,1319,155,1610,720,3440,720,1.0,1.0140845070422535
0.47670087218284607,0.16166631877422333,0.33913576587889277,0.6293103355103105,800.1364135742188,linear,237,2.95,3.95,3.95,3,0.9500000000000002,1318,155,1609,720,3440,720,1.0,1.0140845070422535
0.47687771916389465,0.16276338696479797,0.3413105226158695,0.6450216341983962,821.8578491210938,linear,238,2.966666666666667,3.966666666666667,3.966666666666667,3,0.9666666666666668,1317,155,1608,720,3440,720,1.0,1.0140845070422535
0.476908415555954,0.16381606459617615,0.34349584913541475,0.6239316151893075,846.9619140625,linear,239,2.9833333333333334,3.9833333333333334,3.9833333333333334,3,0.9833333333333334,1316,155,1607,720,3440,720,1.0,1.0140845070422535
0.4779112637042999,0.1645151823759079,0.3442379191031578,0.6293103355103105,854.8856201171875,linear,240,3.0,4.0,4.0,4,0.0,1315,155,1606,720,3440,720,1.0,1.0140845070422535
0.4768364727497101,0.16427473723888397,0.3445095817576342,0.6277055940017354,860.4771118164062,linear,241,3.0166666666666666,4.016666666666667,4.016666666666667,4,0.016666666666666607,1314,155,1605,720,3440,720,1.0,1.0140845070422535
0.4764919877052307,0.16294941306114197,0.3419772290949288,0.6260869474254467,848.478271484375,linear,242,3.033333333333333,4.033333333333333,4.033333333333333,4,0.033333333333333215,1313,155,1604,720,3440,720,1.0,1.0140845070422535
0.47707244753837585,0.16167248785495758,0.33888455579507565,0.6260869474254467,846.7429809570312,linear,243,3.05,4.05,4.05,4,0.04999999999999982,1312,155,1603,720,3440,720,1.0,1.0140845070422535
0.4770425260066986,0.1612176150083542,0.33795228483795076,0.6403508666687711,840.9917602539062,linear,244,3.0666666666666664,4.066666666666666,4.066666666666666,4,0.06666666666666643,1311,155,1602,720,3440,720,1.0,1.0140845070422535
0.47710028290748596,0.16019175946712494,0.33576118448996123,0.6475770812544592,833.0866088867188,linear,245,3.083333333333333,4.083333333333333,4.083333333333333,4,0.08333333333333304,1310,155,1601,720,3440,720,1.0,1.0140845070422535
0.4770912826061249,0.15902361273765564,0.33331904229269116,0.6403508666687711,808.792724609375,linear,246,3.0999999999999996,4.1,4.1,4,0.09999999999999964,1310,155,1600,720,3440,720,1.0,1.0140845070422535
0.4770066738128662,0.15796129405498505,0.33115111258473395,0.6403508666687711,801.1237182617188,linear,247,3.1166666666666663,4.116666666666666,4.116666666666666,4,0.11666666666666625,1309,155,1600,720,3440,720,1.0,1.0140845070422535
0.47722962498664856,0.15733027458190918,0.32967415065560796,0.6260869474254467,780.7893676757812,linear,248,3.1333333333333337,4.133333333333334,4.133333333333334,4,0.13333333333333375,1308,155,1599,720,3440,720,1.0,1.0140845070422535
0.47710761427879333,0.1565748006105423,0.32817501260271054,0.6260869474254467,762.366455078125,linear,249,3.1500000000000004,4.15,4.15,4,0.15000000000000036,1307,155,1598,720,3440,720,1.0,1.0140845070422535
0.4772668480873108,0.1555909514427185,0.32600409772064004,0.6244541394892493,694.6773681640625,linear,250,3.166666666666667,4.166666666666667,4.166666666666667,4,0.16666666666666696,1306,155,1597,720,3440,720,1.0,1.0140845070422535
0.4770997166633606,0.15496261417865753,0.32480130571946114,0.6387665094036171,695.6424560546875,linear,251,3.1833333333333336,4.183333333333334,4.183333333333334,4,0.18333333333333357,1305,155,1596,720,3440,720,1.0,1.0140845070422535
0.47737812995910645,0.15395686030387878,0.3225050487587621,0.6387665094036171,694.1251831054688,linear,252,3.2,4.2,4.2,4,0.20000000000000018,1304,155,1595,720,3440,720,1.0,1.0140845070422535
0.477114737033844,0.15344326198101044,0.3216066217507337,0.6387665094036171,685.3397827148438,linear,253,3.216666666666667,4.216666666666667,4.216666666666667,4,0.21666666666666679,1303,155,1594,720,3440,720,1.0,1.0140845070422535
0.4769124984741211,0.15232771635055542,0.31940390248502204,0.6387665094036171,673.69921875,linear,254,3.2333333333333334,4.233333333333333,4.233333333333333,4,0.2333333333333334,1302,155,1593,720,3440,720,1.0,1.0140845070422535
0.47773000597953796,0.15167264640331268,0.31748611418590267,0.6403508666687711,649.67236328125,linear,255,3.25,4.25,4.25,4,0.25,1301,155,1592,720,3440,720,1.0,1.0140845070422535
0.4772683084011078,0.1513538956642151,0.31712537754708797,0.6403508666687711,638.9688720703125,linear,256,3.2666666666666666,4.266666666666667,4.266666666666667,4,0.2666666666666666,1300,155,1591,720,3440,720,1.0,1.0140845070422535
0.47719883918762207,0.15038391947746277,0.3151388980368973,0.6260869474254467,618.8573608398438,linear,257,3.283333333333333,4.283333333333333,4.283333333333333,4,0.2833333333333332,1299,155,1590,720,3440,720,1.0,1.0140845070422535
0.477395236492157,0.15015992522239685,0.31454005109132105,0.6190476106473736,615.7694702148438,linear,258,3.3,4.3,4.3,4,0.2999999999999998,1298,155,1590,720,3440,720,1.0,1.0140845070422535
0.4771142601966858,0.14984582364559174,0.31406695000721574,0.6190476106473736,603.93212890625,linear,259,3.3166666666666664,4.316666666666666,4.316666666666666,4,0.31666666666666643,1298,155,1589,720,3440,720,1.0,1.0140845070422535
0.47756966948509216,0.14904458820819855,0.31208972137614766,0.6190476106473736,575.687744140625,linear,260,3.333333333333333,4.333333333333333,4.333333333333333,4,0.33333333333333304,1297,155,1588,720,3440,720,1.0,1.0140845070422535
0.4767056107521057,0.14863191545009613,0.3117897272022874,0.6244541394892493,570.5265502929688,linear,261,3.3499999999999996,4.35,4.35,4,0.34999999999999964,1296,155,1587,720,3440,720,1.0,1.0140845070422535
0.477006733417511,0.14843206107616425,0.3111739259967772,0.6190476106473736,564.8501586914062,linear,262,3.3666666666666663,4.366666666666666,4.366666666666666,4,0.36666666666666625,1295,155,1586,720,3440,720,1.0,1.0140845070422535
0.47698402404785156,0.14804810285568237,0.3103837702895314,0.6173912960662399,559.917724609375,linear,263,3.3833333333333337,4.383333333333334,4.383333333333334,4,0.38333333333333375,1294,155,1585,720,3440,720,1.0,1.0140845070422535
0.4771001935005188,0.14756369590759277,0.3092928798288226,0.6173912960662399,548.4255981445312,linear,264,3.4000000000000004,4.4,4.4,4,0.40000000000000036,1293,155,1584,720,3440,720,1.0,1.0140845070422535
0.4771973788738251,0.147108793258667,0.30827660982353733,0.6190476106473736,537.2315063476562,linear,265,3.416666666666667,4.416666666666667,4.416666666666667,4,0.41666666666666696,1292,155,1583,720,3440,720,1.0,1.0140845070422535
0.4768509864807129,0.14714519679546356,0.3085768885489057,0.6190476106473736,540.1998901367188,linear,266,3.4333333333333336,4.433333333333334,4.433333333333334,4,0.43333333333333357,1291,155,1582,720,3440,720,1.0,1.0140845070422535
0.47677722573280334,0.14692597091197968,0.30816481975309806,0.6206896218058228,534.552001953125,linear,267,3.45,4.45,4.45,4,0.4500000000000002,1290,155,1581,720,3440,720,1.0,1.0140845070422535
0.47670671343803406,0.14674916863441467,0.30783951939266124,0.6190476106473736,532.3828735351562,linear,268,3.466666666666667,4.466666666666667,4.466666666666667,4,0.4666666666666668,1289,155,1580,720,3440,720,1.0,1.0140845070422535
0.47622916102409363,0.14616666734218597,0.30692506094884103,0.6260869474254467,530.73779296875,linear,269,3.4833333333333334,4.483333333333333,4.483333333333333,4,0.4833333333333334,1288,155,1579,720,3440,720,1.0,1.0140845070422535
0.4769735038280487,0.14630821347236633,0.30674284678438385,0.6173912960662399,520.6920166015625,linear,270,3.5,4.5,4.5,4,0.5,1288,155,1578,720,3440,720,1.0,1.0140845070422535
0.4763632118701935,0.14634466171264648,0.30721234342588405,0.6173912960662399,522.829833984375,linear,271,3.5166666666666666,4.516666666666667,4.516666666666667,4,0.5166666666666666,1287,155,1578,720,3440,720,1.0,1.0140845070422535
0.4765808880329132,0.14647361636161804,0.30734260849771283,0.6244541394892493,525.5933227539062,linear,272,3.533333333333333,4.533333333333333,4.533333333333333,4,0.5333333333333332,1286,155,1577,720,3440,720,1.0,1.0140845070422535
0.4766189157962799,0.14638812839984894,0.30713872336328346,0.6034482426849872,529.6097412109375,linear,273,3.55,4.55,4.55,4,0.5499999999999998,1285,155,1576,720,3440,720,1.0,1.0140845070422535
0.4764997363090515,0.14642803370952606,0.30729928996552863,0.6103896027970327,527.8759765625,linear,274,3.5666666666666664,4.566666666666666,4.566666666666666,4,0.5666666666666664,1284,155,1575,720,3440,720,1.0,1.0140845070422535
0.476350873708725,0.1466231495141983,0.30780492810810905,0.6103896027970327,534.3016967773438,linear,275,3.583333333333333,4.583333333333333,4.583333333333333,4,0.583333333333333,1283,155,1574,720,3440,720,1.0,1.0140845070422535
0.47641804814338684,0.1466575562953949,0.3078337476688501,0.6103896027970327,538.3548583984375,linear,276,3.5999999999999996,4.6,4.6,4,0.5999999999999996,1282,155,1573,720,3440,720,1.0,1.0140845070422535
0.4760652482509613,0.14694839715957642,0.3086728019168151,0.6103896027970327,546.6921997070312,linear,277,3.6166666666666663,4.616666666666666,4.616666666666666,4,0.6166666666666663,1281,155,1572,720,3440,720,1.0,1.0140845070422535
0.4760061800479889,0.14714562892913818,0.3091254525793112,0.6120689578014058,553.6472778320312,linear,278,3.6333333333333337,4.633333333333334,4.633333333333334,4,0.6333333333333337,1280,155,1571,720,3440,720,1.0,1.0140845070422535
0.4759208858013153,0.14737987518310547,0.30967304962510567,0.6120689578014058,557.7786865234375,linear,279,3.6500000000000004,4.65,4.65,4,0.6500000000000004,1279,155,1570,720,3440,720,1.0,1.0140845070422535
0.47653988003730774,0.14729629456996918,0.3090954139399275,0.6103896027970327,561.0272216796875,linear,280,3.666666666666667,4.666666666666667,4.666666666666667,4,0.666666666666667,1278,155,1569,720,3440,720,1.0,1.0140845070422535
0.4759252965450287,0.14783839881420135,0.3106336157819209,0.6103896027970327,573.5460205078125,linear,281,3.6833333333333336,4.683333333333334,4.683333333333334,4,0.6833333333333336,1277,155,1568,720,3440,720,1.0,1.0140845070422535
0.4761774241924286,0.1480894386768341,0.3109963388500042,0.6103896027970327,584.4363403320312,linear,282,3.7,4.7,4.7,4,0.7000000000000002,1276,155,1568,720,3440,720,1.0,1.0140845070422535
0.47609075903892517,0.14852023124694824,0.3119578049092677,0.6103896027970327,601.2723388671875,linear,283,3.716666666666667,4.716666666666667,4.716666666666667,4,0.7166666666666668,1276,155,1567,720,3440,720,1.0,1.0140845070422535
0.4758547246456146,0.14909711480140686,0.3133248530403813,0.6103896027970327,612.4530029296875,linear,284,3.7333333333333334,4.733333333333333,4.733333333333333,4,0.7333333333333334,1275,155,1566,720,3440,720,1.0,1.0140845070422535
0.4761607050895691,0.1493646651506424,0.31368540162441977,0.6103896027970327,625.2863159179688,linear,285,3.75,4.75,4.75,4,0.75,1274,155,1565,720,3440,720,1.0,1.0140845070422535
0.47565191984176636,0.15005441009998322,0.3154710423437183,0.6103896027970327,641.8133544921875,linear,286,3.7666666666666666,4.766666666666667,4.766666666666667,4,0.7666666666666666,1273,155,1564,720,3440,720,1.0,1.0140845070422535
0.475536048412323,0.15053677558898926,0.31656227309362805,0.6103896027970327,661.7073364257812,linear,287,3.783333333333333,4.783333333333333,4.783333333333333,4,0.7833333333333332,1272,155,1563,720,3440,720,1.0,1.0140845070422535
0.4756111204624176,0.1510525643825531,0.3175967817146978,0.6103896027970327,677.2947998046875,linear,288,3.8,4.8,4.8,4,0.7999999999999998,1271,155,1562,720,3440,720,1.0,1.0140845070422535
0.47530221939086914,0.15179355442523956,0.31936217639831593,0.6103896027970327,702.5861206054688,linear,289,3.8166666666666664,4.816666666666666,4.816666666666666,4,0.8166666666666664,1270,155,1561,720,3440,720,1.0,1.0140845070422535
0.4752819538116455,0.15242765843868256,0.3207099575507766,0.6103896027970327,724.1751708984375,linear,290,3.833333333333333,4.833333333333333,4.833333333333333,4,0.833333333333333,1269,155,1560,720,3440,720,1.0,1.0140845070422535
0.47507694363594055,0.15318922698497772,0.32245139616342916,0.6103896027970327,748.6759033203125,linear,291,3.8499999999999996,4.85,4.85,4,0.8499999999999996,1268,155,1559,720,3440,720,1.0,1.0140845070422535
0.47495871782302856,0.1538795381784439,0.32398507315309305,0.6103896027970327,768.3161010742188,linear,292,3.8666666666666663,4.866666666666666,4.866666666666666,4,0.8666666666666663,1267,155,1558,720,3440,720,1.0,1.0140845070422535
0.4749545753002167,0.1545795053243637,0.32546165487939166,0.6103896027970327,786.90673828125,linear,293,3.8833333333333337,4.883333333333334,4.883333333333334,4,0.8833333333333337,1266,155,1557,720,3440,720,1.0,1.0140845070422535
0.47476497292518616,0.15540063381195068,0.32732117869029703,0.6103896027970327,811.4653930664062,linear,294,3.9000000000000004,4.9,4.9,4,0.9000000000000004,1266,155,1556,720,3440,720,1.0,1.0140845070422535
0.4749508202075958,0.1562773436307907,0.3290389945470431,0.6103896027970327,839.787109375,linear,295,3.916666666666667,4.916666666666667,4.916666666666667,4,0.916666666666667,1265,155,1556,720,3440,720,1.0,1.0140845070422535
0.47475287318229675,0.15717726945877075,0.33107175338294353,0.6103896027970327,870.2542114257812,linear,296,3.9333333333333336,4.933333333333334,4.933333333333334,4,0.9333333333333336,1264,155,1555,720,3440,720,1.0,1.0140845070422535
0.4744907021522522,0.15810221433639526,0.3332040233606601,0.6103896027970327,900.5795288085938,linear,297,3.95,4.95,4.95,4,0.9500000000000002,1263,155,1554,720,3440,720,1.0,1.0140845070422535
0.47456157207489014,0.15888692438602448,0.33480781080367916,0.6103896027970327,929.6040649414062,linear,298,3.966666666666667,4.966666666666667,4.966666666666667,4,0.9666666666666668,1262,155,1553,720,3440,720,1.0,1.0140845070422535
0.4745481014251709,0.15976887941360474,0.3366758302625716,0.6103896027970327,956.1234741210938,linear,299,3.9833333333333334,4.983333333333333,4.983333333333333,4,0.9833333333333334,1261,155,1552,720,3440,720,1.0,1.0140845070422535
0.4754885137081146,0.1603279411792755,0.33718572202111674,0.6173912960662399,968.0038452148438,linear,300,4.0,5.0,5.0,5,0.0,1260,155,1551,720,3440,720,1.0,1.0140845070422535
0.4742744565010071,0.1602097749710083,0.3377997052064959,0.6173912960662399,975.0013427734375,linear,301,4.016666666666667,5.016666666666667,5.016666666666667,5,0.016666666666666607,1259,155,1550,720,3440,720,1.0,1.0140845070422535
0.47391125559806824,0.15898241102695465,0.3354687313168668,0.6173912960662399,962.4860229492188,linear,302,4.033333333333333,5.033333333333333,5.033333333333333,5,0.033333333333333215,1258,155,1549,720,3440,720,1.0,1.0140845070422535
0.47437116503715515,0.15758682787418365,0.3322015252335698,0.6173912960662399,956.9165649414062,linear,303,4.05,5.05,5.05,5,0.04999999999999982,1257,155,1548,720,3440,720,1.0,1.0140845070422535
0.4742797911167145,0.1572590470314026,0.33157441379778063,0.6173912960662399,953.1868896484375,linear,304,4.066666666666666,5.066666666666666,5.066666666666666,5,0.06666666666666643,1256,155,1547,720,3440,720,1.0,1.0140845070422535
0.47434309124946594,0.1561783254146576,0.32925181161751627,0.6173912960662399,943.1339721679688,linear,305,4.083333333333333,5.083333333333333,5.083333333333333,5,0.08333333333333304,1255,155,1546,720,3440,720,1.0,1.0140845070422535
0.4746010899543762,0.1549491435289383,0.3264829001530626,0.6173912960662399,912.9544067382812,linear,306,4.1,5.1,5.1,5,0.09999999999999964,1254,155,1546,720,3440,720,1.0,1.0140845070422535
0.4742746949195862,0.15425267815589905,0.3252390999474719,0.6173912960662399,905.3875732421875,linear,307,4.116666666666666,5.116666666666666,5.116666666666666,5,0.11666666666666625,1254,155,1545,720,3440,720,1.0,1.0140845070422535
0.4742719531059265,0.1535785049200058,0.32381948937956667,0.6103896027970327,886.1466674804688,linear,308,4.133333333333334,5.133333333333334,5.133333333333334,5,0.13333333333333375,1253,155,1544,720,3440,720,1.0,1.0140845070422535
0.4741351306438446,0.1528000384569168,0.32227106864389826,0.6103896027970327,869.4437866210938,linear,309,4.15,5.15,5.15,5,0.15000000000000036,1252,155,1543,720,3440,720,1.0,1.0140845070422535
0.4741835594177246,0.1519436091184616,0.3204320413401108,0.6173912960662399,851.5950927734375,linear,310,4.166666666666667,5.166666666666667,5.166666666666667,5,0.16666666666666696,1251,155,1542,720,3440,720,1.0,1.0140845070422535
0.4739571511745453,0.1512332260608673,0.319086277093242,0.6103896027970327,827.630859375,linear,311,4.183333333333334,5.183333333333334,5.183333333333334,5,0.18333333333333357,1250,155,1541,720,3440,720,1.0,1.0140845070422535
0.47422361373901367,0.15021009743213654,0.3167495036367143,0.6103896027970327,806.7181396484375,linear,312,4.2,5.2,5.2,5,0.20000000000000018,1249,155,1540,720,3440,720,1.0,1.0140845070422535
0.4740229547023773,0.1496465802192688,0.31569478983624083,0.6103896027970327,790.1786499023438,linear,313,4.216666666666667,5.216666666666667,5.216666666666667,5,0.21666666666666679,1248,155,1539,720,3440,720,1.0,1.0140845070422535
0.47375524044036865,0.14855366945266724,0.3135662756551668,0.6086956188483059,778.3846435546875,linear,314,4.233333333333333,5.233333333333333,5.233333333333333,5,0.2333333333333334,1247,155,1538,720,3440,720,1.0,1.0140845070422535
0.47446176409721375,0.1479986160993576,0.31192948342564214,0.6034482426849872,745.4365844726562,linear,315,4.25,5.25,5.25,5,0.25,1246,155,1537,720,3440,720,1.0,1.0140845070422535
0.47388502955436707,0.14773499965667725,0.3117528246842411,0.6034482426849872,739.48583984375,linear,316,4.266666666666667,5.266666666666667,5.266666666666667,5,0.2666666666666666,1245,155,1536,720,3440,720,1.0,1.0140845070422535
0.47353658080101013,0.14699392020702362,0.31041723715241576,0.6017315423942735,711.5484008789062,linear,317,4.283333333333333,5.283333333333333,5.283333333333333,5,0.2833333333333332,1244,155,1535,720,3440,720,1.0,1.0140845070422535
0.4740505814552307,0.1463320255279541,0.308684406613115,0.6034482426849872,693.6033325195312,linear,318,4.3,5.3,5.3,5,0.2999999999999998,1244,155,1534,720,3440,720,1.0,1.0140845070422535
0.4738582670688629,0.14608554542064667,0.308289529781532,0.6034482426849872,688.7147827148438,linear,319,4.316666666666666,5.316666666666666,5.316666666666666,5,0.31666666666666643,1243,155,1534,720,3440,720,1.0,1.0140845070422535
0.4742487967014313,0.14528939127922058,0.3063568937363488,0.6017315423942735,671.86474609375,linear,320,4.333333333333333,5.333333333333333,5.333333333333333,5,0.33333333333333304,1242,155,1533,720,3440,720,1.0,1.0140845070422535
0.47333604097366333,0.14493104815483093,0.30619059726531367,0.6017315423942735,668.5581665039062,linear,321,4.35,5.35,5.35,5,0.34999999999999964,1241,155,1532,720,3440,720,1.0,1.0140845070422535
0.4735775887966156,0.1446840614080429,0.30551289118339287,0.6017315423942735,660.8453979492188,linear,322,4.366666666666666,5.366666666666666,5.366666666666666,5,0.36666666666666625,1240,155,1531,720,3440,720,1.0,1.0140845070422535
0.47351428866386414,0.1442740559577942,0.30468785497058604,0.6017315423942735,652.4362182617188,linear,323,4.383333333333334,5.383333333333334,5.383333333333334,5,0.38333333333333375,1239,155,1530,720,3440,720,1.0,1.0140845070422535
0.4736301302909851,0.1437751203775406,0.30355990496974955,0.5982532687372327,638.3270874023438,linear,324,4.4,5.4,5.4,5,0.40000000000000036,1238,155,1529,720,3440,720,1.0,1.0140845070422535
0.4736853837966919,0.1433354616165161,0.3025963297446246,0.5982532687372327,632.7176513671875,linear,325,4.416666666666667,5.416666666666667,5.416666666666667,5,0.41666666666666696,1237,155,1528,720,3440,720,1.0,1.0140845070422535
0.473392128944397,0.14333271980285645,0.30277798892577684,0.5982532687372327,631.5607299804688,linear,326,4.433333333333334,5.433333333333334,5.433333333333334,5,0.43333333333333357,1236,155,1527,720,3440,720,1.0,1.0140845070422535
0.4732820391654968,0.14310798048973083,0.3023735650698406,0.5982532687372327,626.9956665039062,linear,327,4.45,5.45,5.45,5,0.4500000000000002,1235,155,1526,720,3440,720,1.0,1.0140845070422535
0.4732208847999573,0.14291779696941376,0.30201074918686505,0.6017315423942735,623.4940795898438,linear,328,4.466666666666667,5.466666666666667,5.466666666666667,5,0.4666666666666668,1234,155,1525,720,3440,720,1.0,1.0140845070422535
0.47284895181655884,0.14246776700019836,0.3012965629719804,0.6086956188483059,618.5604858398438,linear,329,4.483333333333333,5.483333333333333,5.483333333333333,5,0.4833333333333334,1233,155,1524,720,3440,720,1.0,1.0140845070422535
0.4739445745944977,0.14240311086177826,0.30046363117244385,0.6017315423942735,607.3963623046875,linear,330,4.5,5.5,5.5,5,0.5,1232,155,1524,720,3440,720,1.0,1.0140845070422535
0.4728618860244751,0.14255943894386292,0.3014821878066574,0.5982532687372327,612.9819946289062,linear,331,4.516666666666667,5.516666666666667,5.516666666666667,5,0.5166666666666666,1232,155,1523,720,3440,720,1.0,1.0140845070422535
0.47309446334838867,0.1425955891609192,0.3014103888208206,0.6086956188483059,614.0569458007812,linear,332,4.533333333333333,5.533333333333333,5.533333333333333,5,0.5333333333333332,1231,155,1522,720,3440,720,1.0,1.0140845070422535
0.4730740785598755,0.14250868558883667,0.30123967690274334,0.6086956188483059,613.1552734375,linear,333,4.55,5.55,5.55,5,0.5499999999999998,1230,155,1521,720,3440,720,1.0,1.0140845070422535
0.47293025255203247,0.14257632195949554,0.3014743044569052,0.6017315423942735,615.6375732421875,linear,334,4.566666666666666,5.566666666666666,5.566666666666666,5,0.5666666666666664,1229,155,1520,720,3440,720,1.0,1.0140845070422535
0.4728582203388214,0.1426793485879898,0.3017381097200201,0.5982532687372327,616.5188598632812,linear,335,4.583333333333333,5.583333333333333,5.583333333333333,5,0.583333333333333,1228,155,1519,720,3440,720,1.0,1.0140845070422535
0.472871333360672,0.14273935556411743,0.3018566414908467,0.5982532687372327,621.090087890625,linear,336,4.6,5.6,5.6,5,0.5999999999999996,1227,155,1518,720,3440,720,1.0,1.0140845070422535
0.47262781858444214,0.1429835706949234,0.30252888646690684,0.6086956188483059,628.1746826171875,linear,337,4.616666666666666,5.616666666666666,5.616666666666666,5,0.6166666666666663,1226,155,1517,720,3440,720,1.0,1.0140845070422535
0.4726174473762512,0.14313781261444092,0.3028618820156886,0.6086956188483059,637.0025634765625,linear,338,4.633333333333334,5.633333333333334,5.633333333333334,5,0.6333333333333337,1225,155,1516,720,3440,720,1.0,1.0140845070422535
0.47257229685783386,0.14333416521549225,0.3033063155319682,0.6086956188483059,640.3737182617188,linear,339,4.65,5.65,5.65,5,0.6500000000000004,1224,155,1515,720,3440,720,1.0,1.0140845070422535
0.47320932149887085,0.1432744413614273,0.3027718006058999,0.6017315423942735,649.2052001953125,linear,340,4.666666666666667,5.666666666666667,5.666666666666667,5,0.666666666666667,1223,155,1514,720,3440,720,1.0,1.0140845070422535
0.4725877642631531,0.14383208751678467,0.3043499966562699,0.6017315423942735,660.884521484375,linear,341,4.683333333333334,5.683333333333334,5.683333333333334,5,0.6833333333333336,1222,155,1513,720,3440,720,1.0,1.0140845070422535
0.47247835993766785,0.14403395354747772,0.3048477194130168,0.6017315423942735,669.8562622070312,linear,342,4.7,5.7,5.7,5,0.7000000000000002,1222,155,1512,720,3440,720,1.0,1.0140845070422535
0.4728567898273468,0.14427708089351654,0.3051179150774529,0.6017315423942735,685.3779296875,linear,343,4.716666666666667,5.716666666666667,5.716666666666667,5,0.7166666666666668,1221,155,1512,720,3440,720,1.0,1.0140845070422535
0.4727248549461365,0.14479763805866241,0.3063042560182677,0.6086956188483059,695.9090576171875,linear,344,4.733333333333333,5.733333333333333,5.733333333333333,5,0.7333333333333334,1220,155,1511,720,3440,720,1.0,1.0140845070422535
0.47304025292396545,0.1450471132993698,0.306627415608984,0.6086956188483059,714.9359741210938,linear,345,4.75,5.75,5.75,5,0.75,1219,155,1510,720,3440,720,1.0,1.0140845070422535
0.4724577069282532,0.1458485722541809,0.308701852098924,0.6086956188483059,730.8147583007812,linear,346,4.766666666666667,5.766666666666667,5.766666666666667,5,0.7666666666666666,1218,155,1509,720,3440,720,1.0,1.0140845070422535
0.47239649295806885,0.1463470757007599,0.3097971191242075,0.6086956188483059,743.9961547851562,linear,347,4.783333333333333,5.783333333333333,5.783333333333333,5,0.7833333333333332,1217,155,1508,720,3440,720,1.0,1.0140845070422535
0.4725510776042938,0.14674338698387146,0.3105344392027976,0.6086956188483059,760.0919799804688,linear,348,4.8,5.8,5.8,5,0.7999999999999998,1216,155,1507,720,3440,720,1.0,1.0140845070422535
0.4723604917526245,0.14737506210803986,0.3119970055947232,0.6086956188483059,780.2250366210938,linear,349,4.816666666666666,5.816666666666666,5.816666666666666,5,0.8166666666666664,1215,155,1506,720,3440,720,1.0,1.0140845070422535
0.4723818600177765,0.14796219766139984,0.3132258180353784,0.6086956188483059,803.619384765625,linear,350,4.833333333333333,5.833333333333333,5.833333333333333,5,0.833333333333333,1214,155,1505,720,3440,720,1.0,1.0140845070422535
0.4721671938896179,0.14875160157680511,0.3150400967102745,0.6086956188483059,823.7886962890625,linear,351,4.85,5.85,5.85,5,0.8499999999999996,1213,155,1504,720,3440,720,1.0,1.0140845070422535
0.47212618589401245,0.14941519498825073,0.3164730029548984,0.6157204903515452,844.5350952148438,linear,352,4.866666666666666,5.866666666666666,5.866666666666666,5,0.8666666666666663,1212,155,1503,720,3440,720,1.0,1.0140845070422535
0.47209396958351135,0.15007293224334717,0.3178878332143609,0.6086956188483059,868.0588989257812,linear,353,4.883333333333334,5.883333333333334,5.883333333333334,5,0.8833333333333337,1211,155,1502,720,3440,720,1.0,1.0140845070422535
0.4724370837211609,0.15069429576396942,0.3189721928416386,0.6086956188483059,889.2465209960938,linear,354,4.9,5.9,5.9,5,0.9000000000000004,1210,155,1502,720,3440,720,1.0,1.0140845070422535
0.4721733629703522,0.15154336392879486,0.32094855958408797,0.6157204903515452,915.5137329101562,linear,355,4.916666666666667,5.916666666666667,5.916666666666667,5,0.916666666666667,1210,155,1501,720,3440,720,1.0,1.0140845070422535
0.47202059626579285,0.15243935585021973,0.32295063780410843,0.6157204903515452,942.0836791992188,linear,356,4.933333333333334,5.933333333333334,5.933333333333334,5,0.9333333333333336,1209,155,1500,720,3440,720,1.0,1.0140845070422535
0.4718128442764282,0.15335148572921753,0.32502608680383926,0.6123348198078943,969.91259765625,linear,357,4.95,5.95,5.95,5,0.9500000000000002,1208,155,1499,720,3440,720,1.0,1.0140845070422535
0.4718884527683258,0.1541243940591812,0.32661191408455514,0.6157204903515452,1000.3806762695312,linear,358,4.966666666666667,5.966666666666667,5.966666666666667,5,0.9666666666666668,1207,155,1498,720,3440,720,1.0,1.0140845070422535
0.4719093441963196,0.1549106389284134,0.3282635479693603,0.6123348198078943,1024.11767578125,linear,359,4.983333333333333,5.983333333333333,5.983333333333333,5,0.9833333333333334,1206,155,1497,720,3440,720,1.0,1.0140845070422535
