mean,std,rms_contrast,michelson,lap_var,video,frame_idx,time_sec,t_idx,k,u,roi_x0,roi_y0,roi_x1,roi_y1,video_W,video_H,scale_x,scale_y
0.45155277848243713,0.15384456515312195,0.3407011739871154,0.6223175879359597,661.1558227539062,tri_raw,0,0.0,0.0,0,0.0,1536,155,1826,720,3440,720,1.0,1.0140845070422535
0.4510594606399536,0.1533067226409912,0.33988139617927293,0.6223175879359597,660.601806640625,tri_raw,1,0.016666666666666666,0.016666666666666666,0,0.016666666666666666,1535,155,1825,720,3440,720,1.0,1.0140845070422535
0.4516821801662445,0.15297989547252655,0.33868923504869947,0.6239316151893075,661.270751953125,tri_raw,2,0.03333333333333333,0.03333333333333333,0,0.03333333333333333,1534,155,1824,720,3440,720,1.0,1.0140845070422535
0.45187658071517944,0.15334437787532806,0.3393501257337359,0.6309012781292224,663.3280639648438,tri_raw,3,0.05,0.05,0,0.05,1533,155,1823,720,3440,720,1.0,1.0140845070422535
0.4518834948539734,0.1527555286884308,0.33804183389653464,0.6309012781292224,656.638427734375,tri_raw,4,0.06666666666666667,0.06666666666666667,0,0.06666666666666667,1532,155,1822,720,3440,720,1.0,1.0140845070422535
0.45229434967041016,0.15269936621189117,0.337610591304221,0.6340425435592245,657.9470825195312,tri_raw,5,0.08333333333333333,0.08333333333333333,0,0.08333333333333333,1531,155,1821,720,3440,720,1.0,1.0140845070422535
0.4522593915462494,0.15267165005207062,0.33757540369552264,0.6340425435592245,658.427978515625,tri_raw,6,0.1,0.1,0,0.1,1530,155,1820,720,3440,720,1.0,1.0140845070422535
0.4524390697479248,0.15218961238861084,0.33637592153490115,0.6480686585157479,655.044921875,tri_raw,7,0.11666666666666667,0.11666666666666667,0,0.11666666666666667,1530,155,1820,720,3440,720,1.0,1.0140845070422535
0.45236220955848694,0.152223140001297,0.3365071914048643,0.6480686585157479,654.2163696289062,tri_raw,8,0.13333333333333333,0.13333333333333333,0,0.13333333333333333,1529,155,1819,720,3440,720,1.0,1.0140845070422535
0.4528237581253052,0.15161588788032532,0.33482316643407783,0.6566523487090106,638.814208984375,tri_raw,9,0.15,0.15,0,0.15,1528,155,1818,720,3440,720,1.0,1.0140845070422535
0.45296144485473633,0.15155921876430511,0.33459628217793896,0.6566523487090106,637.1209716796875,tri_raw,10,0.16666666666666666,0.16666666666666666,0,0.16666666666666666,1527,155,1817,720,3440,720,1.0,1.0140845070422535
0.4526050388813019,0.15141478180885315,0.3345406379869229,0.6566523487090106,634.0892333984375,tri_raw,11,0.18333333333333332,0.18333333333333332,0,0.18333333333333332,1526,155,1816,720,3440,720,1.0,1.0140845070422535
0.45285847783088684,0.15150059759616852,0.334542912780171,0.6566523487090106,633.7883911132812,tri_raw,12,0.2,0.2,0,0.2,1525,155,1815,720,3440,720,1.0,1.0140845070422535
0.45292508602142334,0.15135665237903595,0.3341759017298454,0.6495726384690599,631.45361328125,tri_raw,13,0.21666666666666667,0.21666666666666667,0,0.21666666666666667,1524,155,1814,720,3440,720,1.0,1.0140845070422535
0.4530739486217499,0.15110309422016144,0.33350646477192547,0.6495726384690599,617.0327758789062,tri_raw,14,0.23333333333333334,0.23333333333333334,0,0.23333333333333334,1523,155,1813,720,3440,720,1.0,1.0140845070422535
0.4533422291278839,0.1509515345096588,0.33297478478963594,0.6495726384690599,616.5673828125,tri_raw,15,0.25,0.25,0,0.25,1522,155,1812,720,3440,720,1.0,1.0140845070422535
0.45326751470565796,0.15100517868995667,0.3331480206706098,0.6566523487090106,617.3848266601562,tri_raw,16,0.26666666666666666,0.26666666666666666,0,0.26666666666666666,1521,155,1811,720,3440,720,1.0,1.0140845070422535
0.4528864026069641,0.15044644474983215,0.3321946531445106,0.6566523487090106,584.434814453125,tri_raw,17,0.2833333333333333,0.2833333333333333,0,0.2833333333333333,1520,155,1810,720,3440,720,1.0,1.0140845070422535
0.4536239802837372,0.1502549797296524,0.33123243688163284,0.6566523487090106,587.4558715820312,tri_raw,18,0.3,0.3,0,0.3,1519,155,1809,720,3440,720,1.0,1.0140845070422535
0.4537036120891571,0.15031404793262482,0.3313044917747795,0.6566523487090106,589.3134765625,tri_raw,19,0.31666666666666665,0.31666666666666665,0,0.31666666666666665,1519,155,1809,720,3440,720,1.0,1.0140845070422535
0.45370975136756897,0.15024660527706146,0.33115136166387327,0.6566523487090106,590.5234985351562,tri_raw,20,0.3333333333333333,0.3333333333333333,0,0.3333333333333333,1518,155,1808,720,3440,720,1.0,1.0140845070422535
0.4539337754249573,0.15008756518363953,0.3306375731498652,0.6637930909281196,589.0779418945312,tri_raw,21,0.35,0.35,0,0.35,1517,155,1807,720,3440,720,1.0,1.0140845070422535
0.4537944495677948,0.14992660284042358,0.3303843836771772,0.6637930909281196,587.0367431640625,tri_raw,22,0.36666666666666664,0.36666666666666664,0,0.36666666666666664,1516,155,1806,720,3440,720,1.0,1.0140845070422535
0.45390939712524414,0.15026773512363434,0.33105226013122035,0.6637930909281196,586.1995849609375,tri_raw,23,0.38333333333333336,0.38333333333333336,0,0.38333333333333336,1515,155,1805,720,3440,720,1.0,1.0140845070422535
0.4540463984012604,0.14975281059741974,0.3298182913167694,0.6581196462289773,564.4791259765625,tri_raw,24,0.4,0.4,0,0.4,1514,155,1804,720,3440,720,1.0,1.0140845070422535
0.45423468947410583,0.14944718778133392,0.3290087436172483,0.6652360389022733,564.2626953125,tri_raw,25,0.4166666666666667,0.4166666666666667,0,0.4166666666666667,1513,155,1803,720,3440,720,1.0,1.0140845070422535
0.45446863770484924,0.15002886950969696,0.33011929484546515,0.6652360389022733,568.6615600585938,tri_raw,26,0.43333333333333335,0.43333333333333335,0,0.43333333333333335,1512,155,1802,720,3440,720,1.0,1.0140845070422535
0.45472827553749084,0.1499927043914795,0.3298512741827517,0.6340425435592245,551.04248046875,tri_raw,27,0.45,0.45,0,0.45,1511,155,1801,720,3440,720,1.0,1.0140845070422535
0.45464521646499634,0.14973273873329163,0.329339735726489,0.6271186351085632,543.8280639648438,tri_raw,28,0.4666666666666667,0.4666666666666667,0,0.4666666666666667,1510,155,1800,720,3440,720,1.0,1.0140845070422535
0.4549383521080017,0.1501718908548355,0.33009282874937007,0.6271186351085632,552.5109252929688,tri_raw,29,0.48333333333333334,0.48333333333333334,0,0.48333333333333334,1509,155,1799,720,3440,720,1.0,1.0140845070422535
0.45593884587287903,0.14958840608596802,0.3280887429512587,0.6170212685242932,531.09814453125,tri_raw,30,0.5,0.5,0,0.5,1508,155,1798,720,3440,720,1.0,1.0140845070422535
0.45512786507606506,0.14801280200481415,0.3252114627786244,0.61538460742939,519.5260620117188,tri_raw,31,0.5166666666666667,0.5166666666666667,0,0.5166666666666667,1508,155,1798,720,3440,720,1.0,1.0140845070422535
0.4551456570625305,0.14799310266971588,0.3251554686323834,0.6137338725455729,514.9090576171875,tri_raw,32,0.5333333333333333,0.5333333333333333,0,0.5333333333333333,1507,155,1797,720,3440,720,1.0,1.0140845070422535
0.4557459056377411,0.14760322868824005,0.32387175314932604,0.6137338725455729,514.196533203125,tri_raw,33,0.55,0.55,0,0.55,1506,155,1796,720,3440,720,1.0,1.0140845070422535
0.4557790458202362,0.14782914519309998,0.3243438751854479,0.6137338725455729,518.6913452148438,tri_raw,34,0.5666666666666667,0.5666666666666667,0,0.5666666666666667,1505,155,1795,720,3440,720,1.0,1.0140845070422535
0.455935537815094,0.14791731536388397,0.3244259327282642,0.6120689578014058,516.6864013671875,tri_raw,35,0.5833333333333334,0.5833333333333334,0,0.5833333333333334,1504,155,1794,720,3440,720,1.0,1.0140845070422535
0.45585381984710693,0.14789365231990814,0.32443218118735906,0.6120689578014058,516.8675537109375,tri_raw,36,0.6,0.6,0,0.6,1503,155,1793,720,3440,720,1.0,1.0140845070422535
0.45637568831443787,0.14775605499744415,0.3237596908493621,0.606837548039544,518.6690673828125,tri_raw,37,0.6166666666666667,0.6166666666666667,0,0.6166666666666667,1502,155,1792,720,3440,720,1.0,1.0140845070422535
0.4564935564994812,0.14797616004943848,0.3241582596314786,0.6137338725455729,520.7950439453125,tri_raw,38,0.6333333333333333,0.6333333333333333,0,0.6333333333333333,1501,155,1791,720,3440,720,1.0,1.0140845070422535
0.4567609429359436,0.1477169543504715,0.3234010118443452,0.6120689578014058,520.2066040039062,tri_raw,39,0.65,0.65,0,0.65,1500,155,1790,720,3440,720,1.0,1.0140845070422535
0.45682722330093384,0.14806236326694489,0.3241101941254215,0.6120689578014058,523.542724609375,tri_raw,40,0.6666666666666666,0.6666666666666666,0,0.6666666666666666,1499,155,1789,720,3440,720,1.0,1.0140845070422535
0.4568767249584198,0.14774039387702942,0.32337035916367074,0.6051501813724247,522.6448974609375,tri_raw,41,0.6833333333333333,0.6833333333333333,0,0.6833333333333333,1498,155,1788,720,3440,720,1.0,1.0140845070422535
0.457260400056839,0.14781610667705536,0.32326460683242036,0.5982906178633084,525.2366333007812,tri_raw,42,0.7,0.7,0,0.7,1498,155,1788,720,3440,720,1.0,1.0140845070422535
0.4571172297000885,0.14794526994228363,0.32364841465911354,0.5982906178633084,528.7708740234375,tri_raw,43,0.7166666666666667,0.7166666666666667,0,0.7166666666666667,1497,155,1787,720,3440,720,1.0,1.0140845070422535
0.457436740398407,0.1477293074131012,0.3229502380043483,0.5982906178633084,532.0725708007812,tri_raw,44,0.7333333333333333,0.7333333333333333,0,0.7333333333333333,1496,155,1786,720,3440,720,1.0,1.0140845070422535
0.4576566219329834,0.14820203185081482,0.3238280000988092,0.5982906178633084,536.047119140625,tri_raw,45,0.75,0.75,0,0.75,1495,155,1785,720,3440,720,1.0,1.0140845070422535
0.4578217566013336,0.1482980102300644,0.32392083786440135,0.5897435841496377,539.7552490234375,tri_raw,46,0.7666666666666667,0.7666666666666667,0,0.7666666666666667,1494,155,1784,720,3440,720,1.0,1.0140845070422535
0.45794743299484253,0.1483018398284912,0.3238403054696419,0.5914893559718962,542.4398193359375,tri_raw,47,0.7833333333333333,0.7833333333333333,0,0.7833333333333333,1493,155,1783,720,3440,720,1.0,1.0140845070422535
0.45826223492622375,0.14833156764507294,0.3236827150553348,0.5914893559718962,543.562255859375,tri_raw,48,0.8,0.8,0,0.8,1492,155,1782,720,3440,720,1.0,1.0140845070422535
0.4583873748779297,0.1483749896287918,0.3236890772382504,0.5914893559718962,545.2381591796875,tri_raw,49,0.8166666666666667,0.8166666666666667,0,0.8166666666666667,1491,155,1781,720,3440,720,1.0,1.0140845070422535
0.4588385820388794,0.14828938245773315,0.32318419817042754,0.5914893559718962,545.855224609375,tri_raw,50,0.8333333333333334,0.8333333333333334,0,0.8333333333333334,1490,155,1780,720,3440,720,1.0,1.0140845070422535
0.45847898721694946,0.1479148268699646,0.32262072585185886,0.5914893559718962,543.7680053710938,tri_raw,51,0.85,0.85,0,0.85,1489,155,1779,720,3440,720,1.0,1.0140845070422535
0.45900529623031616,0.14851996302604675,0.3235691636024869,0.5914893559718962,545.3104248046875,tri_raw,52,0.8666666666666667,0.8666666666666667,0,0.8666666666666667,1488,155,1778,720,3440,720,1.0,1.0140845070422535
0.4589340388774872,0.14816169440746307,0.3228387494234819,0.5932203069210824,542.1158447265625,tri_raw,53,0.8833333333333333,0.8833333333333333,0,0.8833333333333333,1487,155,1777,720,3440,720,1.0,1.0140845070422535
0.4592910408973694,0.14852483570575714,0.3233784664769044,0.5932203069210824,544.1503295898438,tri_raw,54,0.9,0.9,0,0.9,1486,155,1776,720,3440,720,1.0,1.0140845070422535
0.4594601094722748,0.14836370944976807,0.3229087861209264,0.5914893559718962,544.6632080078125,tri_raw,55,0.9166666666666666,0.9166666666666666,0,0.9166666666666666,1486,155,1776,720,3440,720,1.0,1.0140845070422535
0.4596702754497528,0.14843280613422394,0.32291146683321853,0.5914893559718962,544.9006958007812,tri_raw,56,0.9333333333333333,0.9333333333333333,0,0.9333333333333333,1485,155,1775,720,3440,720,1.0,1.0140845070422535
0.45972511172294617,0.14837431907653809,0.3227457279699325,0.5897435841496377,544.9613647460938,tri_raw,57,0.95,0.95,0,0.95,1484,155,1774,720,3440,720,1.0,1.0140845070422535
0.4598607122898102,0.14834289252758026,0.3225822196532207,0.5897435841496377,544.0235595703125,tri_raw,58,0.9666666666666667,0.9666666666666667,0,0.9666666666666667,1483,155,1773,720,3440,720,1.0,1.0140845070422535
0.4600771963596344,0.14821423590183258,0.322150790895683,0.5914893559718962,544.62939453125,tri_raw,59,0.9833333333333333,0.9833333333333333,0,0.9833333333333333,1482,155,1772,720,3440,720,1.0,1.0140845070422535
0.4603104889392853,0.1482921689748764,0.3221568252659735,0.5914893559718962,545.1421508789062,tri_raw,60,1.0,1.0,1,0.0,1481,155,1771,720,3440,720,1.0,1.0140845070422535
0.46027469635009766,0.14812901616096497,0.32182740897409634,0.5914893559718962,544.005859375,tri_raw,61,1.0166666666666666,1.0166666666666666,1,0.016666666666666607,1480,155,1770,720,3440,720,1.0,1.0140845070422535
0.46074968576431274,0.14819377660751343,0.32163618982250824,0.5914893559718962,545.1170654296875,tri_raw,62,1.0333333333333334,1.0333333333333334,1,0.03333333333333344,1479,155,1769,720,3440,720,1.0,1.0140845070422535
0.4606817364692688,0.14818212389945984,0.3216583357928743,0.5914893559718962,546.095458984375,tri_raw,63,1.05,1.05,1,0.050000000000000044,1478,155,1768,720,3440,720,1.0,1.0140845070422535
0.4607728123664856,0.14813704788684845,0.3214969301488543,0.5914893559718962,545.173828125,tri_raw,64,1.0666666666666667,1.0666666666666667,1,0.06666666666666665,1477,155,1767,720,3440,720,1.0,1.0140845070422535
0.4611188769340515,0.14813238382339478,0.3212455356325069,0.5982906178633084,545.8871459960938,tri_raw,65,1.0833333333333333,1.0833333333333333,1,0.08333333333333326,1476,155,1766,720,3440,720,1.0,1.0140845070422535
0.4609229564666748,0.14790189266204834,0.3208820202556381,0.5914893559718962,546.8568725585938,tri_raw,66,1.1,1.1,1,0.10000000000000009,1476,155,1766,720,3440,720,1.0,1.0140845070422535
0.4611806273460388,0.147635355591774,0.32012479197169413,0.5914893559718962,545.4130859375,tri_raw,67,1.1166666666666667,1.1166666666666667,1,0.1166666666666667,1475,155,1765,720,3440,720,1.0,1.0140845070422535
0.46133583784103394,0.14775195717811584,0.3202698378406264,0.5914893559718962,546.8486938476562,tri_raw,68,1.1333333333333333,1.1333333333333333,1,0.1333333333333333,1474,155,1764,720,3440,720,1.0,1.0140845070422535
0.4613015949726105,0.14749474823474884,0.3197360395993122,0.5914893559718962,543.3618774414062,tri_raw,69,1.15,1.15,1,0.1499999999999999,1473,155,1763,720,3440,720,1.0,1.0140845070422535
0.461932510137558,0.1475009322166443,0.31931272596421717,0.5914893559718962,545.9005737304688,tri_raw,70,1.1666666666666667,1.1666666666666667,1,0.16666666666666674,1472,155,1762,720,3440,720,1.0,1.0140845070422535
0.46170473098754883,0.1473219394683838,0.3190825789513752,0.5897435841496377,546.1453247070312,tri_raw,71,1.1833333333333333,1.1833333333333333,1,0.18333333333333335,1471,155,1761,720,3440,720,1.0,1.0140845070422535
0.46198341250419617,0.14735408127307892,0.31895967278293524,0.5982906178633084,543.4545288085938,tri_raw,72,1.2,1.2,1,0.19999999999999996,1470,155,1760,720,3440,720,1.0,1.0140845070422535
0.46212559938430786,0.14727330207824707,0.3186867360033563,0.5982906178633084,544.52197265625,tri_raw,73,1.2166666666666666,1.2166666666666666,1,0.21666666666666656,1469,155,1759,720,3440,720,1.0,1.0140845070422535
0.4623068571090698,0.14716018736362457,0.31831711322796724,0.5982906178633084,543.2481689453125,tri_raw,74,1.2333333333333334,1.2333333333333334,1,0.2333333333333334,1468,155,1758,720,3440,720,1.0,1.0140845070422535
0.46244415640830994,0.14714708924293518,0.31819428145410594,0.5982906178633084,542.9198608398438,tri_raw,75,1.25,1.25,1,0.25,1467,155,1757,720,3440,720,1.0,1.0140845070422535
0.46279647946357727,0.14688144624233246,0.3173780475573211,0.5982906178633084,535.2025756835938,tri_raw,76,1.2666666666666666,1.2666666666666666,1,0.2666666666666666,1466,155,1756,720,3440,720,1.0,1.0140845070422535
0.46257320046424866,0.14689400792121887,0.3175583985371587,0.5982906178633084,537.2055053710938,tri_raw,77,1.2833333333333334,1.2833333333333334,1,0.28333333333333344,1465,155,1755,720,3440,720,1.0,1.0140845070422535
0.46276986598968506,0.14684627950191498,0.3173203078265797,0.5914893559718962,534.0843505859375,tri_raw,78,1.3,1.3,1,0.30000000000000004,1464,155,1754,720,3440,720,1.0,1.0140845070422535
0.4629380404949188,0.1466185599565506,0.3167131321346416,0.5914893559718962,535.6278686523438,tri_raw,79,1.3166666666666667,1.3166666666666667,1,0.31666666666666665,1464,155,1754,720,3440,720,1.0,1.0140845070422535
0.4631759822368622,0.14652076363563538,0.31633928807067047,0.5982906178633084,534.2531127929688,tri_raw,80,1.3333333333333333,1.3333333333333333,1,0.33333333333333326,1463,155,1753,720,3440,720,1.0,1.0140845070422535
0.46338367462158203,0.14623458683490753,0.3155799215380849,0.606837548039544,526.24609375,tri_raw,81,1.35,1.35,1,0.3500000000000001,1462,155,1752,720,3440,720,1.0,1.0140845070422535
0.4633333683013916,0.14656409621238708,0.31632535680830937,0.5999999934893614,529.260498046875,tri_raw,82,1.3666666666666667,1.3666666666666667,1,0.3666666666666667,1461,155,1751,720,3440,720,1.0,1.0140845070422535
0.4634030759334564,0.14652079343795776,0.316184328256713,0.5982906178633084,525.6057739257812,tri_raw,83,1.3833333333333333,1.3833333333333333,1,0.3833333333333333,1460,155,1750,720,3440,720,1.0,1.0140845070422535
0.4638466536998749,0.1464916169643402,0.31581905924653897,0.5982906178633084,520.9854736328125,tri_raw,84,1.4,1.4,1,0.3999999999999999,1459,155,1749,720,3440,720,1.0,1.0140845070422535
0.4637617766857147,0.1465788036584854,0.31606485887078906,0.5982906178633084,524.0667114257812,tri_raw,85,1.4166666666666667,1.4166666666666667,1,0.41666666666666674,1458,155,1748,720,3440,720,1.0,1.0140845070422535
0.46381476521492004,0.14665906131267548,0.31620178819167066,0.6051501813724247,522.5505981445312,tri_raw,86,1.4333333333333333,1.4333333333333333,1,0.43333333333333335,1457,155,1747,720,3440,720,1.0,1.0140845070422535
0.4637959599494934,0.14678938686847687,0.3164956066445812,0.6051501813724247,521.6067504882812,tri_raw,87,1.45,1.45,1,0.44999999999999996,1456,155,1746,720,3440,720,1.0,1.0140845070422535
0.46399012207984924,0.1466689556837082,0.3161036098467447,0.6051501813724247,516.2900390625,tri_raw,88,1.4666666666666666,1.4666666666666666,1,0.46666666666666656,1455,155,1745,720,3440,720,1.0,1.0140845070422535
0.4641355574131012,0.14687010645866394,0.3164379478117932,0.6034482426849872,515.690185546875,tri_raw,89,1.4833333333333334,1.4833333333333334,1,0.4833333333333334,1454,155,1744,720,3440,720,1.0,1.0140845070422535
0.46409541368484497,0.14599891006946564,0.31458812696375493,0.6103896027970327,519.7510375976562,tri_raw,90,1.5,1.5,1,0.5,1454,155,1744,720,3440,720,1.0,1.0140845070422535
0.46458449959754944,0.14606252312660217,0.31439387260916246,0.6034482426849872,517.2288818359375,tri_raw,91,1.5166666666666666,1.5166666666666666,1,0.5166666666666666,1453,155,1743,720,3440,720,1.0,1.0140845070422535
0.46489039063453674,0.14586251974105835,0.3137567898626604,0.6051501813724247,514.5259399414062,tri_raw,92,1.5333333333333334,1.5333333333333334,1,0.5333333333333334,1452,155,1742,720,3440,720,1.0,1.0140845070422535
0.4648825526237488,0.14555911719799042,0.3131094364487881,0.6051501813724247,515.927001953125,tri_raw,93,1.55,1.55,1,0.55,1451,155,1741,720,3440,720,1.0,1.0140845070422535
0.4652246832847595,0.14586684107780457,0.3135406249567258,0.6051501813724247,518.2523803710938,tri_raw,94,1.5666666666666667,1.5666666666666667,1,0.5666666666666667,1450,155,1740,720,3440,720,1.0,1.0140845070422535
0.4653412997722626,0.14592735469341278,0.3135920917161415,0.6051501813724247,517.4912719726562,tri_raw,95,1.5833333333333333,1.5833333333333333,1,0.5833333333333333,1449,155,1739,720,3440,720,1.0,1.0140845070422535
0.4652421176433563,0.14588043093681335,0.3135580857128266,0.6051501813724247,513.9580688476562,tri_raw,96,1.6,1.6,1,0.6000000000000001,1448,155,1738,720,3440,720,1.0,1.0140845070422535
0.4657897353172302,0.1456931233406067,0.31278731403024146,0.606837548039544,511.3438415527344,tri_raw,97,1.6166666666666667,1.6166666666666667,1,0.6166666666666667,1447,155,1737,720,3440,720,1.0,1.0140845070422535
0.4657064378261566,0.145973339676857,0.3134449616453396,0.606837548039544,512.8946533203125,tri_raw,98,1.6333333333333333,1.6333333333333333,1,0.6333333333333333,1446,155,1736,720,3440,720,1.0,1.0140845070422535
0.46590790152549744,0.1457158923149109,0.31275685325411434,0.6137338725455729,511.7027587890625,tri_raw,99,1.65,1.65,1,0.6499999999999999,1445,155,1735,720,3440,720,1.0,1.0140845070422535
0.46599894762039185,0.1461210995912552,0.31356529280112067,0.606837548039544,513.3099365234375,tri_raw,100,1.6666666666666667,1.6666666666666667,1,0.6666666666666667,1444,155,1734,720,3440,720,1.0,1.0140845070422535
0.4658614993095398,0.14573785662651062,0.3128351531821353,0.606837548039544,514.3966674804688,tri_raw,101,1.6833333333333333,1.6833333333333333,1,0.6833333333333333,1443,155,1733,720,3440,720,1.0,1.0140845070422535
0.4662025570869446,0.14618165791034698,0.313558243198358,0.606837548039544,513.3638305664062,tri_raw,102,1.7,1.7,1,0.7,1442,155,1732,720,3440,720,1.0,1.0140845070422535
0.46624499559402466,0.145834282040596,0.312784652469991,0.5999999934893614,516.0886840820312,tri_raw,103,1.7166666666666666,1.7166666666666666,1,0.7166666666666666,1442,155,1732,720,3440,720,1.0,1.0140845070422535
0.46601617336273193,0.14597347378730774,0.313236919657974,0.6051501813724247,516.736083984375,tri_raw,104,1.7333333333333334,1.7333333333333334,1,0.7333333333333334,1441,155,1731,720,3440,720,1.0,1.0140845070422535
0.466420978307724,0.14641648530960083,0.3139148730009587,0.6051501813724247,519.0639038085938,tri_raw,105,1.75,1.75,1,0.75,1440,155,1730,720,3440,720,1.0,1.0140845070422535
0.46646633744239807,0.14652784168720245,0.314123071236766,0.6051501813724247,521.4078369140625,tri_raw,106,1.7666666666666666,1.7666666666666666,1,0.7666666666666666,1439,155,1729,720,3440,720,1.0,1.0140845070422535
0.46654456853866577,0.14652703702449799,0.31406867374486974,0.6034482426849872,523.7427368164062,tri_raw,107,1.7833333333333334,1.7833333333333334,1,0.7833333333333334,1438,155,1728,720,3440,720,1.0,1.0140845070422535
0.4667811691761017,0.14655503630638123,0.3139694633041121,0.5982906178633084,524.0601806640625,tri_raw,108,1.8,1.8,1,0.8,1437,155,1727,720,3440,720,1.0,1.0140845070422535
0.46705418825149536,0.14633223414421082,0.31330889368307335,0.5982906178633084,523.2491455078125,tri_raw,109,1.8166666666666667,1.8166666666666667,1,0.8166666666666667,1436,155,1726,720,3440,720,1.0,1.0140845070422535
0.46691328287124634,0.14661581814289093,0.3140108032506176,0.5982906178633084,523.3421020507812,tri_raw,110,1.8333333333333333,1.8333333333333333,1,0.8333333333333333,1435,155,1725,720,3440,720,1.0,1.0140845070422535
0.46699315309524536,0.1459524929523468,0.31253668037658,0.5982906178633084,523.123046875,tri_raw,111,1.85,1.85,1,0.8500000000000001,1434,155,1724,720,3440,720,1.0,1.0140845070422535
0.46725407242774963,0.14677947759628296,0.3141320388976572,0.5982906178633084,526.6431274414062,tri_raw,112,1.8666666666666667,1.8666666666666667,1,0.8666666666666667,1433,155,1723,720,3440,720,1.0,1.0140845070422535
0.46710577607154846,0.14657726883888245,0.3137988721390632,0.5982906178633084,524.2973022460938,tri_raw,113,1.8833333333333333,1.8833333333333333,1,0.8833333333333333,1432,155,1722,720,3440,720,1.0,1.0140845070422535
0.4675953984260559,0.14671096205711365,0.31375620763888246,0.5914893559718962,525.5643310546875,tri_raw,114,1.9,1.9,1,0.8999999999999999,1432,155,1722,720,3440,720,1.0,1.0140845070422535
0.46759551763534546,0.1467653512954712,0.3138724444984987,0.5914893559718962,525.102783203125,tri_raw,115,1.9166666666666667,1.9166666666666667,1,0.9166666666666667,1431,155,1721,720,3440,720,1.0,1.0140845070422535
0.4677017331123352,0.14689941704273224,0.3140878117434108,0.5914893559718962,524.0136108398438,tri_raw,116,1.9333333333333333,1.9333333333333333,1,0.9333333333333333,1430,155,1720,720,3440,720,1.0,1.0140845070422535
0.4679766297340393,0.14677976071834564,0.3136476230988016,0.5914893559718962,526.256103515625,tri_raw,117,1.95,1.95,1,0.95,1429,155,1719,720,3440,720,1.0,1.0140845070422535
0.4678848683834076,0.1469060480594635,0.31397904665574927,0.5914893559718962,527.4475708007812,tri_raw,118,1.9666666666666666,1.9666666666666666,1,0.9666666666666666,1428,155,1718,720,3440,720,1.0,1.0140845070422535
0.46800127625465393,0.14676325023174286,0.31359582664028074,0.5914893559718962,523.9710693359375,tri_raw,119,1.9833333333333334,1.9833333333333334,1,0.9833333333333334,1427,155,1717,720,3440,720,1.0,1.0140845070422535
0.46864256262779236,0.14669227600097656,0.3130152584696637,0.5914893559718962,523.8363647460938,tri_raw,120,2.0,2.0,2,0.0,1426,155,1716,720,3440,720,1.0,1.0140845070422535
0.4682455360889435,0.14677603542804718,0.31345954415157856,0.5914893559718962,524.278076171875,tri_raw,121,2.0166666666666666,2.0166666666666666,2,0.016666666666666607,1425,155,1715,720,3440,720,1.0,1.0140845070422535
0.468456894159317,0.14682991802692413,0.31343313914952764,0.5914893559718962,525.092041015625,tri_raw,122,2.033333333333333,2.033333333333333,2,0.033333333333333215,1424,155,1714,720,3440,720,1.0,1.0140845070422535
0.46853506565093994,0.1467629224061966,0.31323785567664825,0.5914893559718962,522.832275390625,tri_raw,123,2.05,2.05,2,0.04999999999999982,1423,155,1713,720,3440,720,1.0,1.0140845070422535
0.4688897132873535,0.1467655450105667,0.31300652951317337,0.5914893559718962,523.3681640625,tri_raw,124,2.066666666666667,2.066666666666667,2,0.06666666666666687,1422,155,1712,720,3440,720,1.0,1.0140845070422535
0.4686955511569977,0.1468420773744583,0.31329948380985634,0.5914893559718962,524.3023681640625,tri_raw,125,2.0833333333333335,2.0833333333333335,2,0.08333333333333348,1421,155,1711,720,3440,720,1.0,1.0140845070422535
0.4687758982181549,0.1467333883047104,0.3130139278327095,0.5914893559718962,522.3220825195312,tri_raw,126,2.1,2.1,2,0.10000000000000009,1420,155,1710,720,3440,720,1.0,1.0140845070422535
0.46895861625671387,0.14646315574645996,0.31231573010085584,0.5897435841496377,522.6185302734375,tri_raw,127,2.1166666666666667,2.1166666666666667,2,0.1166666666666667,1419,155,1709,720,3440,720,1.0,1.0140845070422535
0.469002366065979,0.14650005102157593,0.3123652640108723,0.5914893559718962,524.947265625,tri_raw,128,2.1333333333333333,2.1333333333333333,2,0.1333333333333333,1419,155,1709,720,3440,720,1.0,1.0140845070422535
0.46894171833992004,0.1463666409254074,0.3121211700301304,0.5914893559718962,521.3236694335938,tri_raw,129,2.15,2.15,2,0.1499999999999999,1418,155,1708,720,3440,720,1.0,1.0140845070422535
0.4694560468196869,0.1463669091463089,0.3117797864572592,0.5914893559718962,521.4769897460938,tri_raw,130,2.1666666666666665,2.1666666666666665,2,0.16666666666666652,1417,155,1707,720,3440,720,1.0,1.0140845070422535
0.46929827332496643,0.14626502990722656,0.31166751531870635,0.5932203069210824,524.239990234375,tri_raw,131,2.183333333333333,2.183333333333333,2,0.18333333333333313,1416,155,1706,720,3440,720,1.0,1.0140845070422535
0.46937352418899536,0.14628228545188904,0.3116543111120275,0.5932203069210824,524.2935791015625,tri_raw,132,2.2,2.2,2,0.20000000000000018,1415,155,1705,720,3440,720,1.0,1.0140845070422535
0.4694886803627014,0.14616137742996216,0.3113203372738241,0.5932203069210824,523.0951538085938,tri_raw,133,2.216666666666667,2.216666666666667,2,0.21666666666666679,1414,155,1704,720,3440,720,1.0,1.0140845070422535
0.4695899486541748,0.1460544317960739,0.31102545764534617,0.5999999934893614,522.0762939453125,tri_raw,134,2.2333333333333334,2.2333333333333334,2,0.2333333333333334,1413,155,1703,720,3440,720,1.0,1.0140845070422535
0.4696642756462097,0.14600828289985657,0.3108779768062717,0.5999999934893614,522.9856567382812,tri_raw,135,2.25,2.25,2,0.25,1412,155,1702,720,3440,720,1.0,1.0140845070422535
0.46989375352859497,0.14574575424194336,0.31016745816647584,0.5999999934893614,518.2673950195312,tri_raw,136,2.2666666666666666,2.2666666666666666,2,0.2666666666666666,1411,155,1701,720,3440,720,1.0,1.0140845070422535
0.46970313787460327,0.1457807421684265,0.31036782024578985,0.5999999934893614,518.588623046875,tri_raw,137,2.283333333333333,2.283333333333333,2,0.2833333333333332,1410,155,1700,720,3440,720,1.0,1.0140845070422535
0.46980616450309753,0.14579978585243225,0.3103402930083691,0.5982906178633084,517.3815307617188,tri_raw,138,2.3,2.3,2,0.2999999999999998,1409,155,1699,720,3440,720,1.0,1.0140845070422535
0.4700664281845093,0.1457226425409317,0.310004354073313,0.5999999934893614,514.856201171875,tri_raw,139,2.316666666666667,2.316666666666667,2,0.3166666666666669,1408,155,1698,720,3440,720,1.0,1.0140845070422535
0.4701896607875824,0.14558087289333344,0.3096215887717842,0.606837548039544,513.1605224609375,tri_raw,140,2.3333333333333335,2.3333333333333335,2,0.3333333333333335,1407,155,1697,720,3440,720,1.0,1.0140845070422535
0.4704028069972992,0.14536023139953613,0.3090122468385871,0.5982906178633084,508.5765380859375,tri_raw,141,2.35,2.35,2,0.3500000000000001,1406,155,1696,720,3440,720,1.0,1.0140845070422535
0.470268189907074,0.145615354180336,0.3096432082992427,0.6051501813724247,510.59393310546875,tri_raw,142,2.3666666666666667,2.3666666666666667,2,0.3666666666666667,1405,155,1695,720,3440,720,1.0,1.0140845070422535
0.4702690541744232,0.1454695761203766,0.3093326506087625,0.6120689578014058,507.22613525390625,tri_raw,143,2.3833333333333333,2.3833333333333333,2,0.3833333333333333,1405,155,1695,720,3440,720,1.0,1.0140845070422535
0.4706767201423645,0.1454765498638153,0.30907954557220907,0.6051501813724247,502.5950927734375,tri_raw,144,2.4,2.4,2,0.3999999999999999,1404,155,1694,720,3440,720,1.0,1.0140845070422535
0.4704510271549225,0.14559507369995117,0.3094797592124466,0.6120689578014058,503.03424072265625,tri_raw,145,2.4166666666666665,2.4166666666666665,2,0.4166666666666665,1403,155,1693,720,3440,720,1.0,1.0140845070422535
0.47044649720191956,0.14563319087028503,0.3095637625975147,0.6120689578014058,503.6483154296875,tri_raw,146,2.433333333333333,2.433333333333333,2,0.4333333333333331,1402,155,1692,720,3440,720,1.0,1.0140845070422535
0.4704074263572693,0.14576011896133423,0.30985930003587575,0.6120689578014058,501.6938781738281,tri_raw,147,2.45,2.45,2,0.4500000000000002,1401,155,1691,720,3440,720,1.0,1.0140845070422535
0.47044458985328674,0.14557838439941406,0.3094485183692496,0.6120689578014058,499.1385192871094,tri_raw,148,2.466666666666667,2.466666666666667,2,0.4666666666666668,1400,155,1690,720,3440,720,1.0,1.0140845070422535
0.47096022963523865,0.1457534283399582,0.30948138733079683,0.6137338725455729,502.1629638671875,tri_raw,149,2.4833333333333334,2.4833333333333334,2,0.4833333333333334,1399,155,1689,720,3440,720,1.0,1.0140845070422535
0.4705098867416382,0.1458500772714615,0.309983016896134,0.6206896218058228,506.2012939453125,tri_raw,150,2.5,2.5,2,0.5,1398,155,1688,720,3440,720,1.0,1.0140845070422535
0.47132182121276855,0.14543183147907257,0.3085616278474917,0.606837548039544,501.8489074707031,tri_raw,151,2.5166666666666666,2.5166666666666666,2,0.5166666666666666,1397,155,1687,720,3440,720,1.0,1.0140845070422535
0.47121334075927734,0.14521701633930206,0.30817678681070987,0.6137338725455729,501.95245361328125,tri_raw,152,2.533333333333333,2.533333333333333,2,0.5333333333333332,1396,155,1686,720,3440,720,1.0,1.0140845070422535
0.4717041552066803,0.14478981494903564,0.3069504694443286,0.5999999934893614,495.0309143066406,tri_raw,153,2.55,2.55,2,0.5499999999999998,1395,155,1685,720,3440,720,1.0,1.0140845070422535
0.47178658843040466,0.14520736038684845,0.30778186762816373,0.5999999934893614,495.4285888671875,tri_raw,154,2.566666666666667,2.566666666666667,2,0.5666666666666669,1394,155,1684,720,3440,720,1.0,1.0140845070422535
0.47185349464416504,0.1452709287405014,0.3078729463926592,0.5982906178633084,495.5938720703125,tri_raw,155,2.5833333333333335,2.5833333333333335,2,0.5833333333333335,1393,155,1683,720,3440,720,1.0,1.0140845070422535
0.4717910885810852,0.14520631730556488,0.30777672097306163,0.5982906178633084,491.5712585449219,tri_raw,156,2.6,2.6,2,0.6000000000000001,1392,155,1682,720,3440,720,1.0,1.0140845070422535
0.47218483686447144,0.1451311856508255,0.3073609553855117,0.606837548039544,488.1473083496094,tri_raw,157,2.6166666666666667,2.6166666666666667,2,0.6166666666666667,1391,155,1681,720,3440,720,1.0,1.0140845070422535
0.4720878601074219,0.1452634036540985,0.30770416452565147,0.5999999934893614,491.46697998046875,tri_raw,158,2.6333333333333333,2.6333333333333333,2,0.6333333333333333,1391,155,1681,720,3440,720,1.0,1.0140845070422535
0.47223183512687683,0.14482738077640533,0.3066870272958696,0.5932203069210824,490.9455871582031,tri_raw,159,2.65,2.65,2,0.6499999999999999,1390,155,1680,720,3440,720,1.0,1.0140845070422535
0.47235241532325745,0.1454009860754013,0.30782309623136833,0.5932203069210824,494.0931396484375,tri_raw,160,2.6666666666666665,2.6666666666666665,2,0.6666666666666665,1389,155,1679,720,3440,720,1.0,1.0140845070422535
0.47219112515449524,0.14514879882335663,0.30739416311969875,0.5914893559718962,493.0729675292969,tri_raw,161,2.683333333333333,2.683333333333333,2,0.6833333333333331,1388,155,1678,720,3440,720,1.0,1.0140845070422535
0.4728347063064575,0.14525090157985687,0.30719170266194173,0.5798319013377693,492.8950500488281,tri_raw,162,2.7,2.7,2,0.7000000000000002,1387,155,1677,720,3440,720,1.0,1.0140845070422535
0.4723469913005829,0.14521564543247223,0.30743424861940166,0.5798319013377693,493.94476318359375,tri_raw,163,2.716666666666667,2.716666666666667,2,0.7166666666666668,1386,155,1676,720,3440,720,1.0,1.0140845070422535
0.4728228449821472,0.14531980454921722,0.30734513574794137,0.5798319013377693,494.47900390625,tri_raw,164,2.7333333333333334,2.7333333333333334,2,0.7333333333333334,1385,155,1675,720,3440,720,1.0,1.0140845070422535
0.4728128910064697,0.14580696821212769,0.30838195806787544,0.5798319013377693,498.2192077636719,tri_raw,165,2.75,2.75,2,0.75,1384,155,1674,720,3440,720,1.0,1.0140845070422535
0.47276005148887634,0.1459723263978958,0.3087661972506331,0.5815899534172287,500.56494140625,tri_raw,166,2.7666666666666666,2.7666666666666666,2,0.7666666666666666,1383,155,1673,720,3440,720,1.0,1.0140845070422535
0.4727957546710968,0.14598733186721802,0.30877461850525456,0.5815899534172287,502.9657287597656,tri_raw,167,2.783333333333333,2.783333333333333,2,0.7833333333333332,1382,155,1672,720,3440,720,1.0,1.0140845070422535
0.4730047881603241,0.14597856998443604,0.30861963885397387,0.5815899534172287,501.4272155761719,tri_raw,168,2.8,2.8,2,0.7999999999999998,1381,155,1671,720,3440,720,1.0,1.0140845070422535
0.47302764654159546,0.14592696726322174,0.3084956349701082,0.5815899534172287,497.7314758300781,tri_raw,169,2.816666666666667,2.816666666666667,2,0.8166666666666669,1380,155,1670,720,3440,720,1.0,1.0140845070422535
0.47330546379089355,0.14593863487243652,0.30833920787679764,0.5815899534172287,496.8810119628906,tri_raw,170,2.8333333333333335,2.8333333333333335,2,0.8333333333333335,1379,155,1669,720,3440,720,1.0,1.0140845070422535
0.4728684425354004,0.14546489715576172,0.30762233423654284,0.5815899534172287,495.3298645019531,tri_raw,171,2.85,2.85,2,0.8500000000000001,1378,155,1668,720,3440,720,1.0,1.0140845070422535
0.47345757484436035,0.14627906680107117,0.3089591792032595,0.5815899534172287,500.09857177734375,tri_raw,172,2.8666666666666667,2.8666666666666667,2,0.8666666666666667,1377,155,1667,720,3440,720,1.0,1.0140845070422535
0.47334811091423035,0.14589935541152954,0.3082284453347734,0.5815899534172287,499.6332702636719,tri_raw,173,2.8833333333333333,2.8833333333333333,2,0.8833333333333333,1377,155,1667,720,3440,720,1.0,1.0140845070422535
0.4736233651638031,0.14628611505031586,0.30886591059768254,0.5815899534172287,503.7358703613281,tri_raw,174,2.9,2.9,2,0.8999999999999999,1376,155,1666,720,3440,720,1.0,1.0140845070422535
0.47374722361564636,0.14633242785930634,0.30888291788533506,0.5798319013377693,501.0212707519531,tri_raw,175,2.9166666666666665,2.9166666666666665,2,0.9166666666666665,1375,155,1665,720,3440,720,1.0,1.0140845070422535
0.47402191162109375,0.14631997048854828,0.3086776450931908,0.5798319013377693,501.378662109375,tri_raw,176,2.933333333333333,2.933333333333333,2,0.9333333333333331,1374,155,1664,720,3440,720,1.0,1.0140845070422535
0.47384780645370483,0.1464518904685974,0.3090694636194569,0.5798319013377693,503.34197998046875,tri_raw,177,2.95,2.95,2,0.9500000000000002,1373,155,1663,720,3440,720,1.0,1.0140845070422535
0.47393280267715454,0.146505206823349,0.3091265320832493,0.5798319013377693,501.0782470703125,tri_raw,178,2.966666666666667,2.966666666666667,2,0.9666666666666668,1372,155,1662,720,3440,720,1.0,1.0140845070422535
0.4739430248737335,0.1464444100856781,0.3089915861400799,0.5798319013377693,499.4622802734375,tri_raw,179,2.9833333333333334,2.9833333333333334,2,0.9833333333333334,1371,155,1661,720,3440,720,1.0,1.0140845070422535
0.47431641817092896,0.14645439386367798,0.3087693893050239,0.5798319013377693,499.3039855957031,tri_raw,180,3.0,3.0,3,0.0,1370,155,1661,720,3440,720,1.0,1.0140845070422535
0.47417590022087097,0.1463128626346588,0.30856241213626046,0.5798319013377693,497.22698974609375,tri_raw,181,3.0166666666666666,3.0166666666666666,3,0.016666666666666607,1369,155,1660,720,3440,720,1.0,1.0140845070422535
0.4746141731739044,0.14636334776878357,0.30838384725463264,0.5798319013377693,496.8779602050781,tri_raw,182,3.033333333333333,3.033333333333333,3,0.033333333333333215,1368,155,1659,720,3440,720,1.0,1.0140845070422535
0.4744265675544739,0.14639289677143097,0.3085680771217377,0.5798319013377693,497.2428894042969,tri_raw,183,3.05,3.05,3,0.04999999999999982,1367,155,1658,720,3440,720,1.0,1.0140845070422535
0.4744897186756134,0.14634837210178375,0.30843317201042164,0.5798319013377693,497.1045227050781,tri_raw,184,3.066666666666667,3.066666666666667,3,0.06666666666666687,1366,155,1657,720,3440,720,1.0,1.0140845070422535
0.4748364984989166,0.1463349312543869,0.3081796126354947,0.5815899534172287,496.6783752441406,tri_raw,185,3.0833333333333335,3.0833333333333335,3,0.08333333333333348,1365,155,1656,720,3440,720,1.0,1.0140845070422535
0.4747367203235626,0.14623168110847473,0.30802689526215665,0.5815899534172287,496.34747314453125,tri_raw,186,3.1,3.1,3,0.10000000000000009,1364,155,1656,720,3440,720,1.0,1.0140845070422535
0.4746837317943573,0.14590108394622803,0.3073648223019093,0.5815899534172287,495.5302734375,tri_raw,187,3.1166666666666667,3.1166666666666667,3,0.1166666666666667,1364,155,1655,720,3440,720,1.0,1.0140845070422535
0.47470012307167053,0.14619985222816467,0.30798359225673805,0.5815899534172287,497.3670349121094,tri_raw,188,3.1333333333333333,3.1333333333333333,3,0.1333333333333333,1363,155,1654,720,3440,720,1.0,1.0140845070422535
0.4745798110961914,0.14601774513721466,0.30767794719956854,0.5815899534172287,492.1592712402344,tri_raw,189,3.15,3.15,3,0.1499999999999999,1362,155,1653,720,3440,720,1.0,1.0140845070422535
0.47516024112701416,0.1459544152021408,0.3071688232674286,0.5815899534172287,491.8130798339844,tri_raw,190,3.1666666666666665,3.1666666666666665,3,0.16666666666666652,1361,155,1652,720,3440,720,1.0,1.0140845070422535
0.47485896944999695,0.14594218134880066,0.3073379417144801,0.5815899534172287,494.03277587890625,tri_raw,191,3.183333333333333,3.183333333333333,3,0.18333333333333313,1360,155,1651,720,3440,720,1.0,1.0140845070422535
0.47493642568588257,0.1459190994501114,0.30723921873751664,0.5833333284547905,491.98883056640625,tri_raw,192,3.2,3.2,3,0.20000000000000018,1359,155,1650,720,3440,720,1.0,1.0140845070422535
0.4749652147293091,0.14576087892055511,0.3068874758223126,0.5833333284547905,492.2686767578125,tri_raw,193,3.216666666666667,3.216666666666667,3,0.21666666666666679,1358,155,1649,720,3440,720,1.0,1.0140845070422535
0.47502851486206055,0.14567621052265167,0.3066683428431026,0.5833333284547905,492.34063720703125,tri_raw,194,3.2333333333333334,3.2333333333333334,3,0.2333333333333334,1357,155,1648,720,3440,720,1.0,1.0140845070422535
0.4750309884548187,0.1456272155046463,0.30656360527700854,0.5867768543592778,492.0740661621094,tri_raw,195,3.25,3.25,3,0.25,1356,155,1647,720,3440,720,1.0,1.0140845070422535
0.4753457307815552,0.14540046453475952,0.30588359600255305,0.5884773609806627,486.4490051269531,tri_raw,196,3.2666666666666666,3.2666666666666666,3,0.2666666666666666,1355,155,1646,720,3440,720,1.0,1.0140845070422535
0.47504833340644836,0.14544039964675903,0.30615915551634953,0.5884773609806627,488.2686767578125,tri_raw,197,3.283333333333333,3.283333333333333,3,0.2833333333333332,1354,155,1645,720,3440,720,1.0,1.0140845070422535
0.47497648000717163,0.14545731246471405,0.30624107829530217,0.5999999936250001,484.77264404296875,tri_raw,198,3.3,3.3,3,0.2999999999999998,1354,155,1644,720,3440,720,1.0,1.0140845070422535
0.47522711753845215,0.1452859789133072,0.30571903516082766,0.5966386493379563,480.404541015625,tri_raw,199,3.316666666666667,3.316666666666667,3,0.3166666666666669,1353,155,1644,720,3440,720,1.0,1.0140845070422535
0.47524094581604004,0.14520403742790222,0.3055377186054413,0.5966386493379563,479.0639343261719,tri_raw,200,3.3333333333333335,3.3333333333333335,3,0.3333333333333335,1352,155,1643,720,3440,720,1.0,1.0140845070422535
0.4754917025566101,0.14495956897735596,0.3048624511202131,0.5999999936250001,473.44384765625,tri_raw,201,3.35,3.35,3,0.3500000000000001,1351,155,1642,720,3440,720,1.0,1.0140845070422535
0.4753120541572571,0.14516133069992065,0.30540215922626784,0.5999999936250001,476.7780456542969,tri_raw,202,3.3666666666666667,3.3666666666666667,3,0.3666666666666667,1350,155,1641,720,3440,720,1.0,1.0140845070422535
0.47526121139526367,0.14513090252876282,0.3053708066117619,0.6016597445403904,473.5306701660156,tri_raw,203,3.3833333333333333,3.3833333333333333,3,0.3833333333333333,1349,155,1640,720,3440,720,1.0,1.0140845070422535
0.4756567180156708,0.14508938789367676,0.305029613475575,0.5999999936250001,467.63836669921875,tri_raw,204,3.4,3.4,3,0.3999999999999999,1348,155,1639,720,3440,720,1.0,1.0140845070422535
0.47527754306793213,0.14523467421531677,0.30557865246911453,0.5966386493379563,470.9881286621094,tri_raw,205,3.4166666666666665,3.4166666666666665,3,0.4166666666666665,1347,155,1638,720,3440,720,1.0,1.0140845070422535
0.47515666484832764,0.14526596665382385,0.30572224772006723,0.6016949344050437,469.6171569824219,tri_raw,206,3.433333333333333,3.433333333333333,3,0.4333333333333331,1346,155,1637,720,3440,720,1.0,1.0140845070422535
0.4750533998012543,0.1453847736120224,0.30603879608578394,0.5999999934893614,464.1849365234375,tri_raw,207,3.45,3.45,3,0.4500000000000002,1345,155,1636,720,3440,720,1.0,1.0140845070422535
0.4754160940647125,0.14507828652858734,0.30516064829987255,0.6016949344050437,463.9499206542969,tri_raw,208,3.466666666666667,3.466666666666667,3,0.4666666666666668,1344,155,1635,720,3440,720,1.0,1.0140845070422535
0.4753042161464691,0.1453915238380432,0.30589150241058355,0.6016949344050437,467.5338439941406,tri_raw,209,3.4833333333333334,3.4833333333333334,3,0.4833333333333334,1343,155,1634,720,3440,720,1.0,1.0140845070422535
0.47588977217674255,0.1452232152223587,0.30516144843056053,0.606837548039544,464.70050048828125,tri_raw,210,3.5,3.5,3,0.5,1342,155,1634,720,3440,720,1.0,1.0140845070422535
0.476502925157547,0.1452825516462326,0.3048932985023431,0.606837548039544,462.01910400390625,tri_raw,211,3.5166666666666666,3.5166666666666666,3,0.5166666666666666,1342,155,1633,720,3440,720,1.0,1.0140845070422535
0.4759369492530823,0.14521817862987518,0.3051206169358547,0.61538460742939,465.1526794433594,tri_raw,212,3.533333333333333,3.533333333333333,3,0.5333333333333332,1341,155,1632,720,3440,720,1.0,1.0140845070422535
0.47637465596199036,0.14475513994693756,0.30386825809600776,0.6085106049982653,462.956787109375,tri_raw,213,3.55,3.55,3,0.5499999999999998,1340,155,1631,720,3440,720,1.0,1.0140845070422535
0.476330041885376,0.14520657062530518,0.3048444456749239,0.6101694581887391,464.9090270996094,tri_raw,214,3.566666666666667,3.566666666666667,3,0.5666666666666669,1339,155,1630,720,3440,720,1.0,1.0140845070422535
0.47630059719085693,0.1452435404062271,0.30494090961346815,0.6085106049982653,462.6017761230469,tri_raw,215,3.5833333333333335,3.5833333333333335,3,0.5833333333333335,1338,155,1629,720,3440,720,1.0,1.0140845070422535
0.47617071866989136,0.14514760673046112,0.30482261506478636,0.6085106049982653,458.322021484375,tri_raw,216,3.6,3.6,3,0.6000000000000001,1337,155,1628,720,3440,720,1.0,1.0140845070422535
0.4764696955680847,0.1450706422328949,0.30446981316457516,0.6085106049982653,454.7683410644531,tri_raw,217,3.6166666666666667,3.6166666666666667,3,0.6166666666666667,1336,155,1627,720,3440,720,1.0,1.0140845070422535
0.4763076603412628,0.14523202180862427,0.30491220455166945,0.606837548039544,456.6872863769531,tri_raw,218,3.6333333333333333,3.6333333333333333,3,0.6333333333333333,1335,155,1626,720,3440,720,1.0,1.0140845070422535
0.4763154685497284,0.14467176795005798,0.3037309818075835,0.6085106049982653,456.18731689453125,tri_raw,219,3.65,3.65,3,0.6499999999999999,1334,155,1625,720,3440,720,1.0,1.0140845070422535
0.4763954281806946,0.14532366394996643,0.30504839530987665,0.6085106049982653,460.66400146484375,tri_raw,220,3.6666666666666665,3.6666666666666665,3,0.6666666666666665,1333,155,1624,720,3440,720,1.0,1.0140845070422535
0.47616326808929443,0.14505833387374878,0.3046399009512576,0.6034482426849872,458.3775939941406,tri_raw,221,3.683333333333333,3.683333333333333,3,0.6833333333333331,1332,155,1623,720,3440,720,1.0,1.0140845070422535
0.4763486385345459,0.1454155445098877,0.30527124398746314,0.6034482426849872,457.013427734375,tri_raw,222,3.7,3.7,3,0.7000000000000002,1332,155,1622,720,3440,720,1.0,1.0140845070422535
0.4764878451824188,0.14476610720157623,0.3038190913515601,0.6051501813724247,457.7479553222656,tri_raw,223,3.716666666666667,3.716666666666667,3,0.7166666666666668,1331,155,1622,720,3440,720,1.0,1.0140845070422535
0.4762584865093231,0.1451399177312851,0.30475029588987895,0.6051501813724247,459.25592041015625,tri_raw,224,3.7333333333333334,3.7333333333333334,3,0.7333333333333334,1330,155,1621,720,3440,720,1.0,1.0140845070422535
0.47650831937789917,0.14556929469108582,0.3054916057419865,0.606837548039544,464.7575378417969,tri_raw,225,3.75,3.75,3,0.75,1329,155,1620,720,3440,720,1.0,1.0140845070422535
0.4764285385608673,0.14568884670734406,0.30579369592234085,0.606837548039544,465.5416259765625,tri_raw,226,3.7666666666666666,3.7666666666666666,3,0.7666666666666666,1328,155,1619,720,3440,720,1.0,1.0140845070422535
0.4763537645339966,0.14577288925647736,0.3060181257072705,0.6034482426849872,466.1730041503906,tri_raw,227,3.783333333333333,3.783333333333333,3,0.7833333333333332,1327,155,1618,720,3440,720,1.0,1.0140845070422535
0.4764976501464844,0.14574624598026276,0.30586980413599013,0.6051501813724247,466.4924621582031,tri_raw,228,3.8,3.8,3,0.7999999999999998,1326,155,1617,720,3440,720,1.0,1.0140845070422535
0.47641459107398987,0.14562198519706726,0.3056623052038897,0.6034482426849872,467.468505859375,tri_raw,229,3.816666666666667,3.816666666666667,3,0.8166666666666669,1325,155,1616,720,3440,720,1.0,1.0140845070422535
0.476540207862854,0.14562401175498962,0.3055859847634088,0.5982906178633084,464.9293212890625,tri_raw,230,3.8333333333333335,3.8333333333333335,3,0.8333333333333335,1324,155,1615,720,3440,720,1.0,1.0140845070422535
0.4760496914386749,0.1451924443244934,0.3049942976241887,0.5982906178633084,461.07781982421875,tri_raw,231,3.85,3.85,3,0.8500000000000001,1323,155,1614,720,3440,720,1.0,1.0140845070422535
0.4766300320625305,0.14589063823223114,0.30608779421648646,0.5965665433931978,465.2331848144531,tri_raw,232,3.8666666666666667,3.8666666666666667,3,0.8666666666666667,1322,155,1613,720,3440,720,1.0,1.0140845070422535
0.4764699935913086,0.145512655377388,0.3053973057707978,0.5897435841496377,465.7205810546875,tri_raw,233,3.8833333333333333,3.8833333333333333,3,0.8833333333333333,1321,155,1612,720,3440,720,1.0,1.0140845070422535
0.47683417797088623,0.1459343582391739,0.3060484376344343,0.5897435841496377,471.75762939453125,tri_raw,234,3.9,3.9,3,0.8999999999999999,1320,155,1612,720,3440,720,1.0,1.0140845070422535
0.4768505096435547,0.14601445198059082,0.30620591981264167,0.5897435841496377,472.56640625,tri_raw,235,3.9166666666666665,3.9166666666666665,3,0.9166666666666665,1320,155,1611,720,3440,720,1.0,1.0140845070422535
0.4769443869590759,0.1460884064435959,0.30630070795470726,0.5897435841496377,470.6969909667969,tri_raw,236,3.933333333333333,3.933333333333333,3,0.9333333333333331,1319,155,1610,720,3440,720,1.0,1.0140845070422535
0.47677356004714966,0.14615124464035034,0.30654225364442284,0.5897435841496377,471.2418212890625,tri_raw,237,3.95,3.95,3,0.9500000000000002,1318,155,1609,720,3440,720,1.0,1.0140845070422535
0.4768061637878418,0.14619985222816467,0.3066232365800224,0.5897435841496377,469.5000305175781,tri_raw,238,3.966666666666667,3.966666666666667,3,0.9666666666666668,1317,155,1608,720,3440,720,1.0,1.0140845070422535
0.47672638297080994,0.14617544412612915,0.30662335100687305,0.5897435841496377,470.3131408691406,tri_raw,239,3.9833333333333334,3.9833333333333334,3,0.9833333333333334,1316,155,1607,720,3440,720,1.0,1.0140845070422535
0.47685301303863525,0.14623819291591644,0.3066735154242024,0.5897435841496377,472.556640625,tri_raw,240,4.0,4.0,4,0.0,1315,155,1606,720,3440,720,1.0,1.0140845070422535
0.47668367624282837,0.1461193859577179,0.30653322145218737,0.5897435841496377,471.51654052734375,tri_raw,241,4.016666666666667,4.016666666666667,4,0.016666666666666607,1314,155,1605,720,3440,720,1.0,1.0140845070422535
0.47702792286872864,0.14610742032527924,0.3062869284123996,0.5897435841496377,474.4830322265625,tri_raw,242,4.033333333333333,4.033333333333333,4,0.033333333333333215,1313,155,1604,720,3440,720,1.0,1.0140845070422535
0.47683092951774597,0.14609983563423157,0.306397558392484,0.5897435841496377,478.317138671875,tri_raw,243,4.05,4.05,4,0.04999999999999982,1312,155,1603,720,3440,720,1.0,1.0140845070422535
0.4768517315387726,0.1460810899734497,0.3063448809100594,0.578059067269218,476.8013000488281,tri_raw,244,4.066666666666666,4.066666666666666,4,0.06666666666666643,1311,155,1602,720,3440,720,1.0,1.0140845070422535
0.4770531952381134,0.1460176408290863,0.3060825065753493,0.578059067269218,479.4013671875,tri_raw,245,4.083333333333333,4.083333333333333,4,0.08333333333333304,1310,155,1601,720,3440,720,1.0,1.0140845070422535
0.47673583030700684,0.1460617333650589,0.30637875531027525,0.578059067269218,481.48443603515625,tri_raw,246,4.1,4.1,4,0.09999999999999964,1310,155,1600,720,3440,720,1.0,1.0140845070422535
0.47688689827919006,0.14547188580036163,0.30504482986393106,0.578059067269218,480.2943420410156,tri_raw,247,4.116666666666666,4.116666666666666,4,0.11666666666666625,1309,155,1600,720,3440,720,1.0,1.0140845070422535
0.4769088923931122,0.1459011435508728,0.3059308451126535,0.578059067269218,483.7066345214844,tri_raw,248,4.133333333333334,4.133333333333334,4,0.13333333333333375,1308,155,1599,720,3440,720,1.0,1.0140845070422535
0.4766177535057068,0.1457754522562027,0.30585400591024603,0.5762711821242872,485.9077453613281,tri_raw,249,4.15,4.15,4,0.15000000000000036,1307,155,1598,720,3440,720,1.0,1.0140845070422535
0.4769659638404846,0.1457657665014267,0.3056104093290652,0.5762711821242872,474.368896484375,tri_raw,250,4.166666666666667,4.166666666666667,4,0.16666666666666696,1306,155,1597,720,3440,720,1.0,1.0140845070422535
0.4770260751247406,0.14556370675563812,0.3051483164019715,0.571428542498224,477.0882873535156,tri_raw,251,4.183333333333334,4.183333333333334,4,0.18333333333333357,1305,155,1596,720,3440,720,1.0,1.0140845070422535
0.47687944769859314,0.14564211666584015,0.3054065641005065,0.571428542498224,480.6519470214844,tri_raw,252,4.2,4.2,4,0.20000000000000018,1304,155,1595,720,3440,720,1.0,1.0140845070422535
0.47680288553237915,0.14552859961986542,0.3052175248587238,0.5696202243055526,483.5474548339844,tri_raw,253,4.216666666666667,4.216666666666667,4,0.21666666666666679,1303,155,1594,720,3440,720,1.0,1.0140845070422535
0.4767836034297943,0.1454840451478958,0.3051364204850512,0.5762711821242872,485.70648193359375,tri_raw,254,4.233333333333333,4.233333333333333,4,0.2333333333333334,1302,155,1593,720,3440,720,1.0,1.0140845070422535
0.4767274856567383,0.145414799451828,0.305027087333205,0.5762711821242872,490.2109069824219,tri_raw,255,4.25,4.25,4,0.25,1301,155,1592,720,3440,720,1.0,1.0140845070422535
0.47695669531822205,0.1451645940542221,0.3043559141439669,0.5762711821242872,488.4723205566406,tri_raw,256,4.266666666666667,4.266666666666667,4,0.2666666666666666,1300,155,1591,720,3440,720,1.0,1.0140845070422535
0.47657978534698486,0.14525528252124786,0.3047869085920678,0.578059067269218,492.2117919921875,tri_raw,257,4.283333333333333,4.283333333333333,4,0.2833333333333332,1299,155,1590,720,3440,720,1.0,1.0140845070422535
0.4768266975879669,0.14510385692119598,0.3043115132019459,0.578059067269218,491.9484558105469,tri_raw,258,4.3,4.3,4,0.2999999999999998,1298,155,1590,720,3440,720,1.0,1.0140845070422535
0.4767078161239624,0.14503492414951324,0.30424280072926385,0.5914893559718962,489.7046203613281,tri_raw,259,4.316666666666666,4.316666666666666,4,0.31666666666666643,1298,155,1589,720,3440,720,1.0,1.0140845070422535
0.476628839969635,0.1450331211090088,0.3042894300633471,0.5897435841496377,488.0400390625,tri_raw,260,4.333333333333333,4.333333333333333,4,0.33333333333333304,1297,155,1588,720,3440,720,1.0,1.0140845070422535
0.47672128677368164,0.14471451938152313,0.3035621029748642,0.5897435841496377,485.84686279296875,tri_raw,261,4.35,4.35,4,0.34999999999999964,1296,155,1587,720,3440,720,1.0,1.0140845070422535
0.47655001282691956,0.14484544098377228,0.3039459323169089,0.5897435841496377,488.9935302734375,tri_raw,262,4.366666666666666,4.366666666666666,4,0.36666666666666625,1295,155,1586,720,3440,720,1.0,1.0140845070422535
0.47635793685913086,0.14483003318309784,0.3040361436983167,0.5982906178633084,488.093994140625,tri_raw,263,4.383333333333334,4.383333333333334,4,0.38333333333333375,1294,155,1585,720,3440,720,1.0,1.0140845070422535
0.47670695185661316,0.14474420249462128,0.3036334983044748,0.5982906178633084,487.6174011230469,tri_raw,264,4.4,4.4,4,0.40000000000000036,1293,155,1584,720,3440,720,1.0,1.0140845070422535
0.4762853682041168,0.14483076333999634,0.304084000827604,0.5982906178633084,489.4591369628906,tri_raw,265,4.416666666666667,4.416666666666667,4,0.41666666666666696,1292,155,1583,720,3440,720,1.0,1.0140845070422535
0.47609829902648926,0.14483244717121124,0.3042070186457079,0.6051501813724247,491.33160400390625,tri_raw,266,4.433333333333334,4.433333333333334,4,0.43333333333333357,1291,155,1582,720,3440,720,1.0,1.0140845070422535
0.47595956921577454,0.14485140144824982,0.3043355103534579,0.606837548039544,487.1946716308594,tri_raw,267,4.45,4.45,4,0.4500000000000002,1290,155,1581,720,3440,720,1.0,1.0140845070422535
0.4762476086616516,0.14454621076583862,0.3035106215796765,0.606837548039544,487.7667236328125,tri_raw,268,4.466666666666667,4.466666666666667,4,0.4666666666666668,1289,155,1580,720,3440,720,1.0,1.0140845070422535
0.4760094881057739,0.14486485719680786,0.30433186264829004,0.6120689578014058,492.1549377441406,tri_raw,269,4.483333333333333,4.483333333333333,4,0.4833333333333334,1288,155,1579,720,3440,720,1.0,1.0140845070422535
0.4755059480667114,0.14470230042934418,0.30431227616509293,0.6034482426849872,493.5990295410156,tri_raw,270,4.5,4.5,4,0.5,1288,155,1578,720,3440,720,1.0,1.0140845070422535
0.47705045342445374,0.14500342309474945,0.3039582480517019,0.6157204903515452,483.3192138671875,tri_raw,271,4.516666666666667,4.516666666666667,4,0.5166666666666666,1287,155,1578,720,3440,720,1.0,1.0140845070422535
0.476636677980423,0.14467665553092957,0.30353654928231605,0.6157204903515452,480.07269287109375,tri_raw,272,4.533333333333333,4.533333333333333,4,0.5333333333333332,1286,155,1577,720,3440,720,1.0,1.0140845070422535
0.4769981801509857,0.14426860213279724,0.302451047219134,0.6120689578014058,480.793701171875,tri_raw,273,4.55,4.55,4,0.5499999999999998,1285,155,1576,720,3440,720,1.0,1.0140845070422535
0.47684842348098755,0.14462848007678986,0.30330073440947214,0.6190476106473736,485.8958740234375,tri_raw,274,4.566666666666666,4.566666666666666,4,0.5666666666666664,1284,155,1575,720,3440,720,1.0,1.0140845070422535
0.47665348649024963,0.14465416967868805,0.30347867107620613,0.6173912960662399,486.3155822753906,tri_raw,275,4.583333333333333,4.583333333333333,4,0.583333333333333,1283,155,1574,720,3440,720,1.0,1.0140845070422535
0.4764132499694824,0.14450202882289886,0.3033123570745181,0.6173912960662399,486.05413818359375,tri_raw,276,4.6,4.6,4,0.5999999999999996,1282,155,1573,720,3440,720,1.0,1.0140845070422535
0.4766985774040222,0.14437922835350037,0.30287320367310605,0.6173912960662399,485.17962646484375,tri_raw,277,4.616666666666666,4.616666666666666,4,0.6166666666666663,1281,155,1572,720,3440,720,1.0,1.0140845070422535
0.476444810628891,0.14435884356498718,0.3029917365340196,0.6173912960662399,488.85552978515625,tri_raw,278,4.633333333333334,4.633333333333334,4,0.6333333333333337,1280,155,1571,720,3440,720,1.0,1.0140845070422535
0.47625648975372314,0.14362624287605286,0.301573297058042,0.6173912960662399,490.33233642578125,tri_raw,279,4.65,4.65,4,0.6500000000000004,1279,155,1570,720,3440,720,1.0,1.0140845070422535
0.47636616230010986,0.14424583315849304,0.302804526320602,0.6173912960662399,493.09857177734375,tri_raw,280,4.666666666666667,4.666666666666667,4,0.666666666666667,1278,155,1569,720,3440,720,1.0,1.0140845070422535
0.47614169120788574,0.14406271278858185,0.3025626875846428,0.6103896027970327,493.23504638671875,tri_raw,281,4.683333333333334,4.683333333333334,4,0.6833333333333336,1277,155,1568,720,3440,720,1.0,1.0140845070422535
0.4768197238445282,0.1439574956893921,0.30191178231799204,0.6034482426849872,492.37322998046875,tri_raw,282,4.7,4.7,4,0.7000000000000002,1276,155,1568,720,3440,720,1.0,1.0140845070422535
0.47591856122016907,0.14358046650886536,0.30169124550183246,0.6034482426849872,494.8290100097656,tri_raw,283,4.716666666666667,4.716666666666667,4,0.7166666666666668,1276,155,1567,720,3440,720,1.0,1.0140845070422535
0.4761861264705658,0.14367905259132385,0.30172876022022743,0.6034482426849872,498.26641845703125,tri_raw,284,4.733333333333333,4.733333333333333,4,0.7333333333333334,1275,155,1566,720,3440,720,1.0,1.0140845070422535
0.47601956129074097,0.14407585561275482,0.302667924392455,0.6103896027970327,501.24127197265625,tri_raw,285,4.75,4.75,4,0.75,1274,155,1565,720,3440,720,1.0,1.0140845070422535
0.4757970869541168,0.1441408395767212,0.30294602573126106,0.6034482426849872,506.3207702636719,tri_raw,286,4.766666666666667,4.766666666666667,4,0.7666666666666666,1273,155,1564,720,3440,720,1.0,1.0140845070422535
0.4756103456020355,0.1441621482372284,0.30310977576328324,0.6034482426849872,511.2186584472656,tri_raw,287,4.783333333333333,4.783333333333333,4,0.7833333333333332,1272,155,1563,720,3440,720,1.0,1.0140845070422535
0.4756307005882263,0.14408878982067108,0.30294256996667074,0.6034482426849872,515.2062377929688,tri_raw,288,4.8,4.8,4,0.7999999999999998,1271,155,1562,720,3440,720,1.0,1.0140845070422535
0.4753856062889099,0.1438661515712738,0.3026304259989239,0.6034482426849872,515.2073364257812,tri_raw,289,4.816666666666666,4.816666666666666,4,0.8166666666666664,1270,155,1561,720,3440,720,1.0,1.0140845070422535
0.47542694211006165,0.14372402429580688,0.3023051672984132,0.5948275796689205,516.70556640625,tri_raw,290,4.833333333333333,4.833333333333333,4,0.833333333333333,1269,155,1560,720,3440,720,1.0,1.0140845070422535
0.4749242067337036,0.14349216222763062,0.3021369666396452,0.5948275796689205,520.7264404296875,tri_raw,291,4.85,4.85,4,0.8499999999999996,1268,155,1559,720,3440,720,1.0,1.0140845070422535
0.4752661883831024,0.1439703106880188,0.3029256260550793,0.5965665433931978,526.443603515625,tri_raw,292,4.866666666666666,4.866666666666666,4,0.8666666666666663,1267,155,1558,720,3440,720,1.0,1.0140845070422535
0.4749043583869934,0.1434171050786972,0.3019915474052419,0.5965665433931978,526.696533203125,tri_raw,293,4.883333333333334,4.883333333333334,4,0.8833333333333337,1266,155,1557,720,3440,720,1.0,1.0140845070422535
0.4749689996242523,0.1439484804868698,0.30306920571670004,0.5965665433931978,531.283447265625,tri_raw,294,4.9,4.9,4,0.9000000000000004,1266,155,1556,720,3440,720,1.0,1.0140845070422535
0.47525957226753235,0.14390915632247925,0.3028011673870263,0.5965665433931978,533.6627197265625,tri_raw,295,4.916666666666667,4.916666666666667,4,0.916666666666667,1265,155,1556,720,3440,720,1.0,1.0140845070422535
0.47520604729652405,0.14391553401947021,0.30284869439210094,0.5897435841496377,538.4461059570312,tri_raw,296,4.933333333333334,4.933333333333334,4,0.9333333333333336,1264,155,1555,720,3440,720,1.0,1.0140845070422535
0.47497808933258057,0.14387761056423187,0.3029141991312919,0.5897435841496377,540.8981323242188,tri_raw,297,4.95,4.95,4,0.9500000000000002,1263,155,1554,720,3440,720,1.0,1.0140845070422535
0.47490012645721436,0.14386607706546783,0.3029396414553974,0.5897435841496377,542.37548828125,tri_raw,298,4.966666666666667,4.966666666666667,4,0.9666666666666668,1262,155,1553,720,3440,720,1.0,1.0140845070422535
0.4747052490711212,0.14374417066574097,0.3028072007186357,0.5897435841496377,543.7965087890625,tri_raw,299,4.983333333333333,4.983333333333333,4,0.9833333333333334,1261,155,1552,720,3440,720,1.0,1.0140845070422535
0.47469422221183777,0.1437971442937851,0.30292583001011475,0.5897435841496377,548.422607421875,tri_raw,300,5.0,5.0,5,0.0,1260,155,1551,720,3440,720,1.0,1.0140845070422535
0.47442731261253357,0.14363057911396027,0.3027451672113409,0.5879828002859766,548.3739624023438,tri_raw,301,5.016666666666667,5.016666666666667,5,0.016666666666666607,1259,155,1550,720,3440,720,1.0,1.0140845070422535
0.4746805429458618,0.1435185968875885,0.30234774944310194,0.5879828002859766,552.5183715820312,tri_raw,302,5.033333333333333,5.033333333333333,5,0.033333333333333215,1258,155,1549,720,3440,720,1.0,1.0140845070422535
0.4743896424770355,0.14348718523979187,0.3024669372330752,0.5879828002859766,559.5263061523438,tri_raw,303,5.05,5.05,5,0.04999999999999982,1257,155,1548,720,3440,720,1.0,1.0140845070422535
0.47429928183555603,0.14337050914764404,0.30227856464384506,0.5879828002859766,559.6901245117188,tri_raw,304,5.066666666666666,5.066666666666666,5,0.06666666666666643,1256,155,1547,720,3440,720,1.0,1.0140845070422535
0.4743941128253937,0.14330939948558807,0.30208932318146525,0.5879828002859766,560.8541870117188,tri_raw,305,5.083333333333333,5.083333333333333,5,0.08333333333333304,1255,155,1546,720,3440,720,1.0,1.0140845070422535
0.47446760535240173,0.14321991801261902,0.3018539377155281,0.5879828002859766,562.89208984375,tri_raw,306,5.1,5.1,5,0.09999999999999964,1254,155,1546,720,3440,720,1.0,1.0140845070422535
0.4742603600025177,0.1426306664943695,0.30074337961995923,0.5744680534146742,563.2616577148438,tri_raw,307,5.116666666666666,5.116666666666666,5,0.11666666666666625,1254,155,1545,720,3440,720,1.0,1.0140845070422535
0.4741714596748352,0.1431003212928772,0.30179023927991444,0.5744680534146742,567.519775390625,tri_raw,308,5.133333333333334,5.133333333333334,5,0.13333333333333375,1253,155,1544,720,3440,720,1.0,1.0140845070422535
0.47388696670532227,0.1428624838590622,0.3014695294061617,0.5744680534146742,565.6572265625,tri_raw,309,5.15,5.15,5,0.15000000000000036,1252,155,1543,720,3440,720,1.0,1.0140845070422535
0.47426438331604004,0.14280807971954346,0.30111490917763056,0.5879828002859766,568.2730102539062,tri_raw,310,5.166666666666667,5.166666666666667,5,0.16666666666666696,1251,155,1542,720,3440,720,1.0,1.0140845070422535
0.4737929403781891,0.1426866054534912,0.30115814374105077,0.5879828002859766,573.6624755859375,tri_raw,311,5.183333333333334,5.183333333333334,5,0.18333333333333357,1250,155,1541,720,3440,720,1.0,1.0140845070422535
0.47370216250419617,0.14265939593315125,0.3011584160127269,0.5744680534146742,573.7864990234375,tri_raw,312,5.2,5.2,5,0.20000000000000018,1249,155,1540,720,3440,720,1.0,1.0140845070422535
0.47367823123931885,0.14245940744876862,0.3007514279651979,0.5744680534146742,573.7083129882812,tri_raw,313,5.216666666666667,5.216666666666667,5,0.21666666666666679,1248,155,1539,720,3440,720,1.0,1.0140845070422535
0.47357454895973206,0.1423724740743637,0.3006337046210914,0.5744680534146742,578.8276977539062,tri_raw,314,5.233333333333333,5.233333333333333,5,0.2333333333333334,1247,155,1538,720,3440,720,1.0,1.0140845070422535
0.47352108359336853,0.14228788018226624,0.300489000611353,0.5708154747731838,578.6162109375,tri_raw,315,5.25,5.25,5,0.25,1246,155,1537,720,3440,720,1.0,1.0140845070422535
0.4737836718559265,0.1419953554868698,0.2997050361266967,0.5708154747731838,571.6570434570312,tri_raw,316,5.266666666666667,5.266666666666667,5,0.2666666666666666,1245,155,1536,720,3440,720,1.0,1.0140845070422535
0.47334304451942444,0.14199793338775635,0.29998947281887123,0.5708154747731838,574.94873046875,tri_raw,317,5.283333333333333,5.283333333333333,5,0.2833333333333332,1244,155,1535,720,3440,720,1.0,1.0140845070422535
0.47315600514411926,0.14195244014263153,0.30001191065782823,0.5844156065903546,572.7368774414062,tri_raw,318,5.3,5.3,5,0.2999999999999998,1244,155,1534,720,3440,720,1.0,1.0140845070422535
0.4733879864215851,0.1417870670557022,0.2995155519943326,0.5844156065903546,572.6228637695312,tri_raw,319,5.316666666666666,5.316666666666666,5,0.31666666666666643,1243,155,1534,720,3440,720,1.0,1.0140845070422535
0.4732491075992584,0.14172548055648804,0.299473311805516,0.5844156065903546,572.9963989257812,tri_raw,320,5.333333333333333,5.333333333333333,5,0.33333333333333304,1242,155,1533,720,3440,720,1.0,1.0140845070422535
0.47331660985946655,0.14132316410541534,0.2985806079393027,0.5844156065903546,565.3241577148438,tri_raw,321,5.35,5.35,5,0.34999999999999964,1241,155,1532,720,3440,720,1.0,1.0140845070422535
0.47308412194252014,0.14146563410758972,0.29902849103545465,0.5913043952863225,570.1844482421875,tri_raw,322,5.366666666666666,5.366666666666666,5,0.36666666666666625,1240,155,1531,720,3440,720,1.0,1.0140845070422535
0.4729559123516083,0.14143499732017517,0.2990447748638795,0.5913043952863225,572.208984375,tri_raw,323,5.383333333333334,5.383333333333334,5,0.38333333333333375,1239,155,1530,720,3440,720,1.0,1.0140845070422535
0.472851037979126,0.14136773347854614,0.29896884882189545,0.5913043952863225,570.9479370117188,tri_raw,324,5.4,5.4,5,0.40000000000000036,1238,155,1529,720,3440,720,1.0,1.0140845070422535
0.472723126411438,0.14129620790481567,0.2988984397451567,0.5913043952863225,574.2745971679688,tri_raw,325,5.416666666666667,5.416666666666667,5,0.41666666666666696,1237,155,1528,720,3440,720,1.0,1.0140845070422535
0.4726461172103882,0.14117451012134552,0.29868965806315545,0.5913043952863225,573.4259033203125,tri_raw,326,5.433333333333334,5.433333333333334,5,0.43333333333333357,1236,155,1527,720,3440,720,1.0,1.0140845070422535
0.47247400879859924,0.14116321504116058,0.2987745556890272,0.5913043952863225,572.1619262695312,tri_raw,327,5.45,5.45,5,0.4500000000000002,1235,155,1526,720,3440,720,1.0,1.0140845070422535
0.47265005111694336,0.14081552624702454,0.2979276590259107,0.5913043952863225,569.9954833984375,tri_raw,328,5.466666666666667,5.466666666666667,5,0.4666666666666668,1234,155,1525,720,3440,720,1.0,1.0140845070422535
0.47242096066474915,0.14114245772361755,0.2987641668933839,0.5913043952863225,577.2937622070312,tri_raw,329,5.483333333333333,5.483333333333333,5,0.4833333333333334,1233,155,1524,720,3440,720,1.0,1.0140845070422535
0.473430871963501,0.14107923209667206,0.2979933026581661,0.5948275796689205,571.5240478515625,tri_raw,330,5.5,5.5,5,0.5,1232,155,1524,720,3440,720,1.0,1.0140845070422535
0.47378817200660706,0.14102137088775635,0.2976464509741397,0.5948275796689205,567.4325561523438,tri_raw,331,5.516666666666667,5.516666666666667,5,0.5166666666666666,1232,155,1523,720,3440,720,1.0,1.0140845070422535
0.47313082218170166,0.14085888862609863,0.2977165702276681,0.6017315423942735,569.7273559570312,tri_raw,332,5.533333333333333,5.533333333333333,5,0.5333333333333332,1231,155,1522,720,3440,720,1.0,1.0140845070422535
0.47344914078712463,0.1404089480638504,0.29656605747505504,0.5879828002859766,565.5447387695312,tri_raw,333,5.55,5.55,5,0.5499999999999998,1230,155,1521,720,3440,720,1.0,1.0140845070422535
0.4732282757759094,0.14079497754573822,0.29752020700725756,0.5879828002859766,570.083740234375,tri_raw,334,5.566666666666666,5.566666666666666,5,0.5666666666666664,1229,155,1520,720,3440,720,1.0,1.0140845070422535
0.47305768728256226,0.1408277302980423,0.2976967315129098,0.5948275796689205,569.8364868164062,tri_raw,335,5.583333333333333,5.583333333333333,5,0.583333333333333,1228,155,1519,720,3440,720,1.0,1.0140845070422535
0.472839891910553,0.14064711332321167,0.29745187061183737,0.5948275796689205,567.6712036132812,tri_raw,336,5.6,5.6,5,0.5999999999999996,1227,155,1518,720,3440,720,1.0,1.0140845070422535
0.47310230135917664,0.14053352177143097,0.29704678754938213,0.5948275796689205,564.5584716796875,tri_raw,337,5.616666666666666,5.616666666666666,5,0.6166666666666663,1226,155,1517,720,3440,720,1.0,1.0140845070422535
0.472927451133728,0.14044754207134247,0.29697480821827055,0.5948275796689205,568.3603515625,tri_raw,338,5.633333333333334,5.633333333333334,5,0.6333333333333337,1225,155,1516,720,3440,720,1.0,1.0140845070422535
0.4728051424026489,0.1396462321281433,0.2953568323409856,0.5913043952863225,564.4196166992188,tri_raw,339,5.65,5.65,5,0.6500000000000004,1224,155,1515,720,3440,720,1.0,1.0140845070422535
0.472913920879364,0.14028580486774445,0.29664130343314005,0.5913043952863225,570.6058349609375,tri_raw,340,5.666666666666667,5.666666666666667,5,0.666666666666667,1223,155,1514,720,3440,720,1.0,1.0140845070422535
0.47281432151794434,0.14014661312103271,0.2964094017012973,0.5913043952863225,567.8095703125,tri_raw,341,5.683333333333334,5.683333333333334,5,0.6833333333333336,1222,155,1513,720,3440,720,1.0,1.0140845070422535
0.472962349653244,0.14003168046474457,0.2960736253248776,0.5913043952863225,568.6353149414062,tri_raw,342,5.7,5.7,5,0.7000000000000002,1222,155,1512,720,3440,720,1.0,1.0140845070422535
0.47253772616386414,0.13950100541114807,0.29521664564535993,0.5913043952863225,566.7839965820312,tri_raw,343,5.716666666666667,5.716666666666667,5,0.7166666666666668,1221,155,1512,720,3440,720,1.0,1.0140845070422535
0.47287794947624207,0.13966073095798492,0.29534201829299184,0.5913043952863225,567.8438720703125,tri_raw,344,5.733333333333333,5.733333333333333,5,0.7333333333333334,1220,155,1511,720,3440,720,1.0,1.0140845070422535
0.472709059715271,0.14005887508392334,0.29628979864567784,0.5913043952863225,574.2582397460938,tri_raw,345,5.75,5.75,5,0.75,1219,155,1510,720,3440,720,1.0,1.0140845070422535
0.47256091237068176,0.1400676965713501,0.29640135258894623,0.5913043952863225,576.267578125,tri_raw,346,5.766666666666667,5.766666666666667,5,0.7666666666666666,1218,155,1509,720,3440,720,1.0,1.0140845070422535
0.4724251925945282,0.14010819792747498,0.29657223441512,0.5844156065903546,576.4130249023438,tri_raw,347,5.783333333333333,5.783333333333333,5,0.7833333333333332,1217,155,1508,720,3440,720,1.0,1.0140845070422535
0.4724448621273041,0.1400214284658432,0.29637622657509405,0.5913043952863225,578.35595703125,tri_raw,348,5.8,5.8,5,0.7999999999999998,1216,155,1507,720,3440,720,1.0,1.0140845070422535
0.4722381830215454,0.13978712260723114,0.296009777847116,0.5844156065903546,577.7750854492188,tri_raw,349,5.816666666666666,5.816666666666666,5,0.8166666666666664,1215,155,1506,720,3440,720,1.0,1.0140845070422535
0.47232964634895325,0.13962940871715546,0.2956185512391337,0.5844156065903546,574.9458618164062,tri_raw,350,5.833333333333333,5.833333333333333,5,0.833333333333333,1214,155,1505,720,3440,720,1.0,1.0140845070422535
0.47191378474235535,0.13960787653923035,0.29583342994974376,0.5844156065903546,575.401611328125,tri_raw,351,5.85,5.85,5,0.8499999999999996,1213,155,1504,720,3440,720,1.0,1.0140845070422535
0.472206711769104,0.13994473218917847,0.29636327849142213,0.5844156065903546,579.0713500976562,tri_raw,352,5.866666666666666,5.866666666666666,5,0.8666666666666663,1212,155,1503,720,3440,720,1.0,1.0140845070422535
0.471918523311615,0.13948804140090942,0.29557652763088954,0.5844156065903546,578.5693359375,tri_raw,353,5.883333333333334,5.883333333333334,5,0.8833333333333337,1211,155,1502,720,3440,720,1.0,1.0140845070422535
0.4723771810531616,0.13986022770404816,0.29607743632208566,0.5844156065903546,580.0646362304688,tri_raw,354,5.9,5.9,5,0.9000000000000004,1210,155,1502,720,3440,720,1.0,1.0140845070422535
0.4722711145877838,0.13983851671218872,0.29609796032786273,0.5844156065903546,582.2445678710938,tri_raw,355,5.916666666666667,5.916666666666667,5,0.916666666666667,1210,155,1501,720,3440,720,1.0,1.0140845070422535
0.47214460372924805,0.13987953960895538,0.2962641858902355,0.5844156065903546,582.6473999023438,tri_raw,356,5.933333333333334,5.933333333333334,5,0.9333333333333336,1209,155,1500,720,3440,720,1.0,1.0140845070422535
0.4720166027545929,0.13978905975818634,0.2961528386520251,0.5844156065903546,583.6410522460938,tri_raw,357,5.95,5.95,5,0.9500000000000002,1208,155,1499,720,3440,720,1.0,1.0140845070422535
0.47194722294807434,0.13975343108177185,0.29612088243167667,0.5844156065903546,581.602294921875,tri_raw,358,5.966666666666667,5.966666666666667,5,0.9666666666666668,1207,155,1498,720,3440,720,1.0,1.0140845070422535
0.4716634452342987,0.13962583243846893,0.29602851543609593,0.5844156065903546,580.5637817382812,tri_raw,359,5.983333333333333,5.983333333333333,5,0.9833333333333334,1206,155,1497,720,3440,720,1.0,1.0140845070422535
0.47175002098083496,0.13969509303569794,0.2961210044761462,0.5913043952863225,580.8539428710938,tri_raw,360,6.0,6.0,6,0.0,1205,155,1496,720,3440,720,1.0,1.0140845070422535
0.47147029638290405,0.1394793838262558,0.2958391693770377,0.5826086630467705,577.8724365234375,tri_raw,361,6.016666666666667,6.016666666666667,6,0.016666666666666607,1204,155,1495,720,3440,720,1.0,1.0140845070422535
0.4717257022857666,0.13945123553276062,0.29561932262933865,0.5826086630467705,578.7216796875,tri_raw,362,6.033333333333333,6.033333333333333,6,0.033333333333333215,1203,155,1494,720,3440,720,1.0,1.0140845070422535
0.47146525979042053,0.13937537372112274,0.29562171946001237,0.5826086630467705,579.2389526367188,tri_raw,363,6.05,6.05,6,0.04999999999999982,1202,155,1493,720,3440,720,1.0,1.0140845070422535
0.4714178740978241,0.1391938030719757,0.29526627598856975,0.5826086630467705,575.6930541992188,tri_raw,364,6.066666666666666,6.066666666666666,6,0.06666666666666643,1201,155,1492,720,3440,720,1.0,1.0140845070422535
0.47147154808044434,0.13923534750938416,0.29532077836522913,0.5844156065903546,576.74853515625,tri_raw,365,6.083333333333333,6.083333333333333,6,0.08333333333333304,1200,155,1491,720,3440,720,1.0,1.0140845070422535
0.4711799621582031,0.13915279507637024,0.29532833163301003,0.5913043952863225,580.095947265625,tri_raw,366,6.1,6.1,6,0.09999999999999964,1200,155,1490,720,3440,720,1.0,1.0140845070422535
0.4713290333747864,0.13856211304664612,0.29398169918518213,0.5844156065903546,573.7334594726562,tri_raw,367,6.116666666666666,6.116666666666666,6,0.11666666666666625,1199,155,1490,720,3440,720,1.0,1.0140845070422535
0.4712245762348175,0.1389981359243393,0.2949721639844035,0.5844156065903546,577.0499877929688,tri_raw,368,6.133333333333334,6.133333333333334,6,0.13333333333333375,1198,155,1489,720,3440,720,1.0,1.0140845070422535
0.4709680378437042,0.13882505893707275,0.29476534463998993,0.5844156065903546,571.2105712890625,tri_raw,369,6.15,6.15,6,0.15000000000000036,1197,155,1488,720,3440,720,1.0,1.0140845070422535
0.47131410241127014,0.1386866569519043,0.29425526055728607,0.5844156065903546,568.7352905273438,tri_raw,370,6.166666666666667,6.166666666666667,6,0.16666666666666696,1196,155,1487,720,3440,720,1.0,1.0140845070422535
0.4708905518054962,0.138693168759346,0.2945337622133823,0.5844156065903546,572.9187622070312,tri_raw,371,6.183333333333334,6.183333333333334,6,0.18333333333333357,1195,155,1486,720,3440,720,1.0,1.0140845070422535
0.47073987126350403,0.1386023312807083,0.29443507295087984,0.5844156065903546,573.1387939453125,tri_raw,372,6.2,6.2,6,0.20000000000000018,1194,155,1485,720,3440,720,1.0,1.0140845070422535
0.4707483649253845,0.1384028047323227,0.29400591081012245,0.5844156065903546,569.7225952148438,tri_raw,373,6.216666666666667,6.216666666666667,6,0.21666666666666679,1193,155,1484,720,3440,720,1.0,1.0140845070422535
0.4707002341747284,0.13832932710647583,0.2938798711460338,0.5913043952863225,567.4010009765625,tri_raw,374,6.233333333333333,6.233333333333333,6,0.2333333333333334,1192,155,1483,720,3440,720,1.0,1.0140845070422535
0.47064676880836487,0.13827620446681976,0.29380038426465516,0.5913043952863225,565.0657958984375,tri_raw,375,6.25,6.25,6,0.25,1191,155,1482,720,3440,720,1.0,1.0140845070422535
0.4708499610424042,0.13798776268959045,0.2930609985684027,0.5913043952863225,560.138427734375,tri_raw,376,6.266666666666667,6.266666666666667,6,0.2666666666666666,1190,155,1481,720,3440,720,1.0,1.0140845070422535
0.4703787863254547,0.13802458345890045,0.2934328344243675,0.5895196440905014,561.2499389648438,tri_raw,377,6.283333333333333,6.283333333333333,6,0.2833333333333332,1189,155,1480,720,3440,720,1.0,1.0140845070422535
0.4705609679222107,0.13796620070934296,0.2931951589325165,0.5895196440905014,556.270751953125,tri_raw,378,6.3,6.3,6,0.2999999999999998,1188,155,1480,720,3440,720,1.0,1.0140845070422535
0.47042572498321533,0.1378590315580368,0.2930516366477178,0.5895196440905014,550.957763671875,tri_raw,379,6.316666666666666,6.316666666666666,6,0.31666666666666643,1188,155,1479,720,3440,720,1.0,1.0140845070422535
0.47034209966659546,0.13779474794864655,0.2929670661347399,0.5895196440905014,544.9022216796875,tri_raw,380,6.333333333333333,6.333333333333333,6,0.33333333333333304,1187,155,1478,720,3440,720,1.0,1.0140845070422535
0.4704943895339966,0.13737857341766357,0.2919876911472928,0.5895196440905014,539.7964477539062,tri_raw,381,6.35,6.35,6,0.34999999999999964,1186,155,1477,720,3440,720,1.0,1.0140845070422535
0.4702898859977722,0.13758209347724915,0.2925474152179125,0.5895196440905014,543.283447265625,tri_raw,382,6.366666666666666,6.366666666666666,6,0.36666666666666625,1185,155,1476,720,3440,720,1.0,1.0140845070422535
0.4701707065105438,0.13756664097309113,0.29258870478805354,0.5964911681853722,538.7490234375,tri_raw,383,6.383333333333334,6.383333333333334,6,0.38333333333333375,1184,155,1475,720,3440,720,1.0,1.0140845070422535
0.4700997769832611,0.1375085860490799,0.2925093562188238,0.5964911681853722,540.7632446289062,tri_raw,384,6.4,6.4,6,0.40000000000000036,1183,155,1474,720,3440,720,1.0,1.0140845070422535
0.46996286511421204,0.13747473061084747,0.29252253292866565,0.5895196440905014,531.90966796875,tri_raw,385,6.416666666666667,6.416666666666667,6,0.41666666666666696,1182,155,1473,720,3440,720,1.0,1.0140845070422535
0.4699232280254364,0.13742338120937347,0.2924379347291076,0.5895196440905014,529.24365234375,tri_raw,386,6.433333333333334,6.433333333333334,6,0.43333333333333357,1181,155,1472,720,3440,720,1.0,1.0140845070422535
0.4697805941104889,0.13741835951805115,0.29251603475253607,0.5895196440905014,526.3810424804688,tri_raw,387,6.45,6.45,6,0.4500000000000002,1180,155,1471,720,3440,720,1.0,1.0140845070422535
0.4696570932865143,0.13723373413085938,0.2921998478688822,0.5895196440905014,521.388671875,tri_raw,388,6.466666666666667,6.466666666666667,6,0.4666666666666668,1179,155,1470,720,3440,720,1.0,1.0140845070422535
0.4701082110404968,0.137271910905838,0.29200066019269405,0.5895196440905014,517.3765869140625,tri_raw,389,6.483333333333333,6.483333333333333,6,0.4833333333333334,1178,155,1469,720,3440,720,1.0,1.0140845070422535
0.4694277346134186,0.13710659742355347,0.29207178100745407,0.5895196440905014,521.8593139648438,tri_raw,390,6.5,6.5,6,0.5,1178,155,1468,720,3440,720,1.0,1.0140845070422535
0.4708782732486725,0.13736099004745483,0.29171230641552864,0.5947136234551936,510.0372009277344,tri_raw,391,6.516666666666667,6.516666666666667,6,0.5166666666666666,1177,155,1468,720,3440,720,1.0,1.0140845070422535
0.470609575510025,0.13705827295780182,0.29123561690581456,0.5877193191563426,506.68603515625,tri_raw,392,6.533333333333333,6.533333333333333,6,0.5333333333333332,1176,155,1467,720,3440,720,1.0,1.0140845070422535
0.4709153473377228,0.1367027908563614,0.2902916388821936,0.5895196440905014,500.82110595703125,tri_raw,393,6.55,6.55,6,0.5499999999999998,1175,155,1466,720,3440,720,1.0,1.0140845070422535
0.47071412205696106,0.1370561122894287,0.2911663427025462,0.5947136234551936,502.0290222167969,tri_raw,394,6.566666666666666,6.566666666666666,6,0.5666666666666664,1174,155,1465,720,3440,720,1.0,1.0140845070422535
0.47055280208587646,0.13709689676761627,0.29135283701714637,0.5964911681853722,501.2232360839844,tri_raw,395,6.583333333333333,6.583333333333333,6,0.583333333333333,1173,155,1464,720,3440,720,1.0,1.0140845070422535
0.47029730677604675,0.1369515359401703,0.2912020355102003,0.5964911681853722,499.0516357421875,tri_raw,396,6.6,6.6,6,0.5999999999999996,1172,155,1463,720,3440,720,1.0,1.0140845070422535
0.4705795347690582,0.13694973289966583,0.2910235568502565,0.5964911681853722,491.8753662109375,tri_raw,397,6.616666666666666,6.616666666666666,6,0.6166666666666663,1171,155,1462,720,3440,720,1.0,1.0140845070422535
0.47040021419525146,0.1368952989578247,0.29101877915135277,0.5964911681853722,495.1589050292969,tri_raw,398,6.633333333333334,6.633333333333334,6,0.6333333333333337,1170,155,1461,720,3440,720,1.0,1.0140845070422535
0.4702925980091095,0.13619740307331085,0.2896014114486629,0.5895196440905014,486.51702880859375,tri_raw,399,6.65,6.65,6,0.6500000000000004,1169,155,1460,720,3440,720,1.0,1.0140845070422535
0.47039055824279785,0.13682477176189423,0.2908748197758728,0.5895196440905014,493.3818359375,tri_raw,400,6.666666666666667,6.666666666666667,6,0.666666666666667,1168,155,1459,720,3440,720,1.0,1.0140845070422535
0.4703121781349182,0.13672606647014618,0.29071342380547377,0.5895196440905014,487.29730224609375,tri_raw,401,6.683333333333334,6.683333333333334,6,0.6833333333333336,1167,155,1458,720,3440,720,1.0,1.0140845070422535
0.47058430314064026,0.13635680079460144,0.28976061672045034,0.5895196440905014,482.7470397949219,tri_raw,402,6.7,6.7,6,0.7000000000000002,1166,155,1458,720,3440,720,1.0,1.0140845070422535
0.47000887989997864,0.1361478567123413,0.28967081184637716,0.5895196440905014,485.7738342285156,tri_raw,403,6.716666666666667,6.716666666666667,6,0.7166666666666668,1166,155,1457,720,3440,720,1.0,1.0140845070422535
0.4703230857849121,0.13659484684467316,0.29042768273310704,0.5895196440905014,485.1633605957031,tri_raw,404,6.733333333333333,6.733333333333333,6,0.7333333333333334,1165,155,1456,720,3440,720,1.0,1.0140845070422535
0.47019997239112854,0.13680358231067657,0.2909476551125828,0.5895196440905014,487.30877685546875,tri_raw,405,6.75,6.75,6,0.75,1164,155,1455,720,3440,720,1.0,1.0140845070422535
0.4700567126274109,0.13684003055095673,0.2911138676755456,0.5895196440905014,489.6342468261719,tri_raw,406,6.766666666666667,6.766666666666667,6,0.7666666666666666,1163,155,1454,720,3440,720,1.0,1.0140845070422535
0.46998462080955505,0.1369083970785141,0.29130398762761134,0.5964911681853722,488.0025939941406,tri_raw,407,6.783333333333333,6.783333333333333,6,0.7833333333333332,1162,155,1453,720,3440,720,1.0,1.0140845070422535
0.47003936767578125,0.13687115907669067,0.2911908354433662,0.5964911681853722,489.70416259765625,tri_raw,408,6.8,6.8,6,0.7999999999999998,1161,155,1452,720,3440,720,1.0,1.0140845070422535
0.46991074085235596,0.13663075864315033,0.29075895453619693,0.5947136234551936,484.79266357421875,tri_raw,409,6.816666666666666,6.816666666666666,6,0.8166666666666664,1160,155,1451,720,3440,720,1.0,1.0140845070422535
0.4696393609046936,0.13668635487556458,0.29104534956738765,0.5877193191563426,486.42987060546875,tri_raw,410,6.833333333333333,6.833333333333333,6,0.833333333333333,1159,155,1450,720,3440,720,1.0,1.0140845070422535
0.469550222158432,0.13664358854293823,0.2910095218456478,0.5877193191563426,482.05926513671875,tri_raw,411,6.85,6.85,6,0.8499999999999996,1158,155,1449,720,3440,720,1.0,1.0140845070422535
0.47001346945762634,0.1370019018650055,0.2914850485205218,0.5877193191563426,490.8223571777344,tri_raw,412,6.866666666666666,6.866666666666666,6,0.8666666666666663,1157,155,1448,720,3440,720,1.0,1.0140845070422535
0.4694344401359558,0.1369113177061081,0.2916516196594783,0.5877193191563426,489.29974365234375,tri_raw,413,6.883333333333334,6.883333333333334,6,0.8833333333333337,1156,155,1447,720,3440,720,1.0,1.0140845070422535
0.46957260370254517,0.13704794645309448,0.29185677029263185,0.5877193191563426,488.4614562988281,tri_raw,414,6.9,6.9,6,0.9000000000000004,1156,155,1446,720,3440,720,1.0,1.0140845070422535
0.4697706699371338,0.13669845461845398,0.29098975405776156,0.5877193191563426,490.2876281738281,tri_raw,415,6.916666666666667,6.916666666666667,6,0.916666666666667,1155,155,1446,720,3440,720,1.0,1.0140845070422535
0.4696623682975769,0.13708694279193878,0.2918840195138663,0.5877193191563426,492.0765686035156,tri_raw,416,6.933333333333334,6.933333333333334,6,0.9333333333333336,1154,155,1445,720,3440,720,1.0,1.0140845070422535
0.46961766481399536,0.13704337179660797,0.29181902459460807,0.5877193191563426,487.5364074707031,tri_raw,417,6.95,6.95,6,0.9500000000000002,1153,155,1444,720,3440,720,1.0,1.0140845070422535
0.46970921754837036,0.13701538741588593,0.2917025669924191,0.5877193191563426,486.6994934082031,tri_raw,418,6.966666666666667,6.966666666666667,6,0.9666666666666668,1152,155,1443,720,3440,720,1.0,1.0140845070422535
0.4692310094833374,0.13692671060562134,0.2918108669720708,0.5877193191563426,487.592529296875,tri_raw,419,6.983333333333333,6.983333333333333,6,0.9833333333333334,1151,155,1442,720,3440,720,1.0,1.0140845070422535
0.46942269802093506,0.13697458803653717,0.2917936982938381,0.5877193191563426,491.59722900390625,tri_raw,420,7.0,7.0,7,0.0,1150,155,1441,720,3440,720,1.0,1.0140845070422535
0.46926170587539673,0.13683761656284332,0.29160191836143284,0.5877193191563426,489.4816589355469,tri_raw,421,7.016666666666667,7.016666666666667,7,0.016666666666666607,1149,155,1440,720,3440,720,1.0,1.0140845070422535
0.46931836009025574,0.13690580427646637,0.29171200831141064,0.5877193191563426,491.326904296875,tri_raw,422,7.033333333333333,7.033333333333333,7,0.033333333333333215,1148,155,1439,720,3440,720,1.0,1.0140845070422535
0.4693097472190857,0.1367921084165573,0.2914751000003166,0.5877193191563426,489.0045166015625,tri_raw,423,7.05,7.05,7,0.04999999999999982,1147,155,1438,720,3440,720,1.0,1.0140845070422535
0.4694468379020691,0.13664016127586365,0.2910663089687377,0.5877193191563426,491.4272155761719,tri_raw,424,7.066666666666666,7.066666666666666,7,0.06666666666666643,1146,155,1437,720,3440,720,1.0,1.0140845070422535
0.46898046135902405,0.1364874392747879,0.29103011236112025,0.5877193191563426,491.8020324707031,tri_raw,425,7.083333333333333,7.083333333333333,7,0.08333333333333304,1145,155,1436,720,3440,720,1.0,1.0140845070422535
0.46932297945022583,0.1365833431482315,0.29102205990000174,0.5877193191563426,488.1094970703125,tri_raw,426,7.1,7.1,7,0.09999999999999964,1144,155,1436,720,3440,720,1.0,1.0140845070422535
0.4691157042980194,0.13605645298957825,0.29002748968486786,0.5877193191563426,488.5318298339844,tri_raw,427,7.116666666666666,7.116666666666666,7,0.11666666666666625,1144,155,1435,720,3440,720,1.0,1.0140845070422535
0.4689173102378845,0.13630729913711548,0.2906851448096777,0.5877193191563426,490.5764465332031,tri_raw,428,7.133333333333334,7.133333333333334,7,0.13333333333333375,1143,155,1434,720,3440,720,1.0,1.0140845070422535
0.46919912099838257,0.13641120493412018,0.2907320067789947,0.5895196440905014,485.4801940917969,tri_raw,429,7.15,7.15,7,0.15000000000000036,1142,155,1433,720,3440,720,1.0,1.0140845070422535
0.4692658483982086,0.13623210787773132,0.2903090123426959,0.5895196440905014,484.31256103515625,tri_raw,430,7.166666666666667,7.166666666666667,7,0.16666666666666696,1141,155,1432,720,3440,720,1.0,1.0140845070422535
0.46897831559181213,0.13634389638900757,0.2907253682074812,0.5964911681853722,483.4114685058594,tri_raw,431,7.183333333333334,7.183333333333334,7,0.18333333333333357,1140,155,1431,720,3440,720,1.0,1.0140845070422535
0.46879076957702637,0.13632701337337494,0.29080566280842396,0.5964911681853722,486.5633850097656,tri_raw,432,7.2,7.2,7,0.20000000000000018,1139,155,1430,720,3440,720,1.0,1.0140845070422535
0.4687400758266449,0.13621608912944794,0.29060046974481507,0.5877193191563426,487.0821228027344,tri_raw,433,7.216666666666667,7.216666666666667,7,0.21666666666666679,1138,155,1429,720,3440,720,1.0,1.0140845070422535
0.4687303900718689,0.1361522674560547,0.29047031606053053,0.5877193191563426,494.9607238769531,tri_raw,434,7.233333333333333,7.233333333333333,7,0.2333333333333334,1137,155,1428,720,3440,720,1.0,1.0140845070422535
0.4687013030052185,0.13613073527812958,0.29044240223114953,0.5947136234551936,486.1025085449219,tri_raw,435,7.25,7.25,7,0.25,1136,155,1427,720,3440,720,1.0,1.0140845070422535
0.46851611137390137,0.13576830923557281,0.28978364466400575,0.5947136234551936,481.3117980957031,tri_raw,436,7.266666666666667,7.266666666666667,7,0.2666666666666666,1135,155,1426,720,3440,720,1.0,1.0140845070422535
0.46843552589416504,0.13586929440498352,0.2900490761138174,0.5947136234551936,484.0188903808594,tri_raw,437,7.283333333333333,7.283333333333333,7,0.2833333333333332,1134,155,1425,720,3440,720,1.0,1.0140845070422535
0.46828359365463257,0.13587765395641327,0.29016103253665365,0.5947136234551936,477.33404541015625,tri_raw,438,7.3,7.3,7,0.2999999999999998,1134,155,1424,720,3440,720,1.0,1.0140845070422535
0.46890613436698914,0.13567917048931122,0.28935251141243734,0.5947136234551936,470.8996276855469,tri_raw,439,7.316666666666666,7.316666666666666,7,0.31666666666666643,1133,155,1424,720,3440,720,1.0,1.0140845070422535
0.46866852045059204,0.13576212525367737,0.2896762134277537,0.6017699045657534,473.60797119140625,tri_raw,440,7.333333333333333,7.333333333333333,7,0.33333333333333304,1132,155,1423,720,3440,720,1.0,1.0140845070422535
0.46859708428382874,0.13518816232681274,0.2884955198739014,0.6017699045657534,468.04840087890625,tri_raw,441,7.35,7.35,7,0.34999999999999964,1131,155,1422,720,3440,720,1.0,1.0140845070422535
0.4686565697193146,0.13564904034137726,0.28944230426172507,0.6017699045657534,472.0589599609375,tri_raw,442,7.366666666666666,7.366666666666666,7,0.36666666666666625,1130,155,1421,720,3440,720,1.0,1.0140845070422535
0.46835455298423767,0.13535046577453613,0.2889914532103989,0.5999999932000002,464.2175598144531,tri_raw,443,7.383333333333334,7.383333333333334,7,0.38333333333333375,1129,155,1420,720,3440,720,1.0,1.0140845070422535
0.4688738286495209,0.13532967865467072,0.28862706233398633,0.5999999932000002,460.7672119140625,tri_raw,444,7.4,7.4,7,0.40000000000000036,1128,155,1419,720,3440,720,1.0,1.0140845070422535
0.4685378968715668,0.135569766163826,0.289346420376159,0.5999999932000002,464.8627014160156,tri_raw,445,7.416666666666667,7.416666666666667,7,0.41666666666666696,1127,155,1418,720,3440,720,1.0,1.0140845070422535
0.4684540033340454,0.1355757713317871,0.2894110573776015,0.5999999932000002,465.81622314453125,tri_raw,446,7.433333333333334,7.433333333333334,7,0.43333333333333357,1126,155,1417,720,3440,720,1.0,1.0140845070422535
0.4681546688079834,0.13578280806541443,0.2900383446153843,0.5999999932000002,461.6818542480469,tri_raw,447,7.45,7.45,7,0.4500000000000002,1125,155,1416,720,3440,720,1.0,1.0140845070422535
0.4684244692325592,0.13557277619838715,0.28942291064826947,0.5999999932000002,457.3123474121094,tri_raw,448,7.466666666666667,7.466666666666667,7,0.4666666666666668,1124,155,1415,720,3440,720,1.0,1.0140845070422535
0.46847131848335266,0.1355902999639511,0.28943137331993496,0.5999999932000002,460.7071533203125,tri_raw,449,7.483333333333333,7.483333333333333,7,0.4833333333333334,1123,155,1414,720,3440,720,1.0,1.0140845070422535
0.4700237810611725,0.13639864325523376,0.2901951897951519,0.6017699045657534,473.93707275390625,tri_raw,450,7.5,7.5,7,0.5,1122,155,1414,720,3440,720,1.0,1.0140845070422535
0.46906790137290955,0.13678357005119324,0.29160717826730664,0.6017699045657534,481.8737487792969,tri_raw,451,7.516666666666667,7.516666666666667,7,0.5166666666666666,1122,155,1413,720,3440,720,1.0,1.0140845070422535
0.46889933943748474,0.13637769222259521,0.29084640954652796,0.6017699045657534,483.6671142578125,tri_raw,452,7.533333333333333,7.533333333333333,7,0.5333333333333332,1121,155,1412,720,3440,720,1.0,1.0140845070422535
0.46902716159820557,0.1368839144706726,0.29184644890453143,0.6017699045657534,485.6748046875,tri_raw,453,7.55,7.55,7,0.5499999999999998,1120,155,1411,720,3440,720,1.0,1.0140845070422535
0.4691649079322815,0.1368531435728073,0.2916951765616893,0.6017699045657534,481.6294860839844,tri_raw,454,7.566666666666666,7.566666666666666,7,0.5666666666666664,1119,155,1410,720,3440,720,1.0,1.0140845070422535
0.4689086675643921,0.13660848140716553,0.29133280731066447,0.6017699045657534,480.95947265625,tri_raw,455,7.583333333333333,7.583333333333333,7,0.583333333333333,1118,155,1409,720,3440,720,1.0,1.0140845070422535
0.46871417760849,0.13661952316761017,0.2914772515521259,0.6017699045657534,481.059326171875,tri_raw,456,7.6,7.6,7,0.5999999999999996,1117,155,1408,720,3440,720,1.0,1.0140845070422535
0.4689246714115143,0.13721342384815216,0.2926129275923904,0.5947136234551936,485.1159362792969,tri_raw,457,7.616666666666666,7.616666666666666,7,0.6166666666666663,1116,155,1407,720,3440,720,1.0,1.0140845070422535
0.4681183695793152,0.1371319741010666,0.29294293939986554,0.6017699045657534,482.8846130371094,tri_raw,458,7.633333333333334,7.633333333333334,7,0.6333333333333337,1115,155,1406,720,3440,720,1.0,1.0140845070422535
0.46883514523506165,0.13750699162483215,0.2932949675155861,0.5947136234551936,488.1006774902344,tri_raw,459,7.65,7.65,7,0.6500000000000004,1114,155,1405,720,3440,720,1.0,1.0140845070422535
0.46866828203201294,0.13767415285110474,0.29375606413266964,0.6017699045657534,488.4298400878906,tri_raw,460,7.666666666666667,7.666666666666667,7,0.666666666666667,1113,155,1404,720,3440,720,1.0,1.0140845070422535
0.4689866006374359,0.13771827518939972,0.2936507611639833,0.6088888812375713,489.0132751464844,tri_raw,461,7.683333333333334,7.683333333333334,7,0.6833333333333336,1112,155,1403,720,3440,720,1.0,1.0140845070422535
0.46808260679244995,0.13754959404468536,0.29385751384498754,0.6088888812375713,495.7120666503906,tri_raw,462,7.7,7.7,7,0.7000000000000002,1112,155,1402,720,3440,720,1.0,1.0140845070422535
0.4684036374092102,0.13763974606990814,0.29384857874443987,0.6088888812375713,496.4367980957031,tri_raw,463,7.716666666666667,7.716666666666667,7,0.7166666666666668,1111,155,1402,720,3440,720,1.0,1.0140845070422535
0.4691871106624603,0.13797037303447723,0.29406257537434627,0.6088888812375713,499.2980041503906,tri_raw,464,7.733333333333333,7.733333333333333,7,0.7333333333333334,1110,155,1401,720,3440,720,1.0,1.0140845070422535
0.46888118982315063,0.13838107883930206,0.29513036328071096,0.6160714201949873,507.0935363769531,tri_raw,465,7.75,7.75,7,0.75,1109,155,1400,720,3440,720,1.0,1.0140845070422535
0.46863287687301636,0.1386483609676361,0.2958570873947332,0.6160714201949873,511.37811279296875,tri_raw,466,7.766666666666667,7.766666666666667,7,0.7666666666666666,1108,155,1399,720,3440,720,1.0,1.0140845070422535
0.4687280058860779,0.1389746218919754,0.29649309873074137,0.6088888812375713,514.8793334960938,tri_raw,467,7.783333333333333,7.783333333333333,7,0.7833333333333332,1107,155,1398,720,3440,720,1.0,1.0140845070422535
0.46895912289619446,0.139004185795784,0.29641001964781655,0.6088888812375713,517.1466064453125,tri_raw,468,7.8,7.8,7,0.7999999999999998,1106,155,1397,720,3440,720,1.0,1.0140845070422535
0.4682222306728363,0.1389569342136383,0.2967755953112285,0.6088888812375713,522.0330810546875,tri_raw,469,7.816666666666666,7.816666666666666,7,0.8166666666666664,1105,155,1396,720,3440,720,1.0,1.0140845070422535
0.4686519205570221,0.13959470391273499,0.297864352648282,0.6088888812375713,527.8323364257812,tri_raw,470,7.833333333333333,7.833333333333333,7,0.833333333333333,1104,155,1395,720,3440,720,1.0,1.0140845070422535
0.4685119390487671,0.13986685872077942,0.2985342401720063,0.6088888812375713,532.4510498046875,tri_raw,471,7.85,7.85,7,0.8499999999999996,1103,155,1394,720,3440,720,1.0,1.0140845070422535
0.4686540961265564,0.14000003039836884,0.29872784334586183,0.6088888812375713,535.9122314453125,tri_raw,472,7.866666666666666,7.866666666666666,7,0.8666666666666663,1102,155,1393,720,3440,720,1.0,1.0140845070422535
0.46859362721443176,0.1404038667678833,0.29962819726387685,0.6088888812375713,540.9620361328125,tri_raw,473,7.883333333333334,7.883333333333334,7,0.8833333333333337,1101,155,1392,720,3440,720,1.0,1.0140845070422535
0.46902593970298767,0.1405106782913208,0.2995797532744184,0.6160714201949873,542.9380493164062,tri_raw,474,7.9,7.9,7,0.9000000000000004,1100,155,1392,720,3440,720,1.0,1.0140845070422535
0.4685743749141693,0.14091210067272186,0.3007251467630552,0.6160714201949873,546.8286743164062,tri_raw,475,7.916666666666667,7.916666666666667,7,0.916666666666667,1100,155,1391,720,3440,720,1.0,1.0140845070422535
0.4683351218700409,0.14087824523448944,0.30080648588537234,0.6306306207655009,548.73583984375,tri_raw,476,7.933333333333334,7.933333333333334,7,0.9333333333333336,1099,155,1390,720,3440,720,1.0,1.0140845070422535
0.46844351291656494,0.14145508408546448,0.3019682782777193,0.6160714201949873,550.6939086914062,tri_raw,477,7.95,7.95,7,0.9500000000000002,1098,155,1389,720,3440,720,1.0,1.0140845070422535
0.4682329297065735,0.14147397875785828,0.3021444387200001,0.6160714201949873,548.411865234375,tri_raw,478,7.966666666666667,7.966666666666667,7,0.9666666666666668,1097,155,1388,720,3440,720,1.0,1.0140845070422535
0.46794813871383667,0.14189085364341736,0.30321917937576365,0.6160714201949873,551.0113525390625,tri_raw,479,7.983333333333333,7.983333333333333,7,0.9833333333333334,1096,155,1387,720,3440,720,1.0,1.0140845070422535
