time_sec,w_000,w_001,w_002,w_003,w_004,w_005,w_006,w_007,w_008,w_009,w_sum
0.0,0.7979433,0.19896893,0.0030847858,2.9736577e-06,1.7823128e-10,6.642062e-16,1.539033e-22,2.2172895e-30,1.986184e-39,0.0,1.0
0.016666668,0.7902559,0.20638932,0.0033514553,3.3838123e-06,2.1242443e-10,8.291519e-16,2.0122638e-22,3.036408e-30,2.848851e-39,0.0,1.0
0.033333335,0.78235,0.21400641,0.0036398116,3.849088e-06,2.530835e-10,1.03465e-15,2.629995e-22,4.1566093e-30,4.084585e-39,0.0,1.0000001
0.05,0.774225,0.22181922,0.0039514583,4.376659e-06,3.014075e-10,1.2906082e-15,3.436041e-22,5.6878527e-30,5.854223e-39,0.0,1.0
0.06666667,0.7658808,0.22982612,0.0042880913,4.974565e-06,3.5881664e-10,1.6092197e-15,4.4873326e-22,7.7801085e-30,8.387112e-39,0.0,1.0
0.083333336,0.75731784,0.238025,0.0046515074,5.6518484e-06,4.2698692e-10,2.0057016e-15,5.857919e-22,1.0637751e-29,1.2010994e-38,0.0,1.0
0.1,0.7485369,0.2464131,0.0050436044,6.4186534e-06,5.0789517e-10,2.4988054e-15,7.643904e-22,1.4538595e-29,1.7193356e-38,0.0,1.0
0.11666667,0.7395393,0.25498703,0.0054664,7.2863713e-06,6.038741e-10,3.1118036e-15,9.970088e-22,1.9861797e-29,2.4601364e-38,0.0,1.0000001
0.13333334,0.730327,0.26374266,0.0059220223,8.267746e-06,7.176766e-10,3.873456e-15,1.299849e-21,2.7121466e-29,3.5185433e-38,0.0,1.0
0.15,0.72090256,0.27267534,0.006412712,9.377012e-06,8.5253854e-10,4.819353e-15,1.6939166e-21,3.7018718e-29,5.030064e-38,0.0,1.0
0.16666667,0.7112691,0.2817795,0.0069408272,1.0630174e-05,1.0122692e-09,5.993433e-15,2.2063938e-21,5.05035e-29,7.187523e-38,0.0,1.0
0.18333334,0.7014301,0.291049,0.0075088697,1.2045073e-05,1.2013537e-09,7.4500275e-15,2.8725945e-21,6.886763e-29,1.0265624e-37,0.0,1.0
0.2,0.69139004,0.3004769,0.008119431,1.36416365e-05,1.4250641e-09,9.256081e-15,3.7380575e-21,9.386296e-29,1.465436e-37,0.0,1.0
0.21666667,0.6811538,0.31005546,0.00877526,1.544213e-05,1.6895881e-09,1.1494283e-14,4.8619233e-21,1.2786757e-28,2.0909425e-37,0.0,1.0
0.23333333,0.670727,0.31977627,0.009479228,1.747137e-05,2.0021949e-09,1.4266303e-14,6.3204192e-21,1.7410206e-28,2.981854e-37,0.0,1.0
0.25,0.66011584,0.32963005,0.010234344,1.9756959e-05,2.3714115e-09,1.7697771e-14,8.212169e-21,2.3693089e-28,4.2502858e-37,0.0,0.99999994
0.26666668,0.6493271,0.33960682,0.011043732,2.232965e-05,2.807207e-09,2.194291e-14,1.0664553e-20,3.2226427e-28,6.054934e-37,0.0,1.0
0.28333333,0.6383683,0.3496958,0.01191066,2.5223659e-05,3.3212895e-09,2.7191447e-14,1.3841473e-20,4.380908e-28,8.621156e-37,0.0,1.0
0.3,0.6272475,0.3598854,0.012838552,2.8476992e-05,3.9273473e-09,3.367692e-14,1.7955214e-20,5.9521635e-28,1.2268418e-36,0.0,0.99999994
0.31666666,0.6159735,0.37016347,0.013830935,3.2131848e-05,4.6413797e-09,4.16855e-14,2.3278042e-20,8.08239e-28,1.7448346e-36,0.0,1.0
0.33333334,0.60455537,0.38051683,0.014891489,3.6235073e-05,5.4820806e-09,5.1569334e-14,3.0162133e-20,1.0968766e-27,2.4801882e-36,0.0,0.99999994
0.35,0.5930033,0.39093187,0.01602403,4.0838393e-05,6.471319e-09,6.375897e-14,3.9058906e-20,1.4877212e-27,3.5232957e-36,1e-45,1.0
0.36666667,0.5813274,0.4013941,0.01723248,4.5999364e-05,7.634518e-09,7.878391e-14,5.055001e-20,2.0166405e-27,5.002265e-36,1e-45,0.99999994
0.38333333,0.5695388,0.41188854,0.018520921,5.178115e-05,9.00136e-09,9.7290536e-14,6.538227e-20,2.7319617e-27,7.0977424e-36,1e-45,1.0
0.4,0.5576487,0.42239946,0.019893564,5.825438e-05,1.0606466e-08,1.2007168e-13,8.451505e-20,3.6987874e-27,1.0064816e-35,1e-45,1.0
0.41666666,0.54566914,0.43291065,0.02135471,6.5496126e-05,1.2490053e-08,1.4809428e-13,1.0917921e-19,5.0045617e-27,1.4263403e-35,3e-45,0.99999994
0.43333334,0.5336123,0.44340533,0.022908818,7.3592026e-05,1.469891e-08,1.8254392e-13,1.4095287e-19,6.767226e-27,2.0200803e-35,4e-45,1.0
0.45,0.5214907,0.45386624,0.02456042,8.263627e-05,1.7287448e-08,2.2486251e-13,1.8185745e-19,9.144718e-27,2.8591633e-35,6e-45,1.0
0.46666667,0.5093172,0.46427578,0.0263142,9.2732276e-05,2.0318764e-08,2.7681582e-13,2.3448394e-19,1.2349794e-26,4.044182e-35,8e-45,0.99999994
0.48333332,0.4971053,0.47461578,0.028174907,0.00010399424,2.3866189e-08,3.4055053e-13,3.0213914e-19,1.6667203e-26,5.7165995e-35,1.3e-44,0.99999994
0.5,0.48486802,0.48486802,0.030147405,0.0001165475,2.8014496e-08,4.186871e-13,3.8906598e-19,2.247914e-26,8.075518e-35,1.8e-44,1.0
0.51666665,0.47261894,0.49501383,0.032236665,0.0001305296,3.286211e-08,5.144063e-13,5.006613e-19,3.0297805e-26,1.1399857e-34,2.7e-44,1.0
0.53333336,0.46037164,0.5050345,0.034447677,0.00014609154,3.8522778e-08,6.3159086e-13,6.438457e-19,4.0808573e-26,1.6082442e-34,3.9e-44,1.0
0.55,0.44813985,0.51491106,0.036785554,0.00016339902,4.5128086e-08,7.7494955e-13,8.274167e-19,5.4929365e-26,2.2672836e-34,5.9e-44,0.99999994
0.56666666,0.4359371,0.5246247,0.039255463,0.00018263259,5.2830163e-08,9.501962e-13,1.0626022e-18,7.3884515e-26,3.1942248e-34,8.5e-44,0.99999994
0.5833333,0.42377698,0.5341564,0.041862577,0.00020399054,6.180469e-08,1.1642831e-12,1.3637169e-18,9.931487e-26,4.497061e-34,1.26e-43,1.0
0.6,0.4116727,0.54348737,0.044612166,0.00022768974,7.225372e-08,1.4256205e-12,1.7489313e-18,1.3340493e-25,6.3269418e-34,1.86e-43,1.0
0.6166667,0.39963764,0.5525989,0.04750947,0.0002539669,8.441132e-08,1.7444193e-12,2.2414448e-18,1.7907277e-25,8.895331e-34,2.75e-43,1.0000001
0.6333333,0.38768464,0.56147236,0.050559733,0.00028307887,9.8545435e-08,2.1330058e-12,2.8706038e-18,2.40206e-25,1.24973775e-33,4.04e-43,0.99999994
0.65,0.37582648,0.57008994,0.053768244,0.0003153083,1.14966426e-07,2.6063548e-12,3.6738565e-18,3.2198588e-25,1.754618e-33,5.94e-43,1.0
0.6666667,0.3640752,0.57843333,0.057140253,0.0003509601,1.3402916e-07,3.1824849e-12,4.6985422e-18,4.313041e-25,2.4616617e-33,8.74e-43,0.9999999
0.68333334,0.35244298,0.5864855,0.06068097,0.00039036782,1.5614269e-07,3.8832566e-12,6.0048014e-18,5.7732864e-25,3.451294e-33,1.282e-42,1.0
0.7,0.3409411,0.5942293,0.06439547,0.00043389376,1.8177663e-07,4.734972e-12,7.668769e-18,7.7224937e-25,4.8352854e-33,1.882e-42,0.99999994
0.71666664,0.32958072,0.6016482,0.0682889,0.00048193033,2.1146825e-07,5.769426e-12,9.786897e-18,1.0322564e-24,6.769417e-33,2.76e-42,1.0
0.73333335,0.31837213,0.6087265,0.07236623,0.00053490413,2.4583466e-07,7.0248594e-12,1.2481278e-17,1.3788089e-24,9.470621e-33,4.046e-42,1.0
0.75,0.30732545,0.6154487,0.076632276,0.00059327827,2.8558208e-07,8.547336e-12,1.5905798e-17,1.8403955e-24,1.3239948e-32,5.922e-42,1.0
0.76666665,0.29644996,0.62180036,0.08109181,0.00065755134,3.315191e-07,1.03923285e-11,2.0255592e-17,2.4547168e-24,1.8496543e-32,8.666e-42,1.0
0.78333336,0.2857544,0.6277675,0.08574942,0.00072826585,3.845697e-07,1.262661e-11,2.5776682e-17,3.2718306e-24,2.582146e-32,1.267e-41,0.99999994
0.8,0.27524716,0.63333696,0.090609424,0.0008060064,4.4579014e-07,1.5330247e-11,3.27789e-17,4.3577666e-24,3.6021593e-32,1.8514e-41,0.99999994
0.81666666,0.26493555,0.6384965,0.095676064,0.0008914037,5.163835e-07,1.8599327e-11,4.165318e-17,5.799962e-24,5.0214203e-32,2.7031e-41,1.0
0.8333333,0.2548266,0.64323443,0.100953214,0.000985139,5.977256e-07,2.2549332e-11,5.2891933e-17,7.713927e-24,6.994945e-32,3.9438e-41,1.0
0.85,0.24492657,0.64754003,0.10644469,0.0010879464,6.9138105e-07,2.7318365e-11,6.7114735e-17,1.0251947e-23,9.737014e-32,5.7501e-41,0.99999994
0.8666667,0.23524113,0.6514037,0.11215372,0.0012006159,7.99136e-07,3.3072267e-11,8.510066e-17,1.3615402e-23,1.3544119e-31,8.3774e-41,0.99999994
0.8833333,0.22577523,0.6548163,0.118083484,0.0013239908,9.230114e-07,4.0008857e-11,1.0782823e-16,1.806893e-23,1.8826301e-31,1.2196e-40,0.99999994
0.9,0.21653327,0.65777,0.1242367,0.0014589911,1.065323e-06,4.8365683e-11,1.3652779e-16,2.3962294e-23,2.61494e-31,1.77428e-40,1.0
0.9166667,0.20751892,0.6602575,0.13061577,0.0016065879,1.2286832e-06,5.842534e-11,1.7273814e-16,3.1754453e-23,3.6294742e-31,2.57938e-40,1.0
0.93333334,0.19873536,0.6622729,0.13722253,0.0017678295,1.4160612e-06,7.0526245e-11,2.1839621e-16,4.2049956e-23,5.0339676e-31,3.74704e-40,1.0
0.95,0.19018506,0.6638109,0.14405857,0.0019438388,1.6308276e-06,8.507093e-11,2.7591778e-16,5.564283e-23,6.9768834e-31,5.43932e-40,1.0
0.96666664,0.18186991,0.6648676,0.15112488,0.0021358144,1.8767969e-06,1.0254108e-10,3.4834098e-16,7.357605e-23,9.662721e-31,7.89003e-40,1.0000001
0.98333335,0.17379132,0.6654395,0.15842207,0.0023450346,2.1582857e-06,1.2350876e-10,4.3944985e-16,9.7219186e-23,1.3372645e-30,1.1437e-39,1.0
1.0,0.16595003,0.6655246,0.16595003,0.0025728655,2.480179e-06,1.4865378e-10,5.5398115e-16,1.2836304e-22,1.8493302e-30,1.656577e-39,1.0
1.0166667,0.1583464,0.6651216,0.1737083,0.0028207642,2.8479976e-06,1.7878776e-10,6.9785335e-16,1.6936095e-22,2.5555838e-30,2.397727e-39,0.99999994
1.0333333,0.15098011,0.66423064,0.18169568,0.0030902722,3.267952e-06,2.1487293e-10,8.7843844e-16,2.232918e-22,3.529044e-30,3.467893e-39,1.0
1.05,0.14385054,0.66285235,0.18991035,0.003383039,3.7470743e-06,2.580499e-10,1.1049535e-15,2.9417648e-22,4.869652e-30,5.01209e-39,1.0
1.0666667,0.13695638,0.6609885,0.19835001,0.0037008098,4.293266e-06,3.0967437e-10,1.3888267e-15,3.8727636e-22,6.714573e-30,7.238442e-39,1.0
1.0833334,0.13029617,0.65864223,0.20701128,0.004045434,4.9154432e-06,3.7135356e-10,1.7443664e-15,5.0946546e-22,9.251693e-30,1.0446007e-38,1.0
1.1,0.12386788,0.6558172,0.21589044,0.004418864,5.6235885e-06,4.449833e-10,2.1892837e-15,6.69707e-22,1.273773e-29,1.5063652e-38,1.0
1.1166667,0.11766909,0.65251833,0.2249829,0.0048231734,6.42899e-06,5.3281884e-10,2.7456401e-15,8.796916e-22,1.7524676e-29,2.1706543e-38,0.99999994
1.1333333,0.11169709,0.6487516,0.23428337,0.0052605495,7.3442416e-06,6.375142e-10,3.4408022e-15,1.1546596e-21,2.4092078e-29,3.125532e-38,0.99999994
1.15,0.105948865,0.64452374,0.2437857,0.0057332925,8.383529e-06,7.6221307e-10,4.308748e-15,1.514448e-21,3.3096628e-29,4.4971345e-38,1.0
1.1666666,0.10042095,0.63984275,0.2534829,0.0062438226,9.562665e-06,9.106127e-10,5.3915667e-15,1.9848257e-21,4.543189e-29,6.465746e-38,1.0
1.1833333,0.095109776,0.6347173,0.26336738,0.0067947004,1.089947e-05,1.0870932e-09,6.7414573e-15,2.5993828e-21,6.2317646e-29,9.2892636e-38,1.0
1.2,0.0900114,0.629157,0.27343056,0.00738859,1.2413733e-05,1.296792e-09,8.422929e-15,3.4015892e-21,8.5414217e-29,1.33353e-37,1.0
1.2166667,0.08512181,0.62317276,0.283663,0.008028295,1.412767e-05,1.5457675e-09,1.0515869e-14,4.448068e-21,1.1698326e-28,1.9129578e-37,1.0
1.2333333,0.08043656,0.61677605,0.29405454,0.008716752,1.6066033e-05,1.8411451e-09,1.3118869e-14,5.8120262e-21,1.6009973e-28,2.742046e-37,1.0
1.25,0.07595125,0.6099792,0.30459425,0.009457033,1.8256394e-05,2.1912998e-09,1.6353602e-14,7.588445e-21,2.189357e-28,3.9274714e-37,1.0
1.2666667,0.07166116,0.6027956,0.31527022,0.010252325,2.0729482e-05,2.6060392e-09,2.0370382e-14,9.9002065e-21,2.9916818e-28,5.6210305e-37,1.0
1.2833333,0.06756145,0.59523916,0.32606983,0.011105957,2.351951e-05,3.096898e-09,2.535435e-14,1.2906322e-20,4.0849273e-28,8.038697e-37,0.99999994
1.3,0.06364727,0.587325,0.33697966,0.012021414,2.6664513e-05,3.6773828e-09,3.1533478e-14,1.6812415e-20,5.573325e-28,1.1487568e-36,0.99999994
1.3166667,0.059913512,0.5790683,0.34798568,0.013002278,3.0206711e-05,4.3632977e-09,3.9187973e-14,2.188337e-20,7.5981446e-28,1.6402951e-36,1.0
1.3333334,0.056355137,0.5704856,0.35907277,0.014052278,3.4193043e-05,5.173157e-09,4.866314e-14,2.8462345e-20,1.0350621e-27,2.340417e-36,1.0
1.35,0.05296692,0.5615937,0.37022543,0.015175288,3.8675313e-05,6.1285537e-09,6.0381855e-14,3.699008e-20,1.4089212e-27,3.3366777e-36,1.0
1.3666667,0.049743686,0.55241007,0.38142732,0.016375273,4.371119e-05,7.254749e-09,7.486491e-14,4.8035467e-20,1.9163253e-27,4.753434e-36,1.0000001
1.3833333,0.046680134,0.5429526,0.39266148,0.01765636,4.9363996e-05,8.581174e-09,9.274899e-14,6.233021e-20,2.6044331e-27,6.7664186e-36,0.99999994
1.4,0.043771,0.53323984,0.4039106,0.019022804,5.5704528e-05,1.0142211e-08,1.1481602e-13,8.0815746e-20,3.536888e-27,9.624268e-36,1.0
1.4166666,0.041011035,0.5232907,0.4151565,0.02047893,6.280993e-05,1.19778e-08,1.4202077e-13,1.04701646e-19,4.7993192e-27,1.3678445e-35,1.0
1.4333333,0.03839496,0.51312435,0.4263808,0.022029217,7.076646e-05,1.4134546e-08,1.7553515e-13,1.3554099e-19,6.507399e-27,1.9425193e-35,1.0000001
1.45,0.035917476,0.50276,0.43756455,0.023678267,7.966817e-05,1.6666524e-08,2.16786e-13,1.7532558e-19,8.8162625e-27,2.7564688e-35,0.99999994
1.4666667,0.033573467,0.49221766,0.44868845,0.025430743,8.961894e-05,1.9636593e-08,2.6752217e-13,2.266115e-19,1.1935169e-26,3.9084048e-35,0.99999994
1.4833333,0.031357728,0.48151723,0.45973292,0.027291406,0.000100733225,2.31178e-08,3.2987296e-13,2.92667e-19,1.6144558e-26,5.5374244e-35,1.0
1.5,0.029265137,0.4706783,0.4706783,0.029265137,0.000113136724,2.7194648e-08,4.064342e-13,3.7767994e-19,2.1821285e-26,7.8391876e-35,1.0
1.5166667,0.02729069,0.45972088,0.4815046,0.031356905,0.00012696737,3.1965282e-08,5.003678e-13,4.8699793e-19,2.947096e-26,1.1088747e-34,1.0
1.5333333,0.0254294,0.44866475,0.49219167,0.033571694,0.0001423765,3.7543167e-08,6.1552987e-13,6.274731e-19,3.9770832e-26,1.5673476e-34,0.99999994
1.55,0.023676377,0.4375296,0.5027198,0.035914607,0.00015953032,4.4059615e-08,7.5660154e-13,8.0782645e-19,5.3628835e-26,2.2136026e-34,0.99999994
1.5666667,0.02202684,0.42633477,0.5130689,0.03839082,0.00017860977,5.166648e-08,9.292663e-13,1.0391964e-18,7.225707e-26,3.123866e-34,0.99999994
1.5833334,0.020476123,0.4150996,0.523219,0.041005414,0.00019981399,6.053917e-08,1.1404431e-12,1.3357933e-18,9.7281285e-26,4.4049787e-34,1.0
1.6,0.019019613,0.40384287,0.53315043,0.04376366,0.00022335917,7.087949e-08,1.3985058e-12,1.7156673e-18,1.3086762e-25,6.2066056e-34,1.0
1.6166667,0.017652825,0.39258286,0.5428439,0.046670787,0.00024948362,8.292121e-08,1.7136251e-12,2.2018766e-18,1.759116e-25,8.738303e-34,0.99999994
1.6333333,0.016371429,0.38133773,0.55228037,0.049732003,0.0002784445,9.693212e-08,2.0980858e-12,2.8236083e-18,2.362735e-25,1.229278e-33,1.0000001
1.65,0.01517116,0.37012473,0.56144094,0.052952513,0.00031052466,1.1322224e-07,2.566813e-12,3.6181194e-18,3.1710093e-25,1.7279982e-33,1.0
1.6666666,0.014047894,0.35896075,0.5703076,0.056337554,0.0003460292,1.3214597e-07,3.1377778e-12,4.6325378e-18,4.252452e-25,2.4270807e-33,1.0
1.6833333,0.012997659,0.34786206,0.57886255,0.059892226,0.00038529394,1.541132e-07,3.832783e-12,5.9267532e-18,5.698247e-25,3.4064353e-33,0.99999994
1.7,0.012016579,0.33684412,0.58708876,0.06362166,0.00042867986,1.795923e-07,4.678074e-12,7.576617e-18,7.629696e-25,4.7771822e-33,0.99999994
1.7166667,0.011100925,0.32592204,0.5949694,0.06753083,0.00047658046,2.0912076e-07,5.7053806e-12,9.678254e-18,1.02079745e-24,6.6942706e-33,0.99999994
1.7333333,0.010247107,0.31510976,0.6024888,0.07162469,0.0005294229,2.4331558e-07,6.952875e-12,1.2353382e-17,1.3646801e-24,9.373574e-33,1.0
1.75,0.009451645,0.3044207,0.60963166,0.075907975,0.0005876708,2.8288284e-07,8.466549e-12,1.5755461e-17,1.8230008e-24,1.3114808e-32,0.9999999
1.7666667,0.008711208,0.2938675,0.61638373,0.080385394,0.00065182324,3.2863116e-07,1.0301799e-11,2.0079141e-17,2.4333334e-24,1.8335417e-32,0.99999994
1.7833333,0.008022605,0.283462,0.6227311,0.08506148,0.0007224232,3.814844e-07,1.25253115e-11,2.5569885e-17,3.2455818e-24,2.5614304e-32,1.0
1.8,0.0073827673,0.2732151,0.6286612,0.08994047,0.00080005586,4.42499e-07,1.5217069e-11,3.25369e-17,4.325594e-24,3.5755655e-32,1.0000001
1.8166667,0.0067887544,0.26313692,0.63416183,0.09502655,0.00088535214,5.128779e-07,1.847306e-11,4.1370403e-17,5.7605873e-24,4.9873304e-32,0.9999999
1.8333334,0.0062377662,0.253237,0.6392221,0.10032354,0.0009789958,5.939982e-07,2.2408674e-11,5.2562008e-17,7.6658095e-24,6.951312e-32,1.0
1.85,0.0057271346,0.24352387,0.64383155,0.10583507,0.0010817156,6.874215e-07,2.716191e-11,6.673037e-17,1.0193234e-23,9.68125e-32,1.0
1.8666667,0.0052543012,0.23400511,0.64798105,0.11156443,0.0011943075,7.9493714e-07,3.2898496e-11,8.465352e-17,1.3543863e-23,1.3472953e-31,0.99999994
1.8833333,0.0048168446,0.22468771,0.6516622,0.1175147,0.0013176134,9.1856543e-07,3.9816143e-11,1.0730884e-16,1.7981895e-23,1.8735619e-31,0.99999994
1.9,0.0044124657,0.21557784,0.6548676,0.12368852,0.0014525533,1.0606223e-06,4.8152274e-11,1.3592536e-16,2.3856561e-23,2.603402e-31,1.0
1.9166666,0.0040389756,0.20668082,0.65759075,0.13008817,0.0016000966,1.2237183e-06,5.8189367e-11,1.7204046e-16,3.16262e-23,3.614815e-31,1.0
1.9333333,0.0036943022,0.19800122,0.6598262,0.13671555,0.0017612986,1.4108298e-06,7.0265696e-11,2.1758938e-16,4.189461e-23,5.0153703e-31,0.99999994
1.95,0.0033764923,0.18954284,0.6615696,0.14357215,0.0019372754,1.6253211e-06,8.4783694e-11,2.7498615e-16,5.5454946e-23,6.953326e-31,0.99999994
1.9666667,0.0030836966,0.18130906,0.66281724,0.15065885,0.002129228,1.8710092e-06,1.0222487e-10,3.4726678e-16,7.334916e-23,9.632923e-31,0.99999994
1.9833333,0.00281417,0.17330222,0.6635667,0.15797623,0.002338435,2.1522117e-06,1.2316116e-10,4.382131e-16,9.694558e-23,1.333501e-30,0.99999994
2.0,0.0025662626,0.16552415,0.6638167,0.16552415,0.0025662626,2.4738142e-06,1.482723e-10,5.5255945e-16,1.2803363e-22,1.8445842e-30,0.99999994
2.0166667,0.0023384336,0.15797614,0.66356635,0.17330211,0.0028141683,2.841338e-06,1.7836971e-10,6.9622154e-16,1.6896493e-22,2.5496081e-30,1.0
2.0333333,0.0021292253,0.15065865,0.6628164,0.18130884,0.0030836926,3.2609942e-06,2.1441543e-10,8.765681e-16,2.228164e-22,3.52153e-30,1.0000001
2.05,0.0019372714,0.14357185,0.6615682,0.18954244,0.0033764853,3.7398152e-06,2.5754998e-10,1.102813e-15,2.9360658e-22,4.8602185e-30,1.0
2.0666666,0.0017612936,0.13671519,0.6598243,0.19800058,0.0036942915,4.2857046e-06,3.0912894e-10,1.3863805e-15,3.8659425e-22,6.702746e-30,1.0
2.0833333,0.001600093,0.13008773,0.6575883,0.20667998,0.004038957,4.9075684e-06,3.7075792e-10,1.7415618e-15,5.0864444e-22,9.236747e-30,1.0
2.1,0.0014525468,0.12368799,0.65486467,0.2155768,0.004412441,5.6154204e-06,4.4433696e-10,2.186104e-15,6.687343e-22,1.271923e-29,1.0
2.1166666,0.0013176088,0.1175141,0.65165865,0.22468646,0.0048168185,6.4205196e-06,5.3211474e-10,2.7420227e-15,8.785326e-22,1.7501586e-29,1.0
2.1333334,0.0011942979,0.111563675,0.64797676,0.23400362,0.005254272,7.335491e-06,6.3675276e-10,3.4366926e-15,1.1532805e-21,2.4063303e-29,0.99999994
2.15,0.0010817072,0.1058342,0.64382654,0.24352203,0.0057270927,8.37446e-06,7.613885e-10,4.304087e-15,1.5128098e-21,3.3060823e-29,0.99999994
2.1666667,0.0009789851,0.10032259,0.63921624,0.25323483,0.006237716,9.55332e-06,9.0972463e-10,5.3863295e-15,1.9828977e-21,4.538741e-29,0.9999999
2.1833334,0.0008853429,0.09502554,0.6341552,0.26313424,0.006788687,1.0889818e-05,1.0861306e-09,6.735488e-15,2.5970812e-21,6.226247e-29,0.99999994
2.2,0.0008000463,0.0899394,0.6286537,0.2732118,0.0073826793,1.2403802e-05,1.2957546e-09,8.41619e-15,3.398868e-21,8.534589e-29,1.0
2.2166667,0.00072241324,0.085060306,0.6227225,0.28345808,0.008022495,1.4117463e-05,1.5446507e-09,1.0508272e-14,4.4448542e-21,1.1689875e-28,0.99999994
2.2333333,0.000651813,0.08038413,0.616374,0.29386288,0.00871107,1.605556e-05,1.8399451e-09,1.3110318e-14,5.8082377e-21,1.5999537e-28,0.99999994
2.25,0.00058766024,0.07590661,0.60962075,0.30441526,0.009451476,1.8245666e-05,2.1900122e-09,1.6343994e-14,7.583985e-21,2.1880704e-28,1.0
2.2666667,0.000529412,0.07162322,0.6024765,0.31510326,0.010246896,2.0718506e-05,2.6046594e-09,2.0359596e-14,9.894964e-21,2.9900977e-28,1.0
2.2833333,0.0004765694,0.06752926,0.59495556,0.32591447,0.011100667,2.3508303e-05,3.0954226e-09,2.534227e-14,1.2900173e-20,4.082981e-28,1.0
2.3,0.00042866846,0.06361998,0.58707315,0.33683518,0.012016259,2.6653079e-05,3.675806e-09,3.1519956e-14,1.6805207e-20,5.5709353e-28,0.99999994
2.3166666,0.0003852824,0.05989046,0.57884526,0.34785154,0.012997264,3.0195075e-05,4.361617e-09,3.9172875e-14,2.187494e-20,7.5952177e-28,1.0
2.3333333,0.0003460181,0.056335635,0.57028824,0.35894844,0.014047407,3.418121e-05,5.1713474e-09,4.8645932e-14,2.8452276e-20,1.0346922e-27,0.9999999
2.35,0.00031051267,0.052950498,0.5614193,0.3701104,0.015170562,3.86633e-05,6.12665e-09,6.03631e-14,3.697859e-20,1.4084836e-27,0.99999994
2.3666666,0.0002784326,0.049729854,0.5522563,0.381321,0.016370703,4.369893e-05,7.2527153e-09,7.484407e-14,4.8022093e-20,1.9157918e-27,1.0
2.3833334,0.00024947088,0.04666847,0.54281706,0.3925636,0.01765197,4.9351773e-05,8.57905e-09,9.2725855e-14,6.231466e-20,2.6037835e-27,0.99999994
2.4,0.00022334672,0.0437612,0.5331207,0.40382046,0.019018553,5.5692082e-05,1.0139944e-08,1.1479037e-13,8.079769e-20,3.5360975e-27,0.99999994
2.4166667,0.00019980106,0.04100282,0.5231861,0.41507363,0.020474847,6.27975e-05,1.1975429e-08,1.4199347e-13,1.0468152e-19,4.7984148e-27,1.0
2.4333334,0.00017859715,0.038388077,0.51303256,0.4263047,0.0220253,7.075382e-05,1.4132022e-08,1.755038e-13,1.3551678e-19,6.5062374e-27,1.0
2.45,0.00015951761,0.035911746,0.5026798,0.43749475,0.023674492,7.965547e-05,1.6663867e-08,2.1675142e-13,1.7529761e-19,8.8148566e-27,1.0
2.4666667,0.00014236374,0.033568684,0.49214756,0.44862455,0.02542712,8.960617e-05,1.9633795e-08,2.6748406e-13,2.2657922e-19,1.1933469e-26,0.9999999
2.4833333,0.00012695458,0.031353746,0.48145607,0.45967457,0.027287941,0.000100720434,2.3114865e-08,3.2983108e-13,2.9262982e-19,1.6142507e-26,1.0
2.5,0.00011312392,0.029261826,0.470625,0.470625,0.029261826,0.00011312392,2.719157e-08,4.063882e-13,3.7763719e-19,2.1818816e-26,0.99999994
2.5166667,0.00010072043,0.02728794,0.4596745,0.48145604,0.031353742,0.00012695456,3.196206e-08,5.0031734e-13,4.869488e-19,2.946799e-26,0.9999999
2.5333333,8.960617e-05,0.02542712,0.44862455,0.49214756,0.033568684,0.00014236374,3.7539802e-08,6.154747e-13,6.2741686e-19,3.976727e-26,0.99999994
2.55,7.965547e-05,0.023674492,0.43749475,0.5026798,0.035911746,0.00015951761,4.4056108e-08,7.565413e-13,8.0776213e-19,5.3624564e-26,1.0
2.5666666,7.075382e-05,0.0220253,0.4263047,0.51303256,0.038388077,0.00017859715,5.166283e-08,9.292007e-13,1.039123e-18,7.225197e-26,1.0
2.5833333,6.27975e-05,0.020474847,0.41507363,0.5231861,0.04100282,0.00019980106,6.053537e-08,1.1403671e-12,1.3356992e-18,9.7274075e-26,1.0
2.6,5.5692075e-05,0.019018551,0.40382043,0.5331207,0.043761197,0.00022334671,7.087553e-08,1.3984277e-12,1.7155716e-18,1.3086033e-25,1.0
2.6166666,4.9351773e-05,0.01765197,0.3925636,0.54281706,0.04666847,0.00024947088,8.2916884e-08,1.7135409e-12,2.2017683e-18,1.7590295e-25,1.0
2.6333334,4.3698925e-05,0.016370703,0.38132098,0.5522562,0.04972985,0.0002784326,9.692807e-08,2.097994e-12,2.8234849e-18,2.3626318e-25,0.99999994
2.65,3.8663296e-05,0.015170561,0.37011036,0.5614193,0.05295049,0.00031051264,1.1321786e-07,2.5667138e-12,3.6179792e-18,3.1708866e-25,0.99999994
2.6666667,3.418121e-05,0.014047407,0.35894844,0.57028824,0.056335635,0.0003460181,1.3214185e-07,3.1376952e-12,4.63238e-18,4.2523394e-25,1.0
2.6833334,3.019507e-05,0.012997262,0.3478515,0.57884514,0.059890453,0.00038528233,1.5410855e-07,3.8326677e-12,5.9265746e-18,5.6980754e-25,1.0
2.7,2.6653075e-05,0.012016257,0.33683512,0.5870731,0.063619964,0.0004286684,1.795875e-07,4.677949e-12,7.576415e-18,7.629492e-25,1.0
2.7166667,2.3508297e-05,0.011100664,0.32591438,0.59495544,0.067529246,0.0004765693,2.0911584e-07,5.7052466e-12,9.678026e-18,1.0207735e-24,1.0
2.7333333,2.07185e-05,0.010246894,0.3151032,0.6024763,0.0716232,0.0005294119,2.4331052e-07,6.9527305e-12,1.2353125e-17,1.3646518e-24,1.0
2.75,1.824566e-05,0.009451472,0.30441517,0.6096206,0.07590659,0.00058766006,2.8287766e-07,8.466394e-12,1.5755173e-17,1.8229674e-24,0.99999994
2.7666667,1.6055556e-05,0.008711067,0.2938628,0.6163738,0.080384105,0.00065181276,3.2862587e-07,1.0301634e-11,2.0078818e-17,2.4332941e-24,1.0
2.7833333,1.4117457e-05,0.008022491,0.28345796,0.62272227,0.085060276,0.00072241295,3.81479e-07,1.2525134e-11,2.5569521e-17,3.2455359e-24,0.99999994
2.8,1.2403796e-05,0.0073826755,0.2732117,0.6286534,0.089939356,0.0008000459,4.4249347e-07,1.521688e-11,3.2536498e-17,4.3255405e-24,1.0
2.8166666,1.0889814e-05,0.0067886836,0.26313412,0.6341549,0.095025495,0.0008853424,5.1287225e-07,1.8472857e-11,4.136995e-17,5.7605242e-24,1.0
2.8333333,9.553314e-06,0.0062377127,0.25323468,0.63921595,0.10032253,0.0009789846,5.9399144e-07,2.240833e-11,5.2561108e-17,7.665677e-24,1.0
2.85,8.374454e-06,0.005727089,0.24352188,0.6438261,0.105834134,0.0010817065,6.874157e-07,2.7161683e-11,6.6729805e-17,1.0193148e-23,1.0
2.8666666,7.335485e-06,0.0052542677,0.23400344,0.6479762,0.111563586,0.001194297,7.9492895e-07,3.289825e-11,8.465288e-17,1.3543762e-23,0.99999994
2.8833334,6.4205133e-06,0.004816814,0.22468625,0.651658,0.11751399,0.0013176076,9.185622e-07,3.9815887e-11,1.0730815e-16,1.798178e-23,1.0
2.9,5.615414e-06,0.004412436,0.21557656,0.65486395,0.123687856,0.0014525452,1.0606163e-06,4.8152003e-11,1.3592461e-16,2.3856427e-23,1.0
2.9166667,4.9075625e-06,0.004038952,0.20667975,0.65758747,0.13008757,0.0016000911,1.2237145e-06,5.8189183e-11,1.7204093e-16,3.1626043e-23,1.0
2.9333334,4.285698e-06,0.0036942863,0.1980003,0.6598234,0.136715,0.0017612911,1.4108238e-06,7.02654e-11,2.1758846e-16,4.189443e-23,1.0
2.95,3.7398092e-06,0.00337648,0.18954214,0.66156715,0.14357163,0.0019372684,1.6253152e-06,8.478338e-11,2.7498514e-16,5.5454744e-23,1.0
2.9666667,3.260988e-06,0.0030836868,0.1813085,0.66281515,0.15065837,0.0021292213,1.8710033e-06,1.0222454e-10,3.4726567e-16,7.3348924e-23,1.0
2.9833333,2.841332e-06,0.0028141623,0.17330174,0.6635649,0.1579758,0.0023384287,2.152206e-06,1.2316083e-10,4.382119e-16,9.694532e-23,1.0
3.0,2.4738083e-06,0.0025662563,0.16552375,0.663815,0.16552375,0.0025662563,2.4738083e-06,1.4827194e-10,5.5255813e-16,1.2803331e-22,1.0
3.0166667,2.1522055e-06,0.0023384283,0.15797578,0.66356486,0.17330171,0.0028141618,2.8413315e-06,1.7836929e-10,6.9621995e-16,1.6896455e-22,0.99999994
3.0333333,1.8710031e-06,0.002129221,0.15065834,0.66281503,0.18130846,0.0030836863,3.2609873e-06,2.1441499e-10,8.765663e-16,2.2281595e-22,0.9999999
3.05,1.6253151e-06,0.0019372682,0.14357162,0.6615671,0.18954213,0.0033764797,3.739809e-06,2.5754957e-10,1.1028112e-15,2.936061e-22,0.99999994
3.0666666,1.4108239e-06,0.0017612913,0.13671501,0.6598234,0.19800031,0.0036942866,4.2856987e-06,3.0912853e-10,1.3863786e-15,3.8659372e-22,1.0
3.0833333,1.2237145e-06,0.0016000911,0.13008757,0.65758747,0.20667975,0.004038952,4.9075625e-06,3.7075748e-10,1.7415597e-15,5.0864383e-22,0.99999994
3.1,1.0606163e-06,0.0014525452,0.123687856,0.65486395,0.21557656,0.004412436,5.615414e-06,4.4433648e-10,2.1861014e-15,6.6873357e-22,1.0
3.1166666,9.1856225e-07,0.0013176076,0.117514,0.65165806,0.22468626,0.0048168143,6.4205137e-06,5.321143e-10,2.7420204e-15,8.785318e-22,1.0000001
3.1333334,7.94929e-07,0.0011942971,0.1115636,0.6479763,0.23400345,0.005254268,7.3354854e-06,6.367523e-10,3.43669e-15,1.1532797e-21,1.0
3.15,6.874157e-07,0.0010817065,0.105834134,0.6438261,0.24352188,0.005727089,8.374454e-06,7.61388e-10,4.3040844e-15,1.5128088e-21,1.0
3.1666667,5.9399144e-07,0.0009789846,0.10032253,0.63921595,0.25323468,0.0062377127,9.553314e-06,9.0972413e-10,5.3863266e-15,1.9828967e-21,1.0
3.1833334,5.1287225e-07,0.00088534236,0.09502549,0.63415486,0.2631341,0.006788683,1.0889813e-05,1.08613e-09,6.735484e-15,2.5970797e-21,0.9999998
3.2,4.4249347e-07,0.0008000459,0.089939356,0.6286534,0.2732117,0.0073826755,1.2403796e-05,1.295754e-09,8.416186e-15,3.3988666e-21,1.0
3.2166667,3.8147903e-07,0.000722413,0.08506028,0.6227223,0.283458,0.008022492,1.4117459e-05,1.5446502e-09,1.0508269e-14,4.444853e-21,1.0
3.2333333,3.286259e-07,0.0006518128,0.08038411,0.61637384,0.29386282,0.008711068,1.6055556e-05,1.8399446e-09,1.3110315e-14,5.8082365e-21,1.0
3.25,2.8287766e-07,0.00058766006,0.07590659,0.6096206,0.30441517,0.009451472,1.824566e-05,2.1900113e-09,1.6343989e-14,7.583983e-21,1.0
3.2666667,2.4331052e-07,0.0005294119,0.0716232,0.6024763,0.3151032,0.010246894,2.07185e-05,2.6046587e-09,2.035959e-14,9.8949615e-21,1.0
3.2833333,2.0911584e-07,0.0004765693,0.067529246,0.59495544,0.32591438,0.011100664,2.3508297e-05,3.0954217e-09,2.5342265e-14,1.290017e-20,1.0
3.3,1.7958753e-07,0.00042866846,0.06361998,0.58707315,0.33683518,0.012016259,2.6653079e-05,3.675806e-09,3.1519956e-14,1.6805207e-20,1.0
3.3166666,1.5410855e-07,0.00038528233,0.059890453,0.57884514,0.3478515,0.012997262,3.019507e-05,4.3616164e-09,3.9172868e-14,2.1874937e-20,1.0
3.3333333,1.3214184e-07,0.00034601806,0.05633563,0.5702882,0.3589484,0.014047405,3.418121e-05,5.171347e-09,4.864593e-14,2.8452276e-20,0.99999994
3.35,1.1321786e-07,0.00031051264,0.05295049,0.5614193,0.37011036,0.015170561,3.8663296e-05,6.1266494e-09,6.036309e-14,3.6978586e-20,1.0
3.3666666,9.692806e-08,0.00027843256,0.049729846,0.5522562,0.38132095,0.0163707,4.369892e-05,7.252714e-09,7.4844055e-14,4.8022087e-20,1.0
3.3833334,8.291688e-08,0.00024947088,0.046668466,0.54281706,0.39256358,0.017651968,4.935177e-05,8.5790495e-09,9.272585e-14,6.2314656e-20,1.0
3.4,7.087553e-08,0.00022334671,0.043761197,0.5331207,0.40382043,0.019018551,5.5692075e-05,1.0139943e-08,1.1479035e-13,8.0797684e-20,1.0
3.4166667,6.053536e-08,0.00019980104,0.041002817,0.523186,0.41507357,0.020474846,6.27975e-05,1.1975428e-08,1.4199346e-13,1.0468151e-19,0.99999994
3.4333334,5.1662827e-08,0.00017859714,0.038388073,0.5130325,0.42630467,0.022025298,7.075382e-05,1.413202e-08,1.7550379e-13,1.3551677e-19,0.99999994
3.45,4.4056105e-08,0.0001595176,0.035911743,0.50267977,0.43749472,0.02367449,7.965546e-05,1.6663865e-08,2.1675141e-13,1.752976e-19,0.99999994
3.4666667,3.7539802e-08,0.00014236374,0.033568684,0.49214756,0.44862455,0.02542712,8.960617e-05,1.9633795e-08,2.6748406e-13,2.2657922e-19,0.99999994
3.4833333,3.196206e-08,0.00012695458,0.031353746,0.48145607,0.45967457,0.027287941,0.000100720434,2.3114865e-08,3.2983108e-13,2.9262982e-19,1.0
3.5,2.7191572e-08,0.000113123926,0.029261827,0.47062504,0.47062504,0.029261827,0.000113123926,2.7191572e-08,4.0638822e-13,3.776372e-19,1.0
3.5166667,2.3114865e-08,0.000100720434,0.027287941,0.45967457,0.48145607,0.031353746,0.00012695458,3.196206e-08,5.003174e-13,4.8694887e-19,1.0
3.5333333,1.9633795e-08,8.960617e-05,0.02542712,0.44862455,0.49214756,0.033568684,0.00014236374,3.7539802e-08,6.154747e-13,6.2741686e-19,0.99999994
3.55,1.6663865e-08,7.965546e-05,0.02367449,0.43749472,0.50267977,0.035911743,0.0001595176,4.4056105e-08,7.5654126e-13,8.077621e-19,0.99999994
3.5666666,1.413202e-08,7.075382e-05,0.022025298,0.42630467,0.5130325,0.038388073,0.00017859714,5.1662827e-08,9.292006e-13,1.0391229e-18,0.99999994
3.5833333,1.1975428e-08,6.27975e-05,0.020474846,0.41507357,0.523186,0.041002817,0.00019980104,6.053536e-08,1.140367e-12,1.3356991e-18,0.99999994
3.6,1.0139943e-08,5.5692075e-05,0.019018551,0.40382043,0.5331207,0.043761197,0.00022334671,7.087553e-08,1.3984277e-12,1.7155716e-18,1.0
3.6166666,8.5790495e-09,4.935177e-05,0.017651968,0.39256358,0.54281706,0.046668466,0.00024947088,8.291688e-08,1.7135407e-12,2.201768e-18,1.0
3.6333334,7.252714e-09,4.369892e-05,0.0163707,0.38132095,0.5522562,0.049729846,0.00027843256,9.692806e-08,2.0979939e-12,2.8234847e-18,1.0
3.65,6.1266494e-09,3.8663296e-05,0.015170561,0.37011036,0.5614193,0.05295049,0.00031051264,1.1321786e-07,2.5667138e-12,3.6179792e-18,1.0
3.6666667,5.171347e-09,3.418121e-05,0.014047405,0.3589484,0.5702882,0.05633563,0.00034601806,1.3214184e-07,3.137695e-12,4.6323798e-18,0.99999994
3.6833334,4.3616164e-09,3.019507e-05,0.012997262,0.3478515,0.57884514,0.059890453,0.00038528233,1.5410855e-07,3.8326677e-12,5.9265746e-18,1.0
3.7,3.675806e-09,2.6653079e-05,0.012016259,0.33683518,0.58707315,0.06361998,0.00042866846,1.7958753e-07,4.67795e-12,7.576416e-18,1.0
3.7166667,3.0954217e-09,2.3508297e-05,0.011100664,0.32591438,0.59495544,0.067529246,0.0004765693,2.0911584e-07,5.7052466e-12,9.678026e-18,1.0
3.7333333,2.6046587e-09,2.07185e-05,0.010246894,0.3151032,0.6024763,0.0716232,0.0005294119,2.4331052e-07,6.9527305e-12,1.2353125e-17,1.0
3.75,2.1900113e-09,1.824566e-05,0.009451472,0.30441517,0.6096206,0.07590659,0.00058766006,2.8287766e-07,8.466394e-12,1.5755173e-17,1.0
3.7666667,1.8399446e-09,1.6055556e-05,0.008711068,0.29386282,0.61637384,0.08038411,0.0006518128,3.286259e-07,1.03016345e-11,2.007882e-17,1.0
3.7833333,1.5446502e-09,1.4117459e-05,0.008022492,0.283458,0.6227223,0.08506028,0.000722413,3.8147903e-07,1.2525135e-11,2.5569524e-17,1.0
3.8,1.295754e-09,1.2403796e-05,0.0073826755,0.2732117,0.6286534,0.089939356,0.0008000459,4.4249347e-07,1.521688e-11,3.2536498e-17,1.0
3.8166666,1.08613e-09,1.0889813e-05,0.006788683,0.2631341,0.63415486,0.09502549,0.00088534236,5.1287225e-07,1.8472855e-11,4.1369946e-17,0.9999998
3.8333333,9.0972413e-10,9.553314e-06,0.0062377127,0.25323468,0.63921595,0.10032253,0.0009789846,5.9399144e-07,2.240833e-11,5.2561108e-17,1.0
3.85,7.61388e-10,8.374454e-06,0.005727089,0.24352188,0.6438261,0.105834134,0.0010817065,6.874157e-07,2.7161683e-11,6.6729805e-17,1.0
3.8666666,6.367523e-10,7.3354854e-06,0.005254268,0.23400345,0.6479763,0.1115636,0.0011942971,7.94929e-07,3.2898254e-11,8.465289e-17,1.0
3.8833334,5.321143e-10,6.4205137e-06,0.0048168143,0.22468626,0.65165806,0.117514,0.0013176076,9.1856225e-07,3.981589e-11,1.07308156e-16,1.0000001
3.9,4.4433648e-10,5.615414e-06,0.004412436,0.21557656,0.65486395,0.123687856,0.0014525452,1.0606163e-06,4.8152003e-11,1.3592461e-16,1.0
3.9166667,3.7075748e-10,4.9075625e-06,0.004038952,0.20667975,0.65758747,0.13008757,0.0016000911,1.2237145e-06,5.8189183e-11,1.7204093e-16,0.99999994
3.9333334,3.0912853e-10,4.2856987e-06,0.0036942866,0.19800031,0.6598234,0.13671501,0.0017612913,1.4108239e-06,7.0265405e-11,2.1758847e-16,1.0
3.95,2.5754957e-10,3.739809e-06,0.0033764797,0.18954213,0.6615671,0.14357162,0.0019372682,1.6253151e-06,8.4783375e-11,2.7498512e-16,0.99999994
3.9666667,2.1441499e-10,3.2609873e-06,0.0030836863,0.18130846,0.66281503,0.15065834,0.002129221,1.8710031e-06,1.0222453e-10,3.4726561e-16,0.9999999
3.9833333,1.7836929e-10,2.8413315e-06,0.0028141618,0.17330171,0.66356486,0.15797578,0.0023384283,2.1522055e-06,1.2316081e-10,4.3821186e-16,0.99999994
4.0,1.4827194e-10,2.4738083e-06,0.0025662563,0.16552375,0.663815,0.16552375,0.0025662563,2.4738083e-06,1.4827194e-10,5.5255813e-16,1.0
4.016667,1.2315989e-10,2.1522014e-06,0.0023384253,0.15797566,0.6635649,0.17330182,0.0028141632,2.8413317e-06,1.7836964e-10,6.962253e-16,0.99999994
4.0333333,1.0222454e-10,1.8710033e-06,0.0021292213,0.15065837,0.66281515,0.1813085,0.0030836868,3.260988e-06,2.1441501e-10,8.7656645e-16,1.0
4.05,8.478337e-11,1.6253116e-06,0.0019372662,0.1435715,0.6615671,0.1895423,0.0033764844,3.7398158e-06,2.5755054e-10,1.1028111e-15,1.0
4.0666666,7.02654e-11,1.4108238e-06,0.0017612911,0.136715,0.6598234,0.1980003,0.0036942863,4.285698e-06,3.091285e-10,1.3863785e-15,1.0
4.0833335,5.8189075e-11,1.2237123e-06,0.0016000887,0.1300875,0.65758747,0.20667985,0.004038958,4.9075716e-06,3.7075887e-10,1.741573e-15,1.0
4.1,4.8152003e-11,1.0606163e-06,0.0014525452,0.123687856,0.65486395,0.21557656,0.004412436,5.615414e-06,4.4433648e-10,2.1861014e-15,1.0
4.116667,3.9815887e-11,9.185595e-07,0.0013176049,0.117513895,0.65165794,0.22468637,0.004816816,6.4205133e-06,5.321163e-10,2.7420201e-15,0.99999994
4.133333,3.2898254e-11,7.949313e-07,0.0011942987,0.11156366,0.6479763,0.23400332,0.0052542603,7.3354645e-06,6.367523e-10,3.43669e-15,0.99999994
4.15,2.7161683e-11,6.874157e-07,0.0010817065,0.105834134,0.6438261,0.24352188,0.005727089,8.374454e-06,7.61388e-10,4.3040844e-15,1.0
4.1666665,2.2408459e-11,5.939925e-07,0.0009789864,0.10032262,0.639216,0.25323457,0.0062377066,9.553297e-06,9.0972063e-10,5.3862855e-15,1.0
4.1833334,1.8472857e-11,5.1287225e-07,0.0008853424,0.095025495,0.6341549,0.26313412,0.0067886836,1.0889814e-05,1.0861301e-09,6.735485e-15,1.0
4.2,1.521688e-11,4.4249347e-07,0.0008000466,0.089939415,0.62865347,0.27321157,0.0073826644,1.24037715e-05,1.2957491e-09,8.416186e-15,1.0
4.2166667,1.2525134e-11,3.81479e-07,0.00072241295,0.085060276,0.62272227,0.28345796,0.008022491,1.4117457e-05,1.5446501e-09,1.0508268e-14,0.99999994
4.233333,1.0301711e-11,3.286268e-07,0.000651814,0.08038418,0.6163739,0.2938626,0.008711063,1.6055525e-05,1.8399445e-09,1.3110215e-14,0.99999994
4.25,8.466394e-12,2.8287766e-07,0.00058766006,0.07590659,0.6096206,0.30441517,0.009451472,1.824566e-05,2.1900113e-09,1.6343989e-14,0.99999994
4.266667,6.9526906e-12,2.4330984e-07,0.00052941166,0.07162314,0.6024763,0.31510335,0.010246905,2.071854e-05,2.6046687e-09,2.0359667e-14,1.0
4.2833333,5.7052466e-12,2.0911584e-07,0.0004765693,0.067529246,0.59495544,0.32591438,0.011100664,2.3508297e-05,3.0954217e-09,2.5342265e-14,1.0
4.3,4.6779494e-12,1.79587e-07,0.0004286676,0.06361991,0.587073,0.33683535,0.012016268,2.6653128e-05,3.675813e-09,3.1519953e-14,1.0
4.3166666,3.8326677e-12,1.5410855e-07,0.00038528233,0.059890453,0.57884514,0.3478515,0.012997262,3.019507e-05,4.3616164e-09,3.9172868e-14,1.0
4.3333335,3.1376705e-12,1.3214145e-07,0.00034601736,0.056335602,0.57028806,0.3589486,0.014047425,3.4181205e-05,5.171366e-09,4.8646295e-14,1.0
4.35,2.5667138e-12,1.1321786e-07,0.00031051264,0.05295049,0.5614193,0.37011036,0.015170561,3.8663296e-05,6.1266494e-09,6.036309e-14,0.99999994
4.366667,2.0979939e-12,9.692787e-08,0.0002784323,0.0497298,0.5522561,0.38132113,0.016370721,4.369901e-05,7.2527278e-09,7.4844055e-14,1.0
4.383333,1.7135407e-12,8.2917126e-08,0.00024947134,0.04666849,0.5428172,0.39256352,0.017651943,4.9351678e-05,8.579033e-09,9.272585e-14,1.0
4.4,1.3984277e-12,7.087553e-08,0.00022334671,0.043761197,0.5331207,0.40382043,0.019018551,5.5692075e-05,1.0139943e-08,1.1479035e-13,1.0
4.4166665,1.1403715e-12,6.053538e-08,0.00019980146,0.041002862,0.5231862,0.41507354,0.020474823,6.2797386e-05,1.1975407e-08,1.4199239e-13,1.0
4.4333334,9.292007e-13,5.166283e-08,0.00017859715,0.038388077,0.51303256,0.4263047,0.0220253,7.075382e-05,1.4132022e-08,1.755038e-13,1.0
4.45,7.565413e-13,4.4056197e-08,0.00015951761,0.035911787,0.50267994,0.43749458,0.023674475,7.965532e-05,1.6663833e-08,2.1675142e-13,1.0
4.4666667,6.154747e-13,3.7539802e-08,0.00014236374,0.033568684,0.49214756,0.44862455,0.02542712,8.960617e-05,1.9633795e-08,2.6748406e-13,0.99999994
4.483333,5.0032125e-13,3.1962124e-08,0.00012695482,0.03135377,0.4814562,0.4596744,0.02728791,0.00010072025,2.311482e-08,3.2982978e-13,1.0
4.5,4.063882e-13,2.719157e-08,0.00011312392,0.029261826,0.470625,0.470625,0.029261826,0.00011312392,2.719157e-08,4.063882e-13,0.99999994
4.516667,3.2982978e-13,2.311482e-08,0.00010072025,0.02728791,0.4596744,0.4814562,0.03135377,0.00012695482,3.1962124e-08,5.0032125e-13,1.0
4.5333333,2.6748406e-13,1.9633795e-08,8.960617e-05,0.02542712,0.44862455,0.49214756,0.033568684,0.00014236374,3.7539802e-08,6.154747e-13,0.99999994
4.55,2.1675141e-13,1.6663833e-08,7.9655314e-05,0.023674473,0.43749455,0.50267994,0.035911784,0.0001595176,4.4056193e-08,7.5654126e-13,0.99999994
4.5666666,1.7550379e-13,1.413202e-08,7.075382e-05,0.022025298,0.42630467,0.5130325,0.038388073,0.00017859714,5.1662827e-08,9.292006e-13,0.99999994
4.5833335,1.4199237e-13,1.19754064e-08,6.279738e-05,0.020474821,0.4150735,0.52318615,0.04100286,0.00019980145,6.053537e-08,1.1403714e-12,1.0
4.6,1.1479035e-13,1.0139943e-08,5.5692075e-05,0.019018551,0.40382043,0.5331207,0.043761197,0.00022334671,7.087553e-08,1.3984277e-12,1.0
4.616667,9.272585e-14,8.579033e-09,4.9351678e-05,0.017651943,0.39256352,0.5428172,0.04666849,0.00024947134,8.2917126e-08,1.7135407e-12,1.0000001
4.633333,7.4844055e-14,7.2527278e-09,4.369901e-05,0.016370721,0.38132113,0.5522561,0.0497298,0.0002784323,9.692787e-08,2.0979939e-12,1.0
4.65,6.036309e-14,6.1266494e-09,3.8663296e-05,0.015170561,0.37011036,0.5614193,0.05295049,0.00031051264,1.1321786e-07,2.5667138e-12,1.0
4.6666665,4.8646295e-14,5.171366e-09,3.4181205e-05,0.014047425,0.3589486,0.57028806,0.056335602,0.00034601736,1.3214145e-07,3.1376705e-12,1.0
4.6833334,3.9172868e-14,4.3616164e-09,3.019507e-05,0.012997262,0.3478515,0.57884514,0.059890453,0.00038528233,1.5410855e-07,3.8326677e-12,1.0
4.7,3.1519953e-14,3.675813e-09,2.6653128e-05,0.012016268,0.33683535,0.587073,0.06361991,0.0004286676,1.79587e-07,4.6779494e-12,1.0000001
4.7166667,2.5342265e-14,3.0954217e-09,2.3508297e-05,0.011100664,0.32591438,0.59495544,0.067529246,0.0004765693,2.0911584e-07,5.7052466e-12,1.0
4.733333,2.0359667e-14,2.6046687e-09,2.071854e-05,0.010246905,0.31510335,0.6024763,0.07162314,0.00052941166,2.4330984e-07,6.9526906e-12,1.0000001
4.75,1.6343989e-14,2.1900113e-09,1.824566e-05,0.009451472,0.30441517,0.6096206,0.07590659,0.00058766006,2.8287766e-07,8.466394e-12,1.0
4.766667,1.3110215e-14,1.8399445e-09,1.6055525e-05,0.008711063,0.2938626,0.6163739,0.08038418,0.000651814,3.286268e-07,1.0301711e-11,0.99999994
4.7833333,1.0508268e-14,1.5446501e-09,1.4117457e-05,0.008022491,0.28345796,0.62272227,0.085060276,0.00072241295,3.81479e-07,1.2525134e-11,0.99999994
4.8,8.4161854e-15,1.295749e-09,1.2403771e-05,0.007382664,0.27321154,0.6286534,0.08993941,0.00080004655,4.4249344e-07,1.5216878e-11,0.9999999
4.8166666,6.735485e-15,1.0861301e-09,1.0889814e-05,0.0067886836,0.26313412,0.6341549,0.095025495,0.0008853424,5.1287225e-07,1.8472857e-11,1.0
4.8333335,5.386285e-15,9.097206e-10,9.553296e-06,0.0062377057,0.25323454,0.63921595,0.10032261,0.0009789863,5.9399247e-07,2.2408457e-11,0.99999994
4.85,4.304084e-15,7.6138795e-10,8.3744535e-06,0.0057270885,0.24352187,0.64382607,0.10583413,0.0010817065,6.8741565e-07,2.7161681e-11,0.99999994
4.866667,3.4366905e-15,6.367524e-10,7.335465e-06,0.0052542607,0.23400334,0.64797634,0.11156367,0.0011942987,7.9493134e-07,3.2898257e-11,1.0000001
4.883333,2.7420201e-15,5.321163e-10,6.4205133e-06,0.004816816,0.22468637,0.65165794,0.117513895,0.0013176049,9.185595e-07,3.9815887e-11,0.99999994
4.9,2.1861016e-15,4.443365e-10,5.6154145e-06,0.0044124364,0.21557657,0.654864,0.12368786,0.0014525453,1.0606165e-06,4.8152007e-11,1.0000001
4.9166665,1.741573e-15,3.7075887e-10,4.9075716e-06,0.004038958,0.20667985,0.65758747,0.1300875,0.0016000887,1.2237123e-06,5.8189075e-11,1.0
4.9333334,1.3863785e-15,3.091285e-10,4.285698e-06,0.0036942863,0.1980003,0.6598234,0.136715,0.0017612911,1.4108238e-06,7.02654e-11,1.0
4.95,1.1028111e-15,2.5755054e-10,3.7398158e-06,0.0033764844,0.1895423,0.6615671,0.1435715,0.0019372662,1.6253116e-06,8.478337e-11,1.0
4.9666667,8.7656645e-16,2.1441501e-10,3.260988e-06,0.0030836868,0.1813085,0.66281515,0.15065837,0.0021292213,1.8710033e-06,1.0222454e-10,1.0000001
4.983333,6.962253e-16,1.7836964e-10,2.8413317e-06,0.0028141632,0.17330182,0.6635649,0.15797566,0.0023384253,2.1522014e-06,1.2315989e-10,0.99999994
5.0,5.5255813e-16,1.4827194e-10,2.4738083e-06,0.0025662563,0.16552375,0.663815,0.16552375,0.0025662563,2.4738083e-06,1.4827194e-10,1.0
5.016667,4.3821189e-16,1.2315989e-10,2.1522014e-06,0.0023384253,0.15797566,0.6635649,0.17330182,0.0028141632,2.8413317e-06,1.7836964e-10,1.0
5.0333333,3.4726564e-16,1.02224534e-10,1.8710032e-06,0.002129221,0.15065835,0.6628151,0.18130848,0.0030836866,3.2609876e-06,2.14415e-10,1.0
5.05,2.749851e-16,8.478337e-11,1.6253116e-06,0.0019372662,0.1435715,0.6615671,0.1895423,0.0033764844,3.7398158e-06,2.5755054e-10,1.0
5.0666666,2.1758847e-16,7.0265405e-11,1.4108239e-06,0.0017612913,0.13671501,0.6598234,0.19800031,0.0036942866,4.2856987e-06,3.0912853e-10,1.0
5.0833335,1.7203962e-16,5.818908e-11,1.2237124e-06,0.0016000888,0.13008751,0.6575875,0.20667987,0.0040389583,4.907572e-06,3.7075892e-10,1.0000001
5.1,1.3592461e-16,4.8152003e-11,1.0606163e-06,0.0014525452,0.123687856,0.65486395,0.21557656,0.004412436,5.615414e-06,4.4433648e-10,1.0
5.116667,1.07308156e-16,3.981589e-11,9.185596e-07,0.001317605,0.1175139,0.651658,0.22468638,0.0048168167,6.4205137e-06,5.3211635e-10,1.0
5.133333,8.465289e-17,3.2898254e-11,7.949313e-07,0.0011942987,0.11156366,0.6479763,0.23400332,0.0052542603,7.3354645e-06,6.367523e-10,0.99999994
5.15,6.67298e-17,2.7161681e-11,6.8741565e-07,0.0010817065,0.10583413,0.64382607,0.24352187,0.0057270885,8.3744535e-06,7.6138795e-10,0.99999994
5.1666665,5.2561498e-17,2.2408457e-11,5.9399247e-07,0.0009789863,0.10032261,0.63921595,0.25323454,0.0062377057,9.553296e-06,9.097206e-10,0.99999994
5.1833334,4.136995e-17,1.8472857e-11,5.1287225e-07,0.0008853424,0.095025495,0.6341549,0.26313412,0.0067886836,1.0889814e-05,1.0861301e-09,0.99999994
5.2,3.2536498e-17,1.521688e-11,4.4249347e-07,0.0008000466,0.089939415,0.62865347,0.27321157,0.0073826644,1.24037715e-05,1.2957491e-09,1.0
5.2166667,2.5569524e-17,1.2525135e-11,3.8147903e-07,0.000722413,0.08506028,0.6227223,0.283458,0.008022492,1.4117459e-05,1.5446502e-09,1.0
5.233333,2.0078972e-17,1.0301711e-11,3.286268e-07,0.000651814,0.08038418,0.6163739,0.2938626,0.008711063,1.6055525e-05,1.8399445e-09,0.99999994
5.25,1.5755173e-17,8.466394e-12,2.8287766e-07,0.00058766006,0.07590659,0.6096206,0.30441517,0.009451472,1.824566e-05,2.1900113e-09,1.0
5.266667,1.23530325e-17,6.9526906e-12,2.4330984e-07,0.00052941166,0.07162314,0.6024763,0.31510335,0.010246905,2.071854e-05,2.6046687e-09,1.0000001
5.2833333,9.678026e-18,5.7052466e-12,2.0911584e-07,0.0004765693,0.067529246,0.59495544,0.32591438,0.011100664,2.3508297e-05,3.0954217e-09,1.0
5.3,7.576415e-18,4.677949e-12,1.7958699e-07,0.00042866758,0.063619904,0.58707297,0.33683532,0.0120162675,2.6653126e-05,3.6758125e-09,1.0
5.3166666,5.9265746e-18,3.8326677e-12,1.5410855e-07,0.00038528233,0.059890453,0.57884514,0.3478515,0.012997262,3.019507e-05,4.3616164e-09,1.0
5.3333335,4.632379e-18,3.1376702e-12,1.3214144e-07,0.00034601736,0.0563356,0.570288,0.35894856,0.014047424,3.41812e-05,5.1713656e-09,0.9999999
5.35,3.6179796e-18,2.566714e-12,1.13217865e-07,0.00031051267,0.052950498,0.5614193,0.3701104,0.015170562,3.86633e-05,6.12665e-09,1.0
5.366667,2.8234847e-18,2.0979939e-12,9.692787e-08,0.0002784323,0.0497298,0.5522561,0.38132113,0.016370721,4.369901e-05,7.2527278e-09,1.0
5.383333,2.201768e-18,1.7135406e-12,8.291712e-08,0.0002494713,0.046668485,0.5428172,0.3925635,0.017651943,4.9351675e-05,8.579032e-09,1.0
5.4,1.7155717e-18,1.3984278e-12,7.087554e-08,0.00022334672,0.0437612,0.5331207,0.40382046,0.019018553,5.5692082e-05,1.0139944e-08,1.0
5.4166665,1.3357094e-18,1.1403714e-12,6.053537e-08,0.00019980145,0.04100286,0.52318615,0.4150735,0.020474821,6.279738e-05,1.19754064e-08,1.0
5.4333334,1.0391229e-18,9.292006e-13,5.1662827e-08,0.00017859714,0.038388073,0.5130325,0.42630467,0.022025298,7.075382e-05,1.413202e-08,0.9999999
5.45,8.0776213e-19,7.565413e-13,4.4056197e-08,0.00015951761,0.035911787,0.50267994,0.43749458,0.023674475,7.965532e-05,1.6663833e-08,1.0
5.4666667,6.2741686e-19,6.154747e-13,3.7539802e-08,0.00014236374,0.033568684,0.49214756,0.44862455,0.02542712,8.960617e-05,1.9633795e-08,0.9999999
5.483333,4.869526e-19,5.0032125e-13,3.1962124e-08,0.00012695482,0.03135377,0.4814562,0.4596744,0.02728791,0.00010072025,2.311482e-08,1.0
5.5,3.776372e-19,4.0638822e-13,2.7191572e-08,0.000113123926,0.029261827,0.47062504,0.47062504,0.029261827,0.000113123926,2.7191572e-08,1.0
5.516667,2.926276e-19,3.2982978e-13,2.311482e-08,0.00010072025,0.02728791,0.4596744,0.4814562,0.03135377,0.00012695482,3.1962124e-08,1.0
5.5333333,2.2657925e-19,2.674841e-13,1.9633797e-08,8.9606176e-05,0.025427122,0.44862458,0.4921476,0.033568688,0.00014236376,3.7539806e-08,1.0
5.55,1.752976e-19,2.1675141e-13,1.6663833e-08,7.9655314e-05,0.023674473,0.43749455,0.50267994,0.035911784,0.0001595176,4.4056193e-08,1.0
5.5666666,1.3551677e-19,1.7550379e-13,1.413202e-08,7.075382e-05,0.022025298,0.42630467,0.5130325,0.038388073,0.00017859714,5.1662827e-08,0.9999999
5.5833335,1.0468072e-19,1.4199237e-13,1.19754064e-08,6.279738e-05,0.020474821,0.4150735,0.52318615,0.04100286,0.00019980145,6.053537e-08,1.0000001
5.6,8.079769e-20,1.1479037e-13,1.0139944e-08,5.5692082e-05,0.019018553,0.40382046,0.5331207,0.0437612,0.00022334672,7.087554e-08,1.0000001
5.616667,6.231465e-20,9.272584e-14,8.579032e-09,4.9351675e-05,0.017651943,0.3925635,0.5428172,0.046668485,0.0002494713,8.291712e-08,0.99999994
5.633333,4.8022087e-20,7.4844055e-14,7.2527278e-09,4.369901e-05,0.016370721,0.38132113,0.5522561,0.0497298,0.0002784323,9.692787e-08,1.0
5.65,3.697859e-20,6.03631e-14,6.12665e-09,3.86633e-05,0.015170562,0.3701104,0.5614193,0.052950498,0.00031051267,1.13217865e-07,1.0000001
5.6666665,2.845249e-20,4.864629e-14,5.1713656e-09,3.41812e-05,0.014047424,0.35894856,0.570288,0.0563356,0.00034601736,1.3214144e-07,0.99999994
5.6833334,2.1874937e-20,3.9172868e-14,4.3616164e-09,3.019507e-05,0.012997262,0.3478515,0.57884514,0.059890453,0.00038528233,1.5410855e-07,1.0
5.7,1.6805205e-20,3.1519953e-14,3.675813e-09,2.6653128e-05,0.012016268,0.33683535,0.587073,0.06361991,0.0004286676,1.79587e-07,1.0000001
5.7166667,1.2900169e-20,2.5342262e-14,3.0954215e-09,2.3508295e-05,0.011100663,0.32591435,0.5949554,0.06752924,0.00047656926,2.0911583e-07,1.0
5.733333,9.895075e-21,2.0359667e-14,2.6046687e-09,2.071854e-05,0.010246905,0.31510335,0.6024763,0.07162314,0.00052941166,2.4330984e-07,1.0000001
5.75,7.583983e-21,1.6343989e-14,2.1900113e-09,1.824566e-05,0.009451472,0.30441517,0.6096206,0.07590659,0.00058766006,2.8287766e-07,1.0
5.766667,5.808236e-21,1.3110215e-14,1.8399445e-09,1.6055525e-05,0.008711063,0.2938626,0.6163739,0.08038418,0.000651814,3.286268e-07,1.0
5.7833333,4.444853e-21,1.0508269e-14,1.5446502e-09,1.4117459e-05,0.008022492,0.283458,0.6227223,0.08506028,0.000722413,3.8147903e-07,1.0
5.8,3.398866e-21,8.4161854e-15,1.295749e-09,1.2403771e-05,0.007382664,0.27321154,0.6286534,0.08993941,0.00080004655,4.4249344e-07,0.9999999
5.8166666,2.5970801e-21,6.7354853e-15,1.0861302e-09,1.0889814e-05,0.006788684,0.26313415,0.634155,0.0950255,0.00088534254,5.128723e-07,1.0000001
5.8333335,1.9828812e-21,5.386285e-15,9.097206e-10,9.553296e-06,0.0062377057,0.25323454,0.63921595,0.10032261,0.0009789863,5.9399247e-07,0.99999994
5.85,1.5128087e-21,4.304084e-15,7.6138795e-10,8.3744535e-06,0.0057270885,0.24352187,0.64382607,0.10583413,0.0010817065,6.8741565e-07,0.99999994
5.866667,1.1532797e-21,3.43669e-15,6.367523e-10,7.3354645e-06,0.0052542603,0.23400332,0.6479763,0.11156366,0.0011942987,7.949313e-07,0.99999994
5.883333,8.785317e-22,2.7420201e-15,5.321163e-10,6.4205133e-06,0.004816816,0.22468637,0.65165794,0.117513895,0.0013176049,9.185595e-07,0.99999994
5.9,6.6873357e-22,2.1861014e-15,4.4433648e-10,5.615414e-06,0.004412436,0.21557656,0.65486395,0.123687856,0.0014525452,1.0606163e-06,1.0
5.9166665,5.0864964e-22,1.7415732e-15,3.7075892e-10,4.907572e-06,0.0040389583,0.20667987,0.6575875,0.13008751,0.0016000888,1.2237124e-06,1.0
5.9333334,3.8659372e-22,1.3863786e-15,3.0912853e-10,4.2856987e-06,0.0036942866,0.19800031,0.6598234,0.13671501,0.0017612913,1.4108239e-06,1.0
5.95,2.9360608e-22,1.1028111e-15,2.5755054e-10,3.7398158e-06,0.0033764844,0.1895423,0.6615671,0.1435715,0.0019372662,1.6253116e-06,1.0
5.9666667,2.2281595e-22,8.7656634e-16,2.14415e-10,3.2609876e-06,0.0030836866,0.18130848,0.6628151,0.15065835,0.002129221,1.8710032e-06,0.99999994
5.983333,1.689665e-22,6.9622535e-16,1.7836965e-10,2.841332e-06,0.0028141635,0.17330183,0.6635649,0.15797567,0.0023384255,2.1522014e-06,1.0
6.0,1.2803331e-22,5.5255813e-16,1.4827194e-10,2.4738083e-06,0.0025662563,0.16552375,0.663815,0.16552375,0.0025662563,2.4738083e-06,1.0
6.016667,9.6944196e-23,4.3821189e-16,1.2315989e-10,2.1522014e-06,0.0023384253,0.15797566,0.6635649,0.17330182,0.0028141632,2.8413317e-06,1.0
6.0333333,7.3348924e-23,3.4726567e-16,1.0222454e-10,1.8710033e-06,0.0021292213,0.15065837,0.66281515,0.1813085,0.0030836868,3.260988e-06,1.0000001
6.05,5.545474e-23,2.749851e-16,8.478337e-11,1.6253116e-06,0.0019372662,0.1435715,0.6615671,0.1895423,0.0033764844,3.7398158e-06,1.0
6.0666666,4.189443e-23,2.1758846e-16,7.02654e-11,1.4108238e-06,0.0017612911,0.136715,0.6598234,0.1980003,0.0036942863,4.285698e-06,1.0
6.0833335,3.1626043e-23,1.720396e-16,5.8189075e-11,1.2237123e-06,0.0016000887,0.1300875,0.65758747,0.20667985,0.004038958,4.9075716e-06,1.0
6.1,2.385643e-23,1.3592462e-16,4.8152007e-11,1.0606165e-06,0.0014525453,0.12368786,0.654864,0.21557657,0.0044124364,5.6154145e-06,1.0000001
6.116667,1.798178e-23,1.0730815e-16,3.9815887e-11,9.185595e-07,0.0013176049,0.117513895,0.65165794,0.22468637,0.004816816,6.4205133e-06,1.0
6.133333,1.3543764e-23,8.4652896e-17,3.2898257e-11,7.9493134e-07,0.0011942987,0.11156367,0.64797634,0.23400334,0.0052542607,7.335465e-06,1.0000001
6.15,1.0193147e-23,6.67298e-17,2.7161681e-11,6.8741565e-07,0.0010817065,0.10583413,0.64382607,0.24352187,0.0057270885,8.3744535e-06,1.0
6.1666665,7.665735e-24,5.2561498e-17,2.2408457e-11,5.9399247e-07,0.0009789863,0.10032261,0.63921595,0.25323454,0.0062377057,9.553296e-06,0.9999999
6.1833334,5.7605246e-24,4.1369953e-17,1.8472859e-11,5.128723e-07,0.00088534254,0.0950255,0.634155,0.26313415,0.006788684,1.0889814e-05,1.0000001
6.2,4.32554e-24,3.2536494e-17,1.5216878e-11,4.4249344e-07,0.00080004655,0.08993941,0.6286534,0.27321154,0.007382664,1.2403771e-05,0.9999999
6.2166667,3.245536e-24,2.5569524e-17,1.2525135e-11,3.8147903e-07,0.000722413,0.08506028,0.6227223,0.283458,0.008022492,1.4117459e-05,1.0
6.233333,2.433322e-24,2.0078972e-17,1.0301711e-11,3.286268e-07,0.000651814,0.08038418,0.6163739,0.2938626,0.008711063,1.6055525e-05,0.9999999
6.25,1.8229676e-24,1.5755175e-17,8.466395e-12,2.828777e-07,0.0005876601,0.0759066,0.60962063,0.3044152,0.009451473,1.8245662e-05,1.0000001
6.266667,1.3646363e-24,1.23530325e-17,6.9526906e-12,2.4330984e-07,0.00052941166,0.07162314,0.6024763,0.31510335,0.010246905,2.071854e-05,1.0000001
6.2833333,1.0207736e-24,9.678027e-18,5.705247e-12,2.0911585e-07,0.00047656932,0.06752925,0.59495544,0.3259144,0.011100665,2.3508299e-05,1.0
6.3,7.6294924e-25,7.576415e-18,4.6779494e-12,1.79587e-07,0.0004286676,0.06361991,0.587073,0.33683535,0.012016268,2.6653128e-05,1.0000001
6.3166666,5.698075e-25,5.926574e-18,3.8326673e-12,1.5410855e-07,0.0003852823,0.059890445,0.57884514,0.34785149,0.012997261,3.0195068e-05,1.0
6.3333335,4.2523064e-25,4.6323793e-18,3.1376705e-12,1.3214145e-07,0.00034601736,0.056335602,0.57028806,0.3589486,0.014047425,3.4181205e-05,1.0
6.35,3.1708868e-25,3.6179796e-18,2.566714e-12,1.13217865e-07,0.00031051267,0.052950498,0.5614193,0.3701104,0.015170562,3.86633e-05,1.0
6.366667,2.3626318e-25,2.8234847e-18,2.0979939e-12,9.692787e-08,0.0002784323,0.0497298,0.5522561,0.38132113,0.016370721,4.369901e-05,1.0
6.383333,1.7590294e-25,2.201768e-18,1.7135407e-12,8.2917126e-08,0.00024947134,0.04666849,0.5428172,0.39256352,0.017651943,4.9351678e-05,1.0
6.4,1.3086033e-25,1.7155716e-18,1.3984277e-12,7.087553e-08,0.00022334671,0.043761197,0.5331207,0.40382043,0.019018551,5.5692075e-05,0.99999994
6.4166665,9.727518e-26,1.3357094e-18,1.1403714e-12,6.053537e-08,0.00019980145,0.04100286,0.52318615,0.4150735,0.020474821,6.279738e-05,1.0
6.4333334,7.225196e-26,1.0391229e-18,9.292006e-13,5.1662827e-08,0.00017859714,0.038388073,0.5130325,0.42630467,0.022025298,7.075382e-05,0.9999999
6.45,5.362456e-26,8.077621e-19,7.5654126e-13,4.4056193e-08,0.0001595176,0.035911784,0.50267994,0.43749455,0.023674473,7.9655314e-05,0.99999994
6.4666667,3.976727e-26,6.2741686e-19,6.154747e-13,3.7539802e-08,0.00014236374,0.033568684,0.49214756,0.44862455,0.02542712,8.960617e-05,0.9999999
6.483333,2.946833e-26,4.869526e-19,5.0032125e-13,3.1962124e-08,0.00012695482,0.03135377,0.4814562,0.4596744,0.02728791,0.00010072025,1.0
6.5,2.1818816e-26,3.7763719e-19,4.063882e-13,2.719157e-08,0.00011312392,0.029261826,0.470625,0.470625,0.029261826,0.00011312392,0.99999994
6.516667,1.6142508e-26,2.9262763e-19,3.298298e-13,2.3114822e-08,0.00010072026,0.027287912,0.45967442,0.48145625,0.03135377,0.00012695484,1.0
6.5333333,1.193347e-26,2.2657925e-19,2.674841e-13,1.9633797e-08,8.9606176e-05,0.025427122,0.44862458,0.4921476,0.033568688,0.00014236376,0.99999994
6.55,8.814857e-27,1.7529763e-19,2.1675144e-13,1.6663835e-08,7.965532e-05,0.023674477,0.4374946,0.50268,0.03591179,0.00015951763,1.0
6.5666666,6.5062374e-27,1.3551678e-19,1.755038e-13,1.4132022e-08,7.075382e-05,0.0220253,0.4263047,0.51303256,0.038388077,0.00017859715,0.99999994
6.5833335,4.798361e-27,1.04680734e-19,1.419924e-13,1.1975408e-08,6.2797386e-05,0.020474825,0.41507357,0.52318627,0.041002866,0.00019980148,1.0000001
6.6,3.5360975e-27,8.079769e-20,1.1479037e-13,1.0139944e-08,5.5692082e-05,0.019018553,0.40382046,0.5331207,0.0437612,0.00022334672,0.99999994
6.616667,2.6037833e-27,6.2314656e-20,9.272585e-14,8.579033e-09,4.9351678e-05,0.017651943,0.39256352,0.5428172,0.04666849,0.00024947134,0.9999999
6.633333,1.9157917e-27,4.802209e-20,7.484406e-14,7.252728e-09,4.3699012e-05,0.016370721,0.38132116,0.5522561,0.049729805,0.00027843233,0.99999994
6.65,1.4084836e-27,3.697859e-20,6.03631e-14,6.12665e-09,3.86633e-05,0.015170562,0.3701104,0.5614193,0.052950498,0.00031051267,0.99999994
6.6666665,1.0347038e-27,2.8452493e-20,4.8646298e-14,5.1713664e-09,3.418121e-05,0.014047426,0.35894862,0.57028806,0.05633561,0.0003460174,0.9999999
6.6833334,7.5952177e-28,2.187494e-20,3.9172875e-14,4.361617e-09,3.0195075e-05,0.012997264,0.34785154,0.57884526,0.05989046,0.0003852824,0.99999994
6.7,5.5709363e-28,1.6805208e-20,3.151996e-14,3.6758137e-09,2.6653133e-05,0.012016271,0.33683544,0.58707315,0.06361993,0.00042866773,1.0000001
6.7166667,4.082981e-28,1.2900173e-20,2.534227e-14,3.0954226e-09,2.3508303e-05,0.011100667,0.32591447,0.59495556,0.06752926,0.0004765694,1.0000001
6.733333,2.9901204e-28,9.895078e-21,2.0359672e-14,2.6046694e-09,2.0718546e-05,0.010246906,0.31510344,0.6024764,0.071623154,0.00052941183,1.0000001
6.75,2.1880704e-28,7.583985e-21,1.6343994e-14,2.1900122e-09,1.8245666e-05,0.009451476,0.30441526,0.60962075,0.07590661,0.00058766024,1.0000001
6.766667,1.5999352e-28,5.8082377e-21,1.3110219e-14,1.8399451e-09,1.605553e-05,0.008711066,0.29386273,0.6163741,0.0803842,0.0006518142,1.0
6.7833333,1.1689875e-28,4.4448542e-21,1.0508272e-14,1.5446507e-09,1.4117463e-05,0.008022495,0.28345808,0.6227225,0.085060306,0.00072241324,0.99999994
6.8,8.534589e-29,3.398868e-21,8.41619e-15,1.2957497e-09,1.2403778e-05,0.007382668,0.2732117,0.62865376,0.08993946,0.000800047,1.0000001
6.8166666,6.226247e-29,2.5970812e-21,6.735488e-15,1.0861306e-09,1.0889818e-05,0.006788687,0.26313424,0.6341552,0.09502554,0.0008853429,0.99999994
6.8333335,4.538741e-29,1.9828824e-21,5.3862884e-15,9.0972113e-10,9.553302e-06,0.00623771,0.25323468,0.63921636,0.10032268,0.000978987,1.0
6.85,3.3060823e-29,1.5128098e-21,4.304087e-15,7.613885e-10,8.37446e-06,0.0057270927,0.24352203,0.64382654,0.1058342,0.0010817072,0.99999994
6.866667,2.4063306e-29,1.1532807e-21,3.436693e-15,6.367529e-10,7.335471e-06,0.005254265,0.23400353,0.6479769,0.11156376,0.0011942998,1.0000001
6.883333,1.7501584e-29,8.785326e-22,2.7420225e-15,5.3211674e-10,6.420519e-06,0.0048168204,0.22468656,0.65165854,0.117514,0.0013176061,1.0
6.9,1.271923e-29,6.687343e-22,2.186104e-15,4.4433696e-10,5.6154204e-06,0.004412441,0.2155768,0.65486467,0.12368799,0.0014525468,1.0
6.9166665,9.236888e-30,5.0865024e-22,1.7415751e-15,3.707593e-10,4.9075775e-06,0.0040389625,0.20668009,0.65758824,0.13008764,0.0016000905,0.99999994
6.9333334,6.702747e-30,3.8659427e-22,1.3863806e-15,3.0912897e-10,4.285705e-06,0.003694292,0.1980006,0.6598244,0.1367152,0.0017612937,1.0000001
6.95,4.860218e-30,2.9360656e-22,1.1028129e-15,2.5755095e-10,3.7398222e-06,0.00337649,0.1895426,0.66156816,0.14357173,0.0019372695,1.0
6.9666667,3.52153e-30,2.228164e-22,8.765681e-16,2.1441543e-10,3.2609942e-06,0.0030836926,0.18130884,0.6628164,0.15065865,0.0021292253,1.0000001
6.983333,2.5496275e-30,1.6896686e-22,6.9622683e-16,1.7837003e-10,2.841338e-06,0.0028141695,0.17330219,0.66356635,0.157976,0.0023384304,1.0
7.0,1.8445842e-30,1.2803363e-22,5.5255945e-16,1.482723e-10,2.4738142e-06,0.0025662626,0.16552415,0.6638167,0.16552415,0.0025662626,0.99999994
7.016667,1.333481e-30,9.694448e-23,4.3821318e-16,1.2316025e-10,2.1522076e-06,0.002338432,0.15797612,0.6635668,0.17330232,0.0028141716,1.0
7.0333333,9.632923e-31,7.334916e-23,3.4726678e-16,1.0222487e-10,1.8710092e-06,0.002129228,0.15065885,0.66281724,0.18130906,0.0030836966,0.99999994
7.05,6.9533256e-31,5.5454946e-23,2.7498612e-16,8.478369e-11,1.6253177e-06,0.0019372734,0.14357203,0.66156954,0.18954301,0.003376497,0.99999994
7.0666666,5.015371e-31,4.1894614e-23,2.175894e-16,7.02657e-11,1.4108299e-06,0.0017612987,0.13671559,0.6598263,0.19800116,0.0036943024,1.0
7.0833335,3.614815e-31,3.16262e-23,1.7204046e-16,5.8189367e-11,1.2237183e-06,0.0016000966,0.13008814,0.65759075,0.20668088,0.004038978,1.0000001
7.1,2.603402e-31,2.3856561e-23,1.3592536e-16,4.8152274e-11,1.0606223e-06,0.0014525533,0.12368855,0.65486765,0.21557778,0.004412461,1.0000001
7.116667,1.873562e-31,1.7981897e-23,1.07308844e-16,3.9816143e-11,9.185655e-07,0.0013176134,0.117514655,0.6516622,0.22468783,0.0048168474,1.0
7.133333,1.3472953e-31,1.3543863e-23,8.465352e-17,3.2898496e-11,7.9493714e-07,0.0011943075,0.11156448,0.64798105,0.23400505,0.005254299,0.99999994
7.15,9.68125e-32,1.0193234e-23,6.673037e-17,2.716191e-11,6.874215e-07,0.0010817156,0.10583503,0.64383155,0.24352393,0.0057271374,1.0000001
7.1666665,6.951312e-32,7.6658095e-24,5.2562008e-17,2.2408674e-11,5.939982e-07,0.0009789958,0.10032358,0.63922215,0.25323698,0.0062377662,1.0
7.1833334,4.9873304e-32,5.760587e-24,4.13704e-17,1.8473058e-11,5.128778e-07,0.000885352,0.09502652,0.63416183,0.26313698,0.006788757,0.9999999
7.2,3.5755655e-32,4.325594e-24,3.25369e-17,1.5217069e-11,4.42499e-07,0.00080005656,0.08994053,0.6286613,0.27321497,0.007382756,1.0
7.2166667,2.5614307e-32,3.245582e-24,2.5569887e-17,1.2525312e-11,3.8148443e-07,0.00072242325,0.08506149,0.62273115,0.283462,0.008022605,1.0
7.233333,1.8335555e-32,2.433361e-24,2.0079295e-17,1.03018765e-11,3.286321e-07,0.0006518245,0.08038547,0.6163838,0.29386735,0.008711203,0.99999994
7.25,1.3114808e-32,1.8230008e-24,1.5755461e-17,8.466549e-12,2.8288284e-07,0.0005876708,0.075907975,0.60963166,0.3044207,0.009451645,0.9999999
7.266667,9.373502e-33,1.3646644e-24,1.23532865e-17,6.952834e-12,2.4331484e-07,0.0005294226,0.071624614,0.6024887,0.31510985,0.010247116,0.99999994
7.2833333,6.694271e-33,1.02079745e-24,9.678254e-18,5.705381e-12,2.0912077e-07,0.00047658052,0.06753083,0.59496945,0.32592207,0.0111009255,1.0
7.3,4.777182e-33,7.629695e-25,7.576617e-18,4.6780735e-12,1.7959178e-07,0.000428679,0.0636216,0.5870886,0.3368443,0.012016587,0.99999994
7.3166666,3.4064357e-33,5.6982475e-25,5.9267536e-18,3.8327835e-12,1.5411321e-07,0.00038529397,0.059892263,0.57886267,0.347862,0.012997655,1.0
7.3333335,2.4270807e-33,4.252452e-25,4.6325378e-18,3.1377778e-12,1.3214597e-07,0.0003460292,0.056337528,0.57030755,0.35896087,0.014047905,1.0
7.35,1.7279982e-33,3.1710093e-25,3.6181194e-18,2.566813e-12,1.1322224e-07,0.00031052466,0.052952543,0.561441,0.3701247,0.015171149,1.0
7.366667,1.2292778e-33,2.362735e-25,2.8236081e-18,2.0980856e-12,9.6932105e-08,0.0002784445,0.049731977,0.55228025,0.3813378,0.016371436,0.99999994
7.383333,8.738304e-34,1.7591163e-25,2.2018768e-18,1.7136253e-12,8.292122e-08,0.00024948365,0.04667079,0.542844,0.3925829,0.017652815,1.0000001
7.4,6.2066056e-34,1.3086762e-25,1.7156673e-18,1.3985058e-12,7.087949e-08,0.00022335917,0.043763638,0.53315043,0.40384296,0.019019613,1.0000001
7.4166665,4.4049787e-34,9.7281285e-26,1.3357933e-18,1.1404431e-12,6.053917e-08,0.00019981399,0.041005433,0.523219,0.41509956,0.020476107,0.99999994
7.4333334,3.1238661e-34,7.2257077e-26,1.0391965e-18,9.292664e-13,5.1666483e-08,0.00017860979,0.03839079,0.51306885,0.42633486,0.02202686,1.0
7.45,2.2136026e-34,5.3628835e-26,8.0782645e-19,7.5660154e-13,4.4059707e-08,0.00015953032,0.035914645,0.50272,0.4375294,0.02367636,0.99999994
7.4666667,1.5673476e-34,3.9770832e-26,6.274731e-19,6.1552987e-13,3.7543167e-08,0.0001423765,0.033571694,0.49219167,0.44866475,0.0254294,0.99999994
7.483333,1.1088917e-34,2.9471298e-26,4.8700166e-19,5.0037166e-13,3.1965342e-08,0.00012696761,0.03135693,0.4815047,0.4597207,0.027290659,0.99999994
7.5,7.839187e-35,2.1821284e-26,3.7767991e-19,4.0643416e-13,2.7194647e-08,0.00011313672,0.029265136,0.47067827,0.47067827,0.029265136,1.0
7.516667,5.5373406e-35,1.6144559e-26,2.9266477e-19,3.2987168e-13,2.3117757e-08,0.00010073305,0.027291376,0.4597328,0.48151737,0.031357754,1.0000001
7.5333333,3.9084048e-35,1.1935169e-26,2.266115e-19,2.6752217e-13,1.9636593e-08,8.961894e-05,0.025430743,0.44868845,0.49221766,0.033573467,0.99999994
7.55,2.756469e-35,8.816263e-27,1.753256e-19,2.1678602e-13,1.6666494e-08,7.966803e-05,0.023678252,0.43756437,0.5027602,0.035917517,1.0
7.5666666,1.9425193e-35,6.507399e-27,1.3554099e-19,1.7553515e-13,1.4134546e-08,7.076646e-05,0.022029236,0.42638084,0.5131242,0.03839493,1.0
7.5833335,1.3678444e-35,4.799319e-27,1.0470164e-19,1.4202075e-13,1.1977799e-08,6.280993e-05,0.020478914,0.41515645,0.5232907,0.041011054,0.99999994
7.6,9.6242674e-36,3.5368875e-27,8.081574e-20,1.1481601e-13,1.014221e-08,5.570452e-05,0.019022802,0.40391067,0.5332398,0.043770976,0.99999994
7.616667,6.766418e-36,2.604433e-27,6.2330205e-20,9.274898e-14,8.581173e-09,4.9363993e-05,0.017656349,0.39266145,0.5429526,0.04668013,0.99999994
7.633333,4.7534336e-36,1.9163253e-27,4.8035464e-20,7.4864905e-14,7.2547484e-09,4.3711185e-05,0.01637528,0.38142735,0.55240995,0.049743656,0.99999994
7.65,3.3366777e-36,1.4089211e-27,3.6990076e-20,6.038185e-14,6.1285528e-09,3.867531e-05,0.015175275,0.37022534,0.5615937,0.052966945,1.0
7.6666665,2.3404169e-36,1.035062e-27,2.846234e-20,4.8663137e-14,5.1731566e-09,3.419304e-05,0.014052289,0.35907286,0.5704855,0.056355108,1.0
7.6833334,1.6402951e-36,7.5981446e-28,2.188337e-20,3.9187973e-14,4.3632977e-09,3.0206711e-05,0.013002274,0.34798563,0.5790683,0.059913542,0.99999994
7.7,1.1487568e-36,5.573325e-28,1.6812415e-20,3.1533478e-14,3.67739e-09,2.6664564e-05,0.012021424,0.33697987,0.58732486,0.06364721,1.0
7.7166667,8.038698e-37,4.0849277e-28,1.2906323e-20,2.5354352e-14,3.0968983e-09,2.3519511e-05,0.011105958,0.32606983,0.5952392,0.067561455,0.99999994
7.733333,5.62103e-37,2.991704e-28,9.900318e-21,2.0370455e-14,2.6060487e-09,2.0729518e-05,0.010252333,0.31527033,0.6027955,0.071661085,1.0
7.75,3.9274714e-37,2.189357e-28,7.588445e-21,1.6353602e-14,2.1912998e-09,1.8256394e-05,0.009457033,0.30459425,0.6099792,0.07595125,1.0
7.766667,2.742004e-37,1.600979e-28,5.8120267e-21,1.3118771e-14,1.8411453e-09,1.6066004e-05,0.008716748,0.29405442,0.61677617,0.08043664,1.0
7.7833333,1.9129578e-37,1.1698326e-28,4.448068e-21,1.0515869e-14,1.5457675e-09,1.412767e-05,0.008028295,0.283663,0.62317276,0.08512181,1.0
7.8,1.3335301e-37,8.541422e-29,3.4015896e-21,8.422929e-15,1.2967872e-09,1.241371e-05,0.007388579,0.27343044,0.6291571,0.09001147,1.0
7.8166666,9.2892625e-38,6.231764e-29,2.5993824e-21,6.7414565e-15,1.0870931e-09,1.0899468e-05,0.0067947023,0.2633674,0.63471717,0.095109746,0.99999994
7.8333335,6.465745e-38,4.5431884e-29,1.9848255e-21,5.3915663e-15,9.1061264e-10,9.562664e-06,0.006243822,0.25348285,0.63984275,0.10042099,1.0
7.85,4.497134e-38,3.3096625e-29,1.5144479e-21,4.3087478e-15,7.62213e-10,8.383528e-06,0.0057332944,0.24378574,0.6445237,0.105948806,0.9999999
7.866667,3.1255323e-38,2.4092079e-29,1.1546597e-21,3.4408024e-15,6.3751426e-10,7.344242e-06,0.0052605476,0.23428333,0.6487517,0.11169715,1.0000001
7.883333,2.1706543e-38,1.7524676e-29,8.796916e-22,2.7456401e-15,5.3281884e-10,6.42899e-06,0.0048231757,0.224983,0.65251833,0.117669046,1.0
7.9,1.5063653e-38,1.273773e-29,6.6970706e-22,2.189284e-15,4.4498333e-10,5.623589e-06,0.0044188597,0.2158904,0.6558173,0.123867914,1.0
7.9166665,1.0446007e-38,9.251692e-30,5.094654e-22,1.7443663e-15,3.7135353e-10,4.915443e-06,0.0040454357,0.20701133,0.6586421,0.13029614,0.9999999
7.9333334,7.238442e-39,6.714573e-30,3.8727638e-22,1.3888268e-15,3.096744e-10,4.2932666e-06,0.00370081,0.19834994,0.66098857,0.13695642,1.0
7.95,5.01209e-39,4.8696518e-30,2.9417646e-22,1.1049535e-15,2.5805086e-10,3.747081e-06,0.003383044,0.18991052,0.6628523,0.14385042,1.0
7.9666667,3.467894e-39,3.5290443e-30,2.2329184e-22,8.784385e-16,2.1487294e-10,3.2679523e-06,0.0030902724,0.1816957,0.6642307,0.15098011,1.0
7.983333,2.397745e-39,2.5556035e-30,1.6936291e-22,6.978587e-16,1.7878811e-10,2.8479978e-06,0.0028207656,0.1737084,0.6651217,0.15834628,1.0
8.0,1.656577e-39,1.8493302e-30,1.2836304e-22,5.5398115e-16,1.4865378e-10,2.480179e-06,0.0025728655,0.16595003,0.6655246,0.16595003,1.0
8.016666,1.143699e-39,1.3372643e-30,9.721917e-23,4.394498e-16,1.2350873e-10,2.1582914e-06,0.0023450376,0.15842213,0.66543937,0.17379121,0.99999994
8.033334,7.89003e-40,9.662647e-31,7.357549e-23,3.4833833e-16,1.025405e-10,1.876788e-06,0.0021358076,0.15112467,0.6648675,0.18187012,1.0
8.05,5.43932e-40,6.976883e-31,5.564282e-23,2.7591775e-16,8.507092e-11,1.6308242e-06,0.0019438368,0.14405845,0.66381085,0.19018516,0.9999999
8.066667,3.74704e-40,5.033968e-31,4.204996e-23,2.1839622e-16,7.0526245e-11,1.4160613e-06,0.0017678296,0.13722254,0.66227293,0.19873534,1.0
8.083333,2.57938e-40,3.6295297e-31,3.1754453e-23,1.7273947e-16,5.8425445e-11,1.2286832e-06,0.0016065893,0.13061586,0.6602575,0.20751877,0.99999994
8.1,1.77428e-40,2.6149206e-31,2.396211e-23,1.3652674e-16,4.8365503e-11,1.06532e-06,0.0014589869,0.124236576,0.6577699,0.21653351,1.0
8.116667,1.2196e-40,1.8826301e-31,1.806893e-23,1.0782823e-16,4.0008857e-11,9.230114e-07,0.0013239908,0.11808343,0.65481627,0.22577533,1.0
8.133333,8.3774e-41,1.3544119e-31,1.3615402e-23,8.510066e-17,3.3072267e-11,7.99136e-07,0.0012006159,0.11215377,0.6514037,0.23524107,0.99999994
8.15,5.7501e-41,9.737014e-32,1.0252064e-23,6.711525e-17,2.7318519e-11,6.913844e-07,0.0010879495,0.1064448,0.64754015,0.24492635,0.99999994
8.166667,3.9438e-41,6.9948914e-32,7.713868e-24,5.2891533e-17,2.2549202e-11,5.9772384e-07,0.000985138,0.10095315,0.6432343,0.25482675,1.0
8.183333,2.7031e-41,5.02142e-32,5.7999618e-24,4.1653176e-17,1.8599325e-11,5.1638347e-07,0.00089140364,0.09567606,0.63849646,0.26493558,1.0
8.2,1.8514e-41,3.602159e-32,4.3577662e-24,3.2778898e-17,1.5330247e-11,4.457901e-07,0.00080600707,0.090609476,0.633337,0.275247,1.0
8.216666,1.267e-41,2.5821655e-32,3.271868e-24,2.577668e-17,1.2626704e-11,3.8457148e-07,0.0007282682,0.085749544,0.6277677,0.28575414,1.0
8.233334,8.666e-42,1.8496543e-32,2.4547168e-24,2.0255592e-17,1.03923285e-11,3.3151812e-07,0.0006575504,0.08109176,0.62180024,0.29645008,0.99999994
8.25,5.922e-42,1.3239948e-32,1.8403955e-24,1.5905798e-17,8.547336e-12,2.8558208e-07,0.00059327827,0.076632276,0.6154487,0.30732545,1.0
8.266666,4.046e-42,9.47062e-33,1.3788088e-24,1.2481277e-17,7.0248586e-12,2.458351e-07,0.00053490506,0.07236625,0.6087266,0.31837195,1.0
8.283334,2.76e-42,6.769366e-33,1.0322448e-24,9.786824e-18,5.7693837e-12,2.1146703e-07,0.000481929,0.06828879,0.6016481,0.32958102,1.0
8.3,1.882e-42,4.8352854e-33,7.7224937e-25,7.668769e-18,4.734972e-12,1.8177612e-07,0.0004338929,0.06439541,0.5942292,0.34094125,0.99999994
8.316667,1.282e-42,3.451294e-33,5.7732864e-25,6.0048014e-18,3.8832566e-12,1.5614269e-07,0.00039036782,0.06068097,0.58648556,0.35244292,1.0
8.333333,8.74e-43,2.4616993e-33,4.313074e-25,4.6985426e-18,3.1825096e-12,1.3402956e-07,0.00035096065,0.057140328,0.57843363,0.364075,1.0
8.35,5.94e-43,1.754591e-33,3.219822e-25,3.673828e-18,2.6063349e-12,1.1496576e-07,0.0003153071,0.053768177,0.57008964,0.37582672,0.99999994
8.366667,4.04e-43,1.2497378e-33,2.4020603e-25,2.8706042e-18,2.133006e-12,9.854544e-08,0.0002830789,0.05055971,0.56147236,0.38768476,1.0
8.383333,2.75e-43,8.89533e-34,1.7907276e-25,2.2414446e-18,1.7444192e-12,8.441131e-08,0.00025396686,0.047509465,0.5525989,0.3996376,1.0
8.4,1.86e-43,6.326989e-34,1.3340492e-25,1.7489448e-18,1.4256257e-12,7.225399e-08,0.00022769038,0.044612233,0.5434876,0.41167244,1.0
8.416667,1.26e-43,4.497061e-34,9.931375e-26,1.3637066e-18,1.1642786e-12,6.180446e-08,0.00020399016,0.04186253,0.5341562,0.4237772,1.0
8.433333,8.5e-44,3.1942248e-34,7.3884515e-26,1.0626022e-18,9.501962e-13,5.2830163e-08,0.00018263259,0.039255463,0.52462465,0.43593714,0.9999999
8.45,5.9e-44,2.2672836e-34,5.4929365e-26,8.274167e-19,7.7494955e-13,4.512818e-08,0.00016339902,0.036785595,0.51491123,0.44813973,1.0
8.466666,3.9e-44,1.6082687e-34,4.0809035e-26,6.4385066e-19,6.3159563e-13,3.8522927e-08,0.00014609209,0.034447737,0.5050348,0.46037138,1.0
8.483334,2.7e-44,1.1399857e-34,3.029781e-26,5.0066135e-19,5.1440633e-13,3.2861987e-08,0.00013052936,0.03223663,0.49501368,0.47261915,1.0
8.5,1.8e-44,8.075518e-35,2.247914e-26,3.8906598e-19,4.186871e-13,2.8014496e-08,0.0001165475,0.030147405,0.48486802,0.48486802,1.0
8.516666,1.3e-44,5.716687e-35,1.6667203e-26,3.0214144e-19,3.405519e-13,2.3866189e-08,0.00010399455,0.028174942,0.47461593,0.4971051,1.0
8.533334,8e-45,4.0441827e-35,1.2349654e-26,2.3448218e-19,2.768153e-13,2.0318726e-08,9.273194e-05,0.02631414,0.46427548,0.50931764,1.0
8.55,6e-45,2.859163e-35,9.1447175e-27,1.8185744e-19,2.248625e-13,1.7287412e-08,8.263611e-05,0.0245604,0.4538661,0.5214908,1.0
8.566667,4e-45,2.0200803e-35,6.767226e-27,1.4095287e-19,1.8254392e-13,1.469891e-08,7.3592026e-05,0.022908818,0.44340536,0.53361225,1.0
8.583333,3e-45,1.426362e-35,5.004618e-27,1.0918002e-19,1.4809539e-13,1.2490101e-08,6.5496235e-05,0.021354733,0.43291083,0.54566884,0.9999999
8.6,1e-45,1.00646624e-35,3.6987454e-27,8.4514407e-20,1.2007077e-13,1.0606406e-08,5.825416e-05,0.019893529,0.4223992,0.55764896,0.99999994
8.616667,1e-45,7.097742e-36,2.7319613e-27,6.5382256e-20,9.7290516e-14,9.001358e-09,5.1781142e-05,0.018520907,0.41188848,0.5695388,0.99999994
8.633333,1e-45,5.002265e-36,2.0166405e-27,5.055001e-20,7.878391e-14,7.634518e-09,4.5999364e-05,0.017232489,0.4013942,0.5813273,1.0
8.65,1e-45,3.5233495e-36,1.4877381e-27,3.9058906e-20,6.3759456e-14,6.471331e-09,4.0838473e-05,0.016024048,0.39093214,0.59300303,1.0
8.666667,0.0,2.4801503e-36,1.0968644e-27,3.0161907e-20,5.156895e-14,5.4820815e-09,3.6235007e-05,0.014891473,0.38051665,0.60455567,1.0
8.683333,0.0,1.7448344e-36,8.082389e-28,2.3278039e-20,4.1685497e-14,4.6413793e-09,3.2131844e-05,0.013830934,0.3701634,0.6159735,0.99999994
8.7,0.0,1.2268418e-36,5.9521635e-28,1.7955214e-20,3.367692e-14,3.927355e-09,2.8477047e-05,0.012838562,0.35988557,0.6272474,1.0
8.716666,0.0,8.621287e-37,4.3809075e-28,1.3841632e-20,2.7191548e-14,3.3213086e-09,2.5223751e-05,0.011910694,0.3496961,0.638368,1.0
8.733334,0.0,6.054934e-37,3.2226184e-28,1.0664432e-20,2.194283e-14,2.8072016e-09,2.2329605e-05,0.011043715,0.33960664,0.64932734,1.0
8.75,0.0,4.2502858e-37,2.3693089e-28,8.212169e-21,1.7697771e-14,2.3714115e-09,1.9756959e-05,0.010234344,0.32963005,0.66011584,1.0
8.766666,0.0,2.9818997e-37,1.7410405e-28,6.3204192e-21,1.426641e-14,2.0021986e-09,1.747137e-05,0.009479241,0.31977642,0.67072695,1.0000001
8.783334,0.0,2.090927e-37,1.2786612e-28,4.861887e-21,1.1494197e-14,1.6895852e-09,1.5442089e-05,0.0087752445,0.31005517,0.68115413,1.0
8.8,0.0,1.4654361e-37,9.3862964e-29,3.7380575e-21,9.256082e-15,1.4250588e-09,1.3641611e-05,0.00811942,0.3004768,0.69139016,1.0
8.816667,0.0,1.0265623e-37,6.8867626e-29,2.8725943e-21,7.450027e-15,1.2013536e-09,1.2045072e-05,0.0075088693,0.29104903,0.70143,1.0
8.833333,0.0,7.1876314e-38,5.0503486e-29,2.2064104e-21,5.9934777e-15,1.0122709e-09,1.0630193e-05,0.0069408417,0.28177965,0.71126884,1.0
8.85,0.0,5.0300645e-38,3.7018155e-29,1.6939038e-21,4.8193168e-15,8.525337e-10,9.376978e-06,0.0064127026,0.27267513,0.7209028,1.0
8.866667,0.0,3.5185436e-38,2.712147e-29,1.2998491e-21,3.8734563e-15,7.176767e-10,8.2677225e-06,0.00592202,0.26374263,0.7303271,1.0
8.883333,0.0,2.4601364e-38,1.9861795e-29,9.970087e-22,3.1118032e-15,6.038764e-10,7.286371e-06,0.005466402,0.25498712,0.7395392,1.0
8.9,0.0,1.7193615e-38,1.4538704e-29,7.6439617e-22,2.4988052e-15,5.0789806e-10,6.418684e-06,0.0050436156,0.24641334,0.74853665,1.0
8.916667,0.0,1.2010814e-38,1.06375904e-29,5.857854e-22,2.0056866e-15,4.269854e-10,5.651833e-06,0.004651497,0.23802486,0.757318,1.0
8.933333,0.0,8.387112e-39,7.7801085e-30,4.4873326e-22,1.6092197e-15,3.5881664e-10,4.974565e-06,0.0042880913,0.2298261,0.7658808,1.0
8.95,0.0,5.854223e-39,5.6878515e-30,3.4360406e-22,1.290608e-15,3.0140862e-10,4.3766663e-06,0.0039514634,0.22181933,0.7742249,1.0
8.966666,0.0,4.084614e-39,4.15664e-30,2.6299949e-22,1.0346577e-15,2.5308397e-10,3.8490984e-06,0.0036398193,0.2140066,0.78234977,1.0
8.983334,0.0,2.848829e-39,3.0363847e-30,2.0122409e-22,8.291457e-16,2.1242443e-10,3.3838023e-06,0.003351449,0.20638923,0.7902559,1.0
