Mode,BackFrameNum,BackWeight,MidFrameNum,MidWeight,FrontFrameNum,FrontWeight,TimeMs,Knob,ResponsePattern,StepNumber,Amplitude,Velocity,CameraSpeed
LinearOnly,cam1,1.000000,-1,0.000000,cam2,0.000000,0.000,1.000,Velocity,1,0,1.000000,1.000
LinearOnly,cam1,0.983333,-1,0.000000,cam2,0.016667,16.667,0.000,Velocity,1,0,1.000000,1.000
LinearOnly,cam1,0.966667,-1,0.000000,cam2,0.033333,33.333,0.000,Velocity,1,0,1.000000,1.000
LinearOnly,cam1,0.950000,-1,0.000000,cam2,0.050000,50.000,0.000,Velocity,1,0,1.000000,1.000
LinearOnly,cam1,0.933333,-1,0.000000,cam2,0.066667,66.667,0.000,Velocity,1,0,1.000000,1.000
LinearOnly,cam1,0.916667,-1,0.000000,cam2,0.083333,83.333,0.000,Velocity,1,0,1.000000,1.000
LinearOnly,cam1,0.900000,-1,0.000000,cam2,0.100000,100.000,0.000,Velocity,1,0,1.000000,1.000
LinearOnly,cam1,0.883333,-1,0.000000,cam2,0.116667,116.667,0.000,Velocity,1,0,1.000000,1.000
LinearOnly,cam1,0.866667,-1,0.000000,cam2,0.133333,133.333,0.000,Velocity,1,0,1.000000,1.000
LinearOnly,cam1,0.850000,-1,0.000000,cam2,0.150000,150.000,0.000,Velocity,1,0,1.000000,1.000
LinearOnly,cam1,0.833333,-1,0.000000,cam2,0.166667,166.667,0.000,Velocity,1,0,1.000000,1.000
LinearOnly,cam1,0.816667,-1,0.000000,cam2,0.183333,183.333,0.000,Velocity,1,0,1.000000,1.000
LinearOnly,cam1,0.800000,-1,0.000000,cam2,0.200000,200.000,0.000,Velocity,1,0,1.000000,1.000
LinearOnly,cam1,0.783333,-1,0.000000,cam2,0.216667,216.667,0.000,Velocity,1,0,1.000000,1.000
LinearOnly,cam1,0.766667,-1,0.000000,cam2,0.233333,233.333,0.000,Velocity,1,0,1.000000,1.000
LinearOnly,cam1,0.750000,-1,0.000000,cam2,0.250000,250.000,0.000,Velocity,1,0,1.000000,1.000
LinearOnly,cam1,0.733333,-1,0.000000,cam2,0.266667,266.667,0.000,Velocity,1,0,1.000000,1.000
LinearOnly,cam1,0.716667,-1,0.000000,cam2,0.283333,283.333,0.000,Velocity,1,0,1.000000,1.000
LinearOnly,cam1,0.700000,-1,0.000000,cam2,0.300000,300.000,0.000,Velocity,1,0,1.000000,1.000
LinearOnly,cam1,0.683333,-1,0.000000,cam2,0.316667,316.667,0.000,Velocity,1,0,1.000000,1.000
LinearOnly,cam1,0.666667,-1,0.000000,cam2,0.333333,333.333,0.000,Velocity,1,0,1.000000,1.000
LinearOnly,cam1,0.650000,-1,0.000000,cam2,0.350000,350.000,0.000,Velocity,1,0,1.000000,1.000
LinearOnly,cam1,0.633333,-1,0.000000,cam2,0.366667,366.667,0.000,Velocity,1,0,1.000000,1.000
LinearOnly,cam1,0.616667,-1,0.000000,cam2,0.383333,383.333,0.000,Velocity,1,0,1.000000,1.000
LinearOnly,cam1,0.600000,-1,0.000000,cam2,0.400000,400.000,0.000,Velocity,1,0,1.000000,1.000
LinearOnly,cam1,0.583333,-1,0.000000,cam2,0.416667,416.667,0.000,Velocity,1,0,1.000000,1.000
LinearOnly,cam1,0.566667,-1,0.000000,cam2,0.433333,433.333,0.000,Velocity,1,0,1.000000,1.000
LinearOnly,cam1,0.550000,-1,0.000000,cam2,0.450000,450.000,0.000,Velocity,1,0,1.000000,1.000
LinearOnly,cam1,0.533333,-1,0.000000,cam2,0.466667,466.667,0.000,Velocity,1,0,1.000000,1.000
LinearOnly,cam1,0.516667,-1,0.000000,cam2,0.483333,483.333,0.000,Velocity,1,0,1.000000,1.000
LinearOnly,cam1,0.500000,-1,0.000000,cam2,0.500000,500.000,0.000,Velocity,1,0,1.000000,1.000
LinearOnly,cam1,0.483333,-1,0.000000,cam2,0.516667,516.667,0.000,Velocity,1,0,1.000000,1.000
LinearOnly,cam1,0.466667,-1,0.000000,cam2,0.533333,533.333,0.000,Velocity,1,0,1.000000,1.000
LinearOnly,cam1,0.450000,-1,0.000000,cam2,0.550000,550.000,0.000,Velocity,1,0,1.000000,1.000
LinearOnly,cam1,0.433333,-1,0.000000,cam2,0.566667,566.667,0.000,Velocity,1,0,1.000000,1.000
LinearOnly,cam1,0.416667,-1,0.000000,cam2,0.583333,583.333,0.000,Velocity,1,0,1.000000,1.000
LinearOnly,cam1,0.400000,-1,0.000000,cam2,0.600000,600.000,0.000,Velocity,1,0,1.000000,1.000
LinearOnly,cam1,0.383333,-1,0.000000,cam2,0.616667,616.667,0.000,Velocity,1,0,1.000000,1.000
LinearOnly,cam1,0.366667,-1,0.000000,cam2,0.633333,633.333,0.000,Velocity,1,0,1.000000,1.000
LinearOnly,cam1,0.350000,-1,0.000000,cam2,0.650000,650.000,0.000,Velocity,1,0,1.000000,1.000
LinearOnly,cam1,0.333333,-1,0.000000,cam2,0.666667,666.667,0.000,Velocity,1,0,1.000000,1.000
LinearOnly,cam1,0.316667,-1,0.000000,cam2,0.683333,683.333,0.000,Velocity,1,0,1.000000,1.000
LinearOnly,cam1,0.300000,-1,0.000000,cam2,0.700000,700.000,0.000,Velocity,1,0,1.000000,1.000
LinearOnly,cam1,0.283333,-1,0.000000,cam2,0.716667,716.667,0.000,Velocity,1,0,1.000000,1.000
LinearOnly,cam1,0.266667,-1,0.000000,cam2,0.733333,733.333,0.000,Velocity,1,0,1.000000,1.000
LinearOnly,cam1,0.250000,-1,0.000000,cam2,0.750000,750.000,0.000,Velocity,1,0,1.000000,1.000
LinearOnly,cam1,0.233333,-1,0.000000,cam2,0.766667,766.667,0.000,Velocity,1,0,1.000000,1.000
LinearOnly,cam1,0.216667,-1,0.000000,cam2,0.783333,783.333,0.000,Velocity,1,0,1.000000,1.000
LinearOnly,cam1,0.200000,-1,0.000000,cam2,0.800000,800.000,0.000,Velocity,1,0,1.000000,1.000
LinearOnly,cam1,0.183333,-1,0.000000,cam2,0.816667,816.667,0.000,Velocity,1,0,1.000000,1.000
LinearOnly,cam1,0.166667,-1,0.000000,cam2,0.833333,833.333,0.000,Velocity,1,0,1.000000,1.000
LinearOnly,cam1,0.150000,-1,0.000000,cam2,0.850000,850.000,0.000,Velocity,1,0,1.000000,1.000
LinearOnly,cam1,0.133333,-1,0.000000,cam2,0.866667,866.667,0.000,Velocity,1,0,1.000000,1.000
LinearOnly,cam1,0.116667,-1,0.000000,cam2,0.883333,883.333,0.000,Velocity,1,0,1.000000,1.000
LinearOnly,cam1,0.100000,-1,0.000000,cam2,0.900000,900.000,0.000,Velocity,1,0,1.000000,1.000
LinearOnly,cam1,0.083333,-1,0.000000,cam2,0.916667,916.667,0.000,Velocity,1,0,1.000000,1.000
LinearOnly,cam1,0.066667,-1,0.000000,cam2,0.933333,933.333,0.000,Velocity,1,0,1.000000,1.000
LinearOnly,cam1,0.050000,-1,0.000000,cam2,0.950000,950.000,0.000,Velocity,1,0,1.000000,1.000
LinearOnly,cam1,0.033333,-1,0.000000,cam2,0.966667,966.667,0.000,Velocity,1,0,1.000000,1.000
LinearOnly,cam1,0.016667,-1,0.000000,cam2,0.983333,983.333,0.000,Velocity,1,0,1.000000,1.000
LinearOnly,cam1,1.000000,-1,0.000000,cam2,0.000000,1000.000,0.000,Velocity,1,0,1.000000,1.000
LinearOnly,cam1,0.983333,-1,0.000000,cam2,0.016667,1016.667,0.000,Velocity,1,0,1.000000,1.000
LinearOnly,cam1,0.966667,-1,0.000000,cam2,0.033333,1033.333,0.000,Velocity,1,0,1.000000,1.000
LinearOnly,cam1,0.950000,-1,0.000000,cam2,0.050000,1050.000,0.000,Velocity,1,0,1.000000,1.000
LinearOnly,cam1,0.933333,-1,0.000000,cam2,0.066667,1066.667,0.000,Velocity,1,0,1.000000,1.000
LinearOnly,cam1,0.916667,-1,0.000000,cam2,0.083333,1083.333,0.000,Velocity,1,0,1.000000,1.000
LinearOnly,cam1,0.900000,-1,0.000000,cam2,0.100000,1100.000,0.000,Velocity,1,0,1.000000,1.000
LinearOnly,cam1,0.883333,-1,0.000000,cam2,0.116667,1116.667,0.000,Velocity,1,0,1.000000,1.000
LinearOnly,cam1,0.866667,-1,0.000000,cam2,0.133333,1133.333,0.000,Velocity,1,0,1.000000,1.000
LinearOnly,cam1,0.850000,-1,0.000000,cam2,0.150000,1150.000,0.000,Velocity,1,0,1.000000,1.000
LinearOnly,cam1,0.833333,-1,0.000000,cam2,0.166667,1166.667,0.000,Velocity,1,0,1.000000,1.000
LinearOnly,cam1,0.816667,-1,0.000000,cam2,0.183333,1183.333,0.000,Velocity,1,0,1.000000,1.000
LinearOnly,cam1,0.800000,-1,0.000000,cam2,0.200000,1200.000,0.000,Velocity,1,0,1.000000,1.000
LinearOnly,cam1,0.783333,-1,0.000000,cam2,0.216667,1216.667,0.000,Velocity,1,0,1.000000,1.000
LinearOnly,cam1,0.766667,-1,0.000000,cam2,0.233333,1233.333,0.000,Velocity,1,0,1.000000,1.000
LinearOnly,cam1,0.750000,-1,0.000000,cam2,0.250000,1250.000,0.000,Velocity,1,0,1.000000,1.000
LinearOnly,cam1,0.733333,-1,0.000000,cam2,0.266667,1266.667,0.000,Velocity,1,0,1.000000,1.000
LinearOnly,cam1,0.716667,-1,0.000000,cam2,0.283333,1283.333,0.000,Velocity,1,0,1.000000,1.000
LinearOnly,cam1,0.700000,-1,0.000000,cam2,0.300000,1300.000,0.000,Velocity,1,0,1.000000,1.000
LinearOnly,cam1,0.683333,-1,0.000000,cam2,0.316667,1316.667,0.000,Velocity,1,0,1.000000,1.000
LinearOnly,cam1,0.666667,-1,0.000000,cam2,0.333333,1333.333,0.000,Velocity,1,0,1.000000,1.000
LinearOnly,cam1,0.650000,-1,0.000000,cam2,0.350000,1350.000,0.000,Velocity,1,0,1.000000,1.000
LinearOnly,cam1,0.633333,-1,0.000000,cam2,0.366667,1366.667,0.000,Velocity,1,0,1.000000,1.000
LinearOnly,cam1,0.616667,-1,0.000000,cam2,0.383333,1383.333,0.000,Velocity,1,0,1.000000,1.000
LinearOnly,cam1,0.600000,-1,0.000000,cam2,0.400000,1400.000,0.000,Velocity,1,0,1.000000,1.000
LinearOnly,cam1,0.583333,-1,0.000000,cam2,0.416667,1416.667,0.000,Velocity,1,0,1.000000,1.000
LinearOnly,cam1,0.566667,-1,0.000000,cam2,0.433333,1433.333,0.000,Velocity,1,0,1.000000,1.000
LinearOnly,cam1,0.550000,-1,0.000000,cam2,0.450000,1450.000,0.000,Velocity,1,0,1.000000,1.000
LinearOnly,cam1,0.533333,-1,0.000000,cam2,0.466667,1466.667,0.000,Velocity,1,0,1.000000,1.000
LinearOnly,cam1,0.516667,-1,0.000000,cam2,0.483333,1483.333,0.000,Velocity,1,0,1.000000,1.000
LinearOnly,cam1,0.500000,-1,0.000000,cam2,0.500000,1500.000,0.000,Velocity,1,0,1.000000,1.000
LinearOnly,cam1,0.483333,-1,0.000000,cam2,0.516667,1516.667,0.000,Velocity,1,0,1.000000,1.000
LinearOnly,cam1,0.466667,-1,0.000000,cam2,0.533333,1533.333,0.000,Velocity,1,0,1.000000,1.000
LinearOnly,cam1,0.450000,-1,0.000000,cam2,0.550000,1550.000,0.000,Velocity,1,0,1.000000,1.000
LinearOnly,cam1,0.433333,-1,0.000000,cam2,0.566667,1566.667,0.000,Velocity,1,0,1.000000,1.000
LinearOnly,cam1,0.416667,-1,0.000000,cam2,0.583333,1583.333,0.000,Velocity,1,0,1.000000,1.000
LinearOnly,cam1,0.400000,-1,0.000000,cam2,0.600000,1600.000,0.000,Velocity,1,0,1.000000,1.000
LinearOnly,cam1,0.383333,-1,0.000000,cam2,0.616667,1616.667,0.000,Velocity,1,0,1.000000,1.000
LinearOnly,cam1,0.366667,-1,0.000000,cam2,0.633333,1633.333,0.000,Velocity,1,0,1.000000,1.000
LinearOnly,cam1,0.350000,-1,0.000000,cam2,0.650000,1650.000,0.000,Velocity,1,0,1.000000,1.000
LinearOnly,cam1,0.333333,-1,0.000000,cam2,0.666667,1666.667,0.000,Velocity,1,0,1.000000,1.000
LinearOnly,cam1,0.316667,-1,0.000000,cam2,0.683333,1683.333,0.000,Velocity,1,0,1.000000,1.000
LinearOnly,cam1,0.300000,-1,0.000000,cam2,0.700000,1700.000,0.000,Velocity,1,0,1.000000,1.000
LinearOnly,cam1,0.283333,-1,0.000000,cam2,0.716667,1716.667,0.000,Velocity,1,0,1.000000,1.000
LinearOnly,cam1,0.266667,-1,0.000000,cam2,0.733333,1733.333,0.000,Velocity,1,0,1.000000,1.000
LinearOnly,cam1,0.250000,-1,0.000000,cam2,0.750000,1750.000,0.000,Velocity,1,0,1.000000,1.000
LinearOnly,cam1,0.233333,-1,0.000000,cam2,0.766667,1766.667,0.000,Velocity,1,0,1.000000,1.000
LinearOnly,cam1,0.216667,-1,0.000000,cam2,0.783333,1783.333,0.000,Velocity,1,0,1.000000,1.000
LinearOnly,cam1,0.200000,-1,0.000000,cam2,0.800000,1800.000,0.000,Velocity,1,0,1.000000,1.000
LinearOnly,cam1,0.183333,-1,0.000000,cam2,0.816667,1816.667,0.000,Velocity,1,0,1.000000,1.000
LinearOnly,cam1,0.166667,-1,0.000000,cam2,0.833333,1833.333,0.000,Velocity,1,0,1.000000,1.000
LinearOnly,cam1,0.150000,-1,0.000000,cam2,0.850000,1850.000,0.000,Velocity,1,0,1.000000,1.000
LinearOnly,cam1,0.133333,-1,0.000000,cam2,0.866667,1866.667,0.000,Velocity,1,0,1.000000,1.000
LinearOnly,cam1,0.116667,-1,0.000000,cam2,0.883333,1883.333,0.000,Velocity,1,0,1.000000,1.000
LinearOnly,cam1,0.100000,-1,0.000000,cam2,0.900000,1900.000,0.000,Velocity,1,0,1.000000,1.000
LinearOnly,cam1,0.083333,-1,0.000000,cam2,0.916667,1916.667,0.000,Velocity,1,0,1.000000,1.000
LinearOnly,cam1,0.066667,-1,0.000000,cam2,0.933333,1933.333,0.000,Velocity,1,0,1.000000,1.000
LinearOnly,cam1,0.050000,-1,0.000000,cam2,0.950000,1950.000,0.000,Velocity,1,0,1.000000,1.000
LinearOnly,cam1,0.033333,-1,0.000000,cam2,0.966667,1966.667,0.000,Velocity,1,0,1.000000,1.000
LinearOnly,cam1,0.016667,-1,0.000000,cam2,0.983334,1983.333,0.000,Velocity,1,0,1.000000,1.000
LinearOnly,cam1,1.000000,-1,0.000000,cam2,0.000000,2000.000,0.000,Velocity,1,0,1.000000,1.000
LinearOnly,cam1,0.983333,-1,0.000000,cam2,0.016667,2016.667,0.000,Velocity,1,0,1.000000,1.000
LinearOnly,cam1,0.966667,-1,0.000000,cam2,0.033334,2033.333,0.000,Velocity,1,0,1.000000,1.000
LinearOnly,cam1,0.950000,-1,0.000000,cam2,0.050000,2050.000,0.000,Velocity,1,0,1.000000,1.000
LinearOnly,cam1,0.933333,-1,0.000000,cam2,0.066667,2066.667,0.000,Velocity,1,0,1.000000,1.000
LinearOnly,cam1,0.916667,-1,0.000000,cam2,0.083334,2083.333,0.000,Velocity,1,0,1.000000,1.000
LinearOnly,cam1,0.900000,-1,0.000000,cam2,0.100000,2100.000,0.000,Velocity,1,0,1.000000,1.000
LinearOnly,cam1,0.883333,-1,0.000000,cam2,0.116667,2116.667,0.000,Velocity,1,0,1.000000,1.000
LinearOnly,cam1,0.866667,-1,0.000000,cam2,0.133334,2133.333,0.000,Velocity,1,0,1.000000,1.000
LinearOnly,cam1,0.850000,-1,0.000000,cam2,0.150000,2150.000,0.000,Velocity,1,0,1.000000,1.000
LinearOnly,cam1,0.833333,-1,0.000000,cam2,0.166667,2166.667,0.000,Velocity,1,0,1.000000,1.000
LinearOnly,cam1,0.816667,-1,0.000000,cam2,0.183334,2183.333,0.000,Velocity,1,0,1.000000,1.000
LinearOnly,cam1,0.800000,-1,0.000000,cam2,0.200000,2200.000,0.000,Velocity,1,0,1.000000,1.000
LinearOnly,cam1,0.783333,-1,0.000000,cam2,0.216667,2216.667,0.000,Velocity,1,0,1.000000,1.000
LinearOnly,cam1,0.766667,-1,0.000000,cam2,0.233334,2233.333,0.000,Velocity,1,0,1.000000,1.000
LinearOnly,cam1,0.750000,-1,0.000000,cam2,0.250000,2250.000,0.000,Velocity,1,0,1.000000,1.000
LinearOnly,cam1,0.733333,-1,0.000000,cam2,0.266667,2266.667,0.000,Velocity,1,0,1.000000,1.000
LinearOnly,cam1,0.716667,-1,0.000000,cam2,0.283334,2283.333,0.000,Velocity,1,0,1.000000,1.000
LinearOnly,cam1,0.700000,-1,0.000000,cam2,0.300000,2300.000,0.000,Velocity,1,0,1.000000,1.000
LinearOnly,cam1,0.683333,-1,0.000000,cam2,0.316667,2316.667,0.000,Velocity,1,0,1.000000,1.000
LinearOnly,cam1,0.666667,-1,0.000000,cam2,0.333334,2333.333,0.000,Velocity,1,0,1.000000,1.000
LinearOnly,cam1,0.650000,-1,0.000000,cam2,0.350000,2350.000,0.000,Velocity,1,0,1.000000,1.000
LinearOnly,cam1,0.633333,-1,0.000000,cam2,0.366667,2366.667,0.000,Velocity,1,0,1.000000,1.000
LinearOnly,cam1,0.616667,-1,0.000000,cam2,0.383334,2383.333,0.000,Velocity,1,0,1.000000,1.000
LinearOnly,cam1,0.600000,-1,0.000000,cam2,0.400000,2400.000,0.000,Velocity,1,0,1.000000,1.000
LinearOnly,cam1,0.583333,-1,0.000000,cam2,0.416667,2416.667,0.000,Velocity,1,0,1.000000,1.000
LinearOnly,cam1,0.566667,-1,0.000000,cam2,0.433334,2433.333,0.000,Velocity,1,0,1.000000,1.000
LinearOnly,cam1,0.550000,-1,0.000000,cam2,0.450000,2450.000,0.000,Velocity,1,0,1.000000,1.000
LinearOnly,cam1,0.533333,-1,0.000000,cam2,0.466667,2466.667,0.000,Velocity,1,0,1.000000,1.000
LinearOnly,cam1,0.516667,-1,0.000000,cam2,0.483334,2483.333,0.000,Velocity,1,0,1.000000,1.000
LinearOnly,cam1,0.500000,-1,0.000000,cam2,0.500000,2500.000,0.000,Velocity,1,0,1.000000,1.000
LinearOnly,cam1,0.483333,-1,0.000000,cam2,0.516667,2516.667,0.000,Velocity,1,0,1.000000,1.000
LinearOnly,cam1,0.466667,-1,0.000000,cam2,0.533334,2533.333,0.000,Velocity,1,0,1.000000,1.000
LinearOnly,cam1,0.450000,-1,0.000000,cam2,0.550000,2550.000,0.000,Velocity,1,0,1.000000,1.000
LinearOnly,cam1,0.433333,-1,0.000000,cam2,0.566667,2566.667,0.000,Velocity,1,0,1.000000,1.000
LinearOnly,cam1,0.416667,-1,0.000000,cam2,0.583334,2583.333,0.000,Velocity,1,0,1.000000,1.000
LinearOnly,cam1,0.400000,-1,0.000000,cam2,0.600000,2600.000,0.000,Velocity,1,0,1.000000,1.000
LinearOnly,cam1,0.383333,-1,0.000000,cam2,0.616667,2616.667,0.000,Velocity,1,0,1.000000,1.000
LinearOnly,cam1,0.366667,-1,0.000000,cam2,0.633334,2633.333,0.000,Velocity,1,0,1.000000,1.000
LinearOnly,cam1,0.350000,-1,0.000000,cam2,0.650000,2650.000,0.000,Velocity,1,0,1.000000,1.000
LinearOnly,cam1,0.333333,-1,0.000000,cam2,0.666667,2666.667,0.000,Velocity,1,0,1.000000,1.000
LinearOnly,cam1,0.316667,-1,0.000000,cam2,0.683334,2683.333,0.000,Velocity,1,0,1.000000,1.000
LinearOnly,cam1,0.300000,-1,0.000000,cam2,0.700000,2700.000,0.000,Velocity,1,0,1.000000,1.000
LinearOnly,cam1,0.283333,-1,0.000000,cam2,0.716667,2716.667,0.000,Velocity,1,0,1.000000,1.000
LinearOnly,cam1,0.266667,-1,0.000000,cam2,0.733334,2733.333,0.000,Velocity,1,0,1.000000,1.000
LinearOnly,cam1,0.250000,-1,0.000000,cam2,0.750000,2750.000,0.000,Velocity,1,0,1.000000,1.000
LinearOnly,cam1,0.233333,-1,0.000000,cam2,0.766667,2766.667,0.000,Velocity,1,0,1.000000,1.000
LinearOnly,cam1,0.216667,-1,0.000000,cam2,0.783334,2783.333,0.000,Velocity,1,0,1.000000,1.000
LinearOnly,cam1,0.200000,-1,0.000000,cam2,0.800000,2800.000,0.000,Velocity,1,0,1.000000,1.000
LinearOnly,cam1,0.183333,-1,0.000000,cam2,0.816667,2816.667,0.000,Velocity,1,0,1.000000,1.000
LinearOnly,cam1,0.166667,-1,0.000000,cam2,0.833334,2833.333,0.000,Velocity,1,0,1.000000,1.000
LinearOnly,cam1,0.150000,-1,0.000000,cam2,0.850000,2850.000,0.000,Velocity,1,0,1.000000,1.000
LinearOnly,cam1,0.133333,-1,0.000000,cam2,0.866667,2866.667,0.000,Velocity,1,0,1.000000,1.000
LinearOnly,cam1,0.116667,-1,0.000000,cam2,0.883334,2883.333,0.000,Velocity,1,0,1.000000,1.000
LinearOnly,cam1,0.100000,-1,0.000000,cam2,0.900000,2900.000,0.000,Velocity,1,0,1.000000,1.000
LinearOnly,cam1,0.083333,-1,0.000000,cam2,0.916667,2916.667,0.000,Velocity,1,0,1.000000,1.000
LinearOnly,cam1,0.066666,-1,0.000000,cam2,0.933334,2933.333,0.000,Velocity,1,0,1.000000,1.000
LinearOnly,cam1,0.050000,-1,0.000000,cam2,0.950000,2950.000,0.000,Velocity,1,0,1.000000,1.000
LinearOnly,cam1,0.033333,-1,0.000000,cam2,0.966667,2966.667,0.000,Velocity,1,0,1.000000,1.000
LinearOnly,cam1,0.016667,-1,0.000000,cam2,0.983334,2983.333,0.000,Velocity,1,0,1.000000,1.000
LinearOnly,cam1,1.000000,-1,0.000000,cam2,0.000000,3000.000,0.000,Velocity,1,0,1.000000,1.000
LinearOnly,cam1,0.983333,-1,0.000000,cam2,0.016667,3016.667,0.000,Velocity,1,0,1.000000,1.000
LinearOnly,cam1,0.966667,-1,0.000000,cam2,0.033334,3033.333,0.000,Velocity,1,0,1.000000,1.000
LinearOnly,cam1,0.950000,-1,0.000000,cam2,0.050000,3050.000,0.000,Velocity,1,0,1.000000,1.000
LinearOnly,cam1,0.933333,-1,0.000000,cam2,0.066667,3066.667,0.000,Velocity,1,0,1.000000,1.000
LinearOnly,cam1,0.916667,-1,0.000000,cam2,0.083334,3083.333,0.000,Velocity,1,0,1.000000,1.000
LinearOnly,cam1,0.900000,-1,0.000000,cam2,0.100000,3100.000,0.000,Velocity,1,0,1.000000,1.000
LinearOnly,cam1,0.883333,-1,0.000000,cam2,0.116667,3116.667,0.000,Velocity,1,0,1.000000,1.000
LinearOnly,cam1,0.866667,-1,0.000000,cam2,0.133334,3133.333,0.000,Velocity,1,0,1.000000,1.000
LinearOnly,cam1,0.850000,-1,0.000000,cam2,0.150000,3150.000,0.000,Velocity,1,0,1.000000,1.000
LinearOnly,cam1,0.833333,-1,0.000000,cam2,0.166667,3166.667,0.000,Velocity,1,0,1.000000,1.000
LinearOnly,cam1,0.816667,-1,0.000000,cam2,0.183334,3183.333,0.000,Velocity,1,0,1.000000,1.000
LinearOnly,cam1,0.800000,-1,0.000000,cam2,0.200000,3200.000,0.000,Velocity,1,0,1.000000,1.000
LinearOnly,cam1,0.783333,-1,0.000000,cam2,0.216667,3216.667,0.000,Velocity,1,0,1.000000,1.000
LinearOnly,cam1,0.766667,-1,0.000000,cam2,0.233334,3233.333,0.000,Velocity,1,0,1.000000,1.000
LinearOnly,cam1,0.750000,-1,0.000000,cam2,0.250000,3250.000,0.000,Velocity,1,0,1.000000,1.000
LinearOnly,cam1,0.733333,-1,0.000000,cam2,0.266667,3266.667,0.000,Velocity,1,0,1.000000,1.000
LinearOnly,cam1,0.716667,-1,0.000000,cam2,0.283334,3283.333,0.000,Velocity,1,0,1.000000,1.000
LinearOnly,cam1,0.700000,-1,0.000000,cam2,0.300000,3300.000,0.000,Velocity,1,0,1.000000,1.000
LinearOnly,cam1,0.683333,-1,0.000000,cam2,0.316667,3316.667,0.000,Velocity,1,0,1.000000,1.000
LinearOnly,cam1,0.666667,-1,0.000000,cam2,0.333334,3333.333,0.000,Velocity,1,0,1.000000,1.000
LinearOnly,cam1,0.650000,-1,0.000000,cam2,0.350000,3350.000,0.000,Velocity,1,0,1.000000,1.000
LinearOnly,cam1,0.633333,-1,0.000000,cam2,0.366667,3366.667,0.000,Velocity,1,0,1.000000,1.000
LinearOnly,cam1,0.616667,-1,0.000000,cam2,0.383334,3383.333,0.000,Velocity,1,0,1.000000,1.000
LinearOnly,cam1,0.600000,-1,0.000000,cam2,0.400000,3400.000,0.000,Velocity,1,0,1.000000,1.000
LinearOnly,cam1,0.583333,-1,0.000000,cam2,0.416667,3416.667,0.000,Velocity,1,0,1.000000,1.000
LinearOnly,cam1,0.566667,-1,0.000000,cam2,0.433334,3433.333,0.000,Velocity,1,0,1.000000,1.000
LinearOnly,cam1,0.550000,-1,0.000000,cam2,0.450000,3450.000,0.000,Velocity,1,0,1.000000,1.000
LinearOnly,cam1,0.533333,-1,0.000000,cam2,0.466667,3466.667,0.000,Velocity,1,0,1.000000,1.000
LinearOnly,cam1,0.516667,-1,0.000000,cam2,0.483334,3483.333,0.000,Velocity,1,0,1.000000,1.000
LinearOnly,cam1,0.500000,-1,0.000000,cam2,0.500000,3500.000,0.000,Velocity,1,0,1.000000,1.000
LinearOnly,cam1,0.483333,-1,0.000000,cam2,0.516667,3516.667,0.000,Velocity,1,0,1.000000,1.000
LinearOnly,cam1,0.466667,-1,0.000000,cam2,0.533334,3533.333,0.000,Velocity,1,0,1.000000,1.000
LinearOnly,cam1,0.450000,-1,0.000000,cam2,0.550000,3550.000,0.000,Velocity,1,0,1.000000,1.000
LinearOnly,cam1,0.433333,-1,0.000000,cam2,0.566667,3566.667,0.000,Velocity,1,0,1.000000,1.000
LinearOnly,cam1,0.416667,-1,0.000000,cam2,0.583334,3583.333,0.000,Velocity,1,0,1.000000,1.000
LinearOnly,cam1,0.400000,-1,0.000000,cam2,0.600000,3600.000,0.000,Velocity,1,0,1.000000,1.000
LinearOnly,cam1,0.383333,-1,0.000000,cam2,0.616667,3616.667,0.000,Velocity,1,0,1.000000,1.000
LinearOnly,cam1,0.366667,-1,0.000000,cam2,0.633334,3633.333,0.000,Velocity,1,0,1.000000,1.000
LinearOnly,cam1,0.350000,-1,0.000000,cam2,0.650000,3650.000,0.000,Velocity,1,0,1.000000,1.000
LinearOnly,cam1,0.333333,-1,0.000000,cam2,0.666667,3666.667,0.000,Velocity,1,0,1.000000,1.000
LinearOnly,cam1,0.316667,-1,0.000000,cam2,0.683334,3683.333,0.000,Velocity,1,0,1.000000,1.000
LinearOnly,cam1,0.300000,-1,0.000000,cam2,0.700000,3700.000,0.000,Velocity,1,0,1.000000,1.000
LinearOnly,cam1,0.283333,-1,0.000000,cam2,0.716667,3716.667,0.000,Velocity,1,0,1.000000,1.000
LinearOnly,cam1,0.266667,-1,0.000000,cam2,0.733334,3733.333,0.000,Velocity,1,0,1.000000,1.000
LinearOnly,cam1,0.250000,-1,0.000000,cam2,0.750000,3750.000,0.000,Velocity,1,0,1.000000,1.000
LinearOnly,cam1,0.233333,-1,0.000000,cam2,0.766667,3766.667,0.000,Velocity,1,0,1.000000,1.000
LinearOnly,cam1,0.216667,-1,0.000000,cam2,0.783334,3783.333,0.000,Velocity,1,0,1.000000,1.000
LinearOnly,cam1,0.200000,-1,0.000000,cam2,0.800000,3800.000,0.000,Velocity,1,0,1.000000,1.000
LinearOnly,cam1,0.183333,-1,0.000000,cam2,0.816667,3816.667,0.000,Velocity,1,0,1.000000,1.000
LinearOnly,cam1,0.166667,-1,0.000000,cam2,0.833334,3833.333,0.000,Velocity,1,0,1.000000,1.000
LinearOnly,cam1,0.150000,-1,0.000000,cam2,0.850000,3850.000,0.000,Velocity,1,0,1.000000,1.000
LinearOnly,cam1,0.133333,-1,0.000000,cam2,0.866667,3866.667,0.000,Velocity,1,0,1.000000,1.000
LinearOnly,cam1,0.116667,-1,0.000000,cam2,0.883334,3883.333,0.000,Velocity,1,0,1.000000,1.000
LinearOnly,cam1,0.100000,-1,0.000000,cam2,0.900000,3900.000,0.000,Velocity,1,0,1.000000,1.000
LinearOnly,cam1,0.083333,-1,0.000000,cam2,0.916667,3916.667,0.000,Velocity,1,0,1.000000,1.000
LinearOnly,cam1,0.066666,-1,0.000000,cam2,0.933334,3933.333,0.000,Velocity,1,0,1.000000,1.000
LinearOnly,cam1,0.050000,-1,0.000000,cam2,0.950000,3950.000,0.000,Velocity,1,0,1.000000,1.000
LinearOnly,cam1,0.033333,-1,0.000000,cam2,0.966667,3966.667,0.000,Velocity,1,0,1.000000,1.000
LinearOnly,cam1,0.016667,-1,0.000000,cam2,0.983334,3983.333,0.000,Velocity,1,0,1.000000,1.000
LinearOnly,cam1,1.000000,-1,0.000000,cam2,0.000000,4000.000,0.000,Velocity,1,0,1.000000,1.000
LinearOnly,cam1,0.983333,-1,0.000000,cam2,0.016667,4016.667,0.000,Velocity,1,0,1.000000,1.000
LinearOnly,cam1,0.966667,-1,0.000000,cam2,0.033334,4033.333,0.000,Velocity,1,0,1.000000,1.000
LinearOnly,cam1,0.950000,-1,0.000000,cam2,0.050000,4050.000,0.000,Velocity,1,0,1.000000,1.000
LinearOnly,cam1,0.933333,-1,0.000000,cam2,0.066667,4066.667,0.000,Velocity,1,0,1.000000,1.000
LinearOnly,cam1,0.916667,-1,0.000000,cam2,0.083334,4083.333,0.000,Velocity,1,0,1.000000,1.000
LinearOnly,cam1,0.900000,-1,0.000000,cam2,0.100000,4100.000,0.000,Velocity,1,0,1.000000,1.000
LinearOnly,cam1,0.883333,-1,0.000000,cam2,0.116667,4116.667,0.000,Velocity,1,0,1.000000,1.000
LinearOnly,cam1,0.866667,-1,0.000000,cam2,0.133334,4133.333,0.000,Velocity,1,0,1.000000,1.000
LinearOnly,cam1,0.850000,-1,0.000000,cam2,0.150000,4150.000,0.000,Velocity,1,0,1.000000,1.000
LinearOnly,cam1,0.833333,-1,0.000000,cam2,0.166667,4166.667,0.000,Velocity,1,0,1.000000,1.000
LinearOnly,cam1,0.816667,-1,0.000000,cam2,0.183334,4183.333,0.000,Velocity,1,0,1.000000,1.000
LinearOnly,cam1,0.800000,-1,0.000000,cam2,0.200000,4200.000,0.000,Velocity,1,0,1.000000,1.000
LinearOnly,cam1,0.783333,-1,0.000000,cam2,0.216667,4216.667,0.000,Velocity,1,0,1.000000,1.000
LinearOnly,cam1,0.766667,-1,0.000000,cam2,0.233334,4233.333,0.000,Velocity,1,0,1.000000,1.000
LinearOnly,cam1,0.750000,-1,0.000000,cam2,0.250000,4250.000,0.000,Velocity,1,0,1.000000,1.000
LinearOnly,cam1,0.733333,-1,0.000000,cam2,0.266667,4266.667,0.000,Velocity,1,0,1.000000,1.000
LinearOnly,cam1,0.716667,-1,0.000000,cam2,0.283334,4283.333,0.000,Velocity,1,0,1.000000,1.000
LinearOnly,cam1,0.700000,-1,0.000000,cam2,0.300000,4300.000,0.000,Velocity,1,0,1.000000,1.000
LinearOnly,cam1,0.683333,-1,0.000000,cam2,0.316667,4316.667,0.000,Velocity,1,0,1.000000,1.000
LinearOnly,cam1,0.666667,-1,0.000000,cam2,0.333334,4333.333,0.000,Velocity,1,0,1.000000,1.000
LinearOnly,cam1,0.650000,-1,0.000000,cam2,0.350000,4350.000,0.000,Velocity,1,0,1.000000,1.000
LinearOnly,cam1,0.633333,-1,0.000000,cam2,0.366667,4366.667,0.000,Velocity,1,0,1.000000,1.000
LinearOnly,cam1,0.616667,-1,0.000000,cam2,0.383334,4383.333,0.000,Velocity,1,0,1.000000,1.000
LinearOnly,cam1,0.600000,-1,0.000000,cam2,0.400000,4400.000,0.000,Velocity,1,0,1.000000,1.000
LinearOnly,cam1,0.583333,-1,0.000000,cam2,0.416667,4416.667,0.000,Velocity,1,0,1.000000,1.000
LinearOnly,cam1,0.566667,-1,0.000000,cam2,0.433334,4433.333,0.000,Velocity,1,0,1.000000,1.000
LinearOnly,cam1,0.550000,-1,0.000000,cam2,0.450000,4450.000,0.000,Velocity,1,0,1.000000,1.000
LinearOnly,cam1,0.533333,-1,0.000000,cam2,0.466667,4466.667,0.000,Velocity,1,0,1.000000,1.000
LinearOnly,cam1,0.516667,-1,0.000000,cam2,0.483334,4483.333,0.000,Velocity,1,0,1.000000,1.000
LinearOnly,cam1,0.500000,-1,0.000000,cam2,0.500000,4500.000,0.000,Velocity,1,0,1.000000,1.000
LinearOnly,cam1,0.483333,-1,0.000000,cam2,0.516667,4516.667,0.000,Velocity,1,0,1.000000,1.000
LinearOnly,cam1,0.466667,-1,0.000000,cam2,0.533334,4533.333,0.000,Velocity,1,0,1.000000,1.000
LinearOnly,cam1,0.450000,-1,0.000000,cam2,0.550000,4550.000,0.000,Velocity,1,0,1.000000,1.000
LinearOnly,cam1,0.433333,-1,0.000000,cam2,0.566667,4566.667,0.000,Velocity,1,0,1.000000,1.000
LinearOnly,cam1,0.416667,-1,0.000000,cam2,0.583334,4583.333,0.000,Velocity,1,0,1.000000,1.000
LinearOnly,cam1,0.400000,-1,0.000000,cam2,0.600000,4600.000,0.000,Velocity,1,0,1.000000,1.000
LinearOnly,cam1,0.383333,-1,0.000000,cam2,0.616667,4616.667,0.000,Velocity,1,0,1.000000,1.000
LinearOnly,cam1,0.366667,-1,0.000000,cam2,0.633334,4633.333,0.000,Velocity,1,0,1.000000,1.000
LinearOnly,cam1,0.350000,-1,0.000000,cam2,0.650000,4650.000,0.000,Velocity,1,0,1.000000,1.000
LinearOnly,cam1,0.333333,-1,0.000000,cam2,0.666667,4666.667,0.000,Velocity,1,0,1.000000,1.000
LinearOnly,cam1,0.316667,-1,0.000000,cam2,0.683334,4683.333,0.000,Velocity,1,0,1.000000,1.000
LinearOnly,cam1,0.300000,-1,0.000000,cam2,0.700001,4700.000,0.000,Velocity,1,0,1.000000,1.000
LinearOnly,cam1,0.283333,-1,0.000000,cam2,0.716667,4716.667,0.000,Velocity,1,0,1.000000,1.000
LinearOnly,cam1,0.266667,-1,0.000000,cam2,0.733334,4733.333,0.000,Velocity,1,0,1.000000,1.000
LinearOnly,cam1,0.250000,-1,0.000000,cam2,0.750001,4750.000,0.000,Velocity,1,0,1.000000,1.000
LinearOnly,cam1,0.233333,-1,0.000000,cam2,0.766667,4766.667,0.000,Velocity,1,0,1.000000,1.000
LinearOnly,cam1,0.216667,-1,0.000000,cam2,0.783334,4783.333,0.000,Velocity,1,0,1.000000,1.000
LinearOnly,cam1,0.200000,-1,0.000000,cam2,0.800001,4800.000,0.000,Velocity,1,0,1.000000,1.000
LinearOnly,cam1,0.183333,-1,0.000000,cam2,0.816667,4816.667,0.000,Velocity,1,0,1.000000,1.000
LinearOnly,cam1,0.166667,-1,0.000000,cam2,0.833334,4833.333,0.000,Velocity,1,0,1.000000,1.000
LinearOnly,cam1,0.150000,-1,0.000000,cam2,0.850001,4850.000,0.000,Velocity,1,0,1.000000,1.000
LinearOnly,cam1,0.133333,-1,0.000000,cam2,0.866667,4866.667,0.000,Velocity,1,0,1.000000,1.000
LinearOnly,cam1,0.116667,-1,0.000000,cam2,0.883334,4883.333,0.000,Velocity,1,0,1.000000,1.000
LinearOnly,cam1,0.099999,-1,0.000000,cam2,0.900001,4900.000,0.000,Velocity,1,0,1.000000,1.000
LinearOnly,cam1,0.083333,-1,0.000000,cam2,0.916667,4916.667,0.000,Velocity,1,0,1.000000,1.000
LinearOnly,cam1,0.066666,-1,0.000000,cam2,0.933334,4933.333,0.000,Velocity,1,0,1.000000,1.000
LinearOnly,cam1,0.050000,-1,0.000000,cam2,0.950001,4950.000,0.000,Velocity,1,0,1.000000,1.000
LinearOnly,cam1,0.033333,-1,0.000000,cam2,0.966667,4966.667,0.000,Velocity,1,0,1.000000,1.000
LinearOnly,cam1,0.016667,-1,0.000000,cam2,0.983334,4983.333,0.000,Velocity,1,0,1.000000,1.000
LinearOnly,cam1,1.000000,-1,0.000000,cam2,0.000000,5000.000,0.000,Velocity,1,0,1.000000,1.000
LinearOnly,cam1,0.983333,-1,0.000000,cam2,0.016667,5016.667,0.000,Velocity,1,0,1.000000,1.000
LinearOnly,cam1,0.966667,-1,0.000000,cam2,0.033334,5033.333,0.000,Velocity,1,0,1.000000,1.000
LinearOnly,cam1,0.950000,-1,0.000000,cam2,0.050000,5050.000,0.000,Velocity,1,0,1.000000,1.000
LinearOnly,cam1,0.933333,-1,0.000000,cam2,0.066667,5066.667,0.000,Velocity,1,0,1.000000,1.000
LinearOnly,cam1,0.916667,-1,0.000000,cam2,0.083334,5083.333,0.000,Velocity,1,0,1.000000,1.000
LinearOnly,cam1,0.900000,-1,0.000000,cam2,0.100001,5100.000,0.000,Velocity,1,0,1.000000,1.000
LinearOnly,cam1,0.883333,-1,0.000000,cam2,0.116667,5116.667,0.000,Velocity,1,0,1.000000,1.000
LinearOnly,cam1,0.866667,-1,0.000000,cam2,0.133334,5133.333,0.000,Velocity,1,0,1.000000,1.000
LinearOnly,cam1,0.850000,-1,0.000000,cam2,0.150001,5150.000,0.000,Velocity,1,0,1.000000,1.000
LinearOnly,cam1,0.833333,-1,0.000000,cam2,0.166667,5166.667,0.000,Velocity,1,0,1.000000,1.000
LinearOnly,cam1,0.816667,-1,0.000000,cam2,0.183334,5183.333,0.000,Velocity,1,0,1.000000,1.000
LinearOnly,cam1,0.800000,-1,0.000000,cam2,0.200001,5200.000,0.000,Velocity,1,0,1.000000,1.000
LinearOnly,cam1,0.783333,-1,0.000000,cam2,0.216667,5216.667,0.000,Velocity,1,0,1.000000,1.000
LinearOnly,cam1,0.766667,-1,0.000000,cam2,0.233334,5233.333,0.000,Velocity,1,0,1.000000,1.000
LinearOnly,cam1,0.750000,-1,0.000000,cam2,0.250001,5250.000,0.000,Velocity,1,0,1.000000,1.000
LinearOnly,cam1,0.733333,-1,0.000000,cam2,0.266667,5266.667,0.000,Velocity,1,0,1.000000,1.000
LinearOnly,cam1,0.716667,-1,0.000000,cam2,0.283334,5283.333,0.000,Velocity,1,0,1.000000,1.000
LinearOnly,cam1,0.700000,-1,0.000000,cam2,0.300001,5300.000,0.000,Velocity,1,0,1.000000,1.000
LinearOnly,cam1,0.683333,-1,0.000000,cam2,0.316667,5316.667,0.000,Velocity,1,0,1.000000,1.000
LinearOnly,cam1,0.666667,-1,0.000000,cam2,0.333334,5333.333,0.000,Velocity,1,0,1.000000,1.000
LinearOnly,cam1,0.650000,-1,0.000000,cam2,0.350001,5350.000,0.000,Velocity,1,0,1.000000,1.000
LinearOnly,cam1,0.633333,-1,0.000000,cam2,0.366667,5366.667,0.000,Velocity,1,0,1.000000,1.000
LinearOnly,cam1,0.616667,-1,0.000000,cam2,0.383334,5383.333,0.000,Velocity,1,0,1.000000,1.000
LinearOnly,cam1,0.600000,-1,0.000000,cam2,0.400001,5400.000,0.000,Velocity,1,0,1.000000,1.000
LinearOnly,cam1,0.583333,-1,0.000000,cam2,0.416667,5416.667,0.000,Velocity,1,0,1.000000,1.000
LinearOnly,cam1,0.566667,-1,0.000000,cam2,0.433334,5433.333,0.000,Velocity,1,0,1.000000,1.000
LinearOnly,cam1,0.550000,-1,0.000000,cam2,0.450001,5450.000,0.000,Velocity,1,0,1.000000,1.000
LinearOnly,cam1,0.533333,-1,0.000000,cam2,0.466667,5466.667,0.000,Velocity,1,0,1.000000,1.000
LinearOnly,cam1,0.516667,-1,0.000000,cam2,0.483334,5483.333,0.000,Velocity,1,0,1.000000,1.000
LinearOnly,cam1,0.500000,-1,0.000000,cam2,0.500001,5500.000,0.000,Velocity,1,0,1.000000,1.000
LinearOnly,cam1,0.483333,-1,0.000000,cam2,0.516667,5516.667,0.000,Velocity,1,0,1.000000,1.000
LinearOnly,cam1,0.466667,-1,0.000000,cam2,0.533334,5533.333,0.000,Velocity,1,0,1.000000,1.000
LinearOnly,cam1,0.450000,-1,0.000000,cam2,0.550001,5550.000,0.000,Velocity,1,0,1.000000,1.000
LinearOnly,cam1,0.433333,-1,0.000000,cam2,0.566667,5566.667,0.000,Velocity,1,0,1.000000,1.000
LinearOnly,cam1,0.416667,-1,0.000000,cam2,0.583334,5583.333,0.000,Velocity,1,0,1.000000,1.000
LinearOnly,cam1,0.400000,-1,0.000000,cam2,0.600001,5600.000,0.000,Velocity,1,0,1.000000,1.000
LinearOnly,cam1,0.383333,-1,0.000000,cam2,0.616667,5616.667,0.000,Velocity,1,0,1.000000,1.000
LinearOnly,cam1,0.366667,-1,0.000000,cam2,0.633334,5633.333,0.000,Velocity,1,0,1.000000,1.000
LinearOnly,cam1,0.350000,-1,0.000000,cam2,0.650001,5650.000,0.000,Velocity,1,0,1.000000,1.000
LinearOnly,cam1,0.333333,-1,0.000000,cam2,0.666667,5666.667,0.000,Velocity,1,0,1.000000,1.000
LinearOnly,cam1,0.316667,-1,0.000000,cam2,0.683334,5683.333,0.000,Velocity,1,0,1.000000,1.000
LinearOnly,cam1,0.300000,-1,0.000000,cam2,0.700001,5700.000,0.000,Velocity,1,0,1.000000,1.000
LinearOnly,cam1,0.283333,-1,0.000000,cam2,0.716667,5716.667,0.000,Velocity,1,0,1.000000,1.000
LinearOnly,cam1,0.266667,-1,0.000000,cam2,0.733334,5733.333,0.000,Velocity,1,0,1.000000,1.000
LinearOnly,cam1,0.250000,-1,0.000000,cam2,0.750001,5750.000,0.000,Velocity,1,0,1.000000,1.000
LinearOnly,cam1,0.233333,-1,0.000000,cam2,0.766667,5766.667,0.000,Velocity,1,0,1.000000,1.000
LinearOnly,cam1,0.216667,-1,0.000000,cam2,0.783334,5783.333,0.000,Velocity,1,0,1.000000,1.000
LinearOnly,cam1,0.200000,-1,0.000000,cam2,0.800001,5800.000,0.000,Velocity,1,0,1.000000,1.000
LinearOnly,cam1,0.183333,-1,0.000000,cam2,0.816667,5816.667,0.000,Velocity,1,0,1.000000,1.000
LinearOnly,cam1,0.166667,-1,0.000000,cam2,0.833334,5833.333,0.000,Velocity,1,0,1.000000,1.000
LinearOnly,cam1,0.150000,-1,0.000000,cam2,0.850001,5850.000,0.000,Velocity,1,0,1.000000,1.000
LinearOnly,cam1,0.133333,-1,0.000000,cam2,0.866667,5866.667,0.000,Velocity,1,0,1.000000,1.000
LinearOnly,cam1,0.116667,-1,0.000000,cam2,0.883334,5883.333,0.000,Velocity,1,0,1.000000,1.000
LinearOnly,cam1,0.099999,-1,0.000000,cam2,0.900001,5900.000,0.000,Velocity,1,0,1.000000,1.000
LinearOnly,cam1,0.083333,-1,0.000000,cam2,0.916667,5916.667,0.000,Velocity,1,0,1.000000,1.000
LinearOnly,cam1,0.066666,-1,0.000000,cam2,0.933334,5933.333,0.000,Velocity,1,0,1.000000,1.000
LinearOnly,cam1,0.050000,-1,0.000000,cam2,0.950001,5950.000,0.000,Velocity,1,0,1.000000,1.000
LinearOnly,cam1,0.033333,-1,0.000000,cam2,0.966667,5966.667,0.000,Velocity,1,0,1.000000,1.000
LinearOnly,cam1,0.016667,-1,0.000000,cam2,0.983334,5983.333,0.000,Velocity,1,0,1.000000,1.000
LinearOnly,cam1,1.000000,-1,0.000000,cam2,0.000000,6000.000,0.000,Velocity,1,0,1.000000,1.000
LinearOnly,cam1,0.983333,-1,0.000000,cam2,0.016667,6016.667,0.000,Velocity,1,0,1.000000,1.000
LinearOnly,cam1,0.966667,-1,0.000000,cam2,0.033334,6033.333,0.000,Velocity,1,0,1.000000,1.000
LinearOnly,cam1,0.950000,-1,0.000000,cam2,0.050000,6050.000,0.000,Velocity,1,0,1.000000,1.000
LinearOnly,cam1,0.933333,-1,0.000000,cam2,0.066667,6066.667,0.000,Velocity,1,0,1.000000,1.000
LinearOnly,cam1,0.916667,-1,0.000000,cam2,0.083334,6083.333,0.000,Velocity,1,0,1.000000,1.000
LinearOnly,cam1,0.900000,-1,0.000000,cam2,0.100001,6100.000,0.000,Velocity,1,0,1.000000,1.000
LinearOnly,cam1,0.883333,-1,0.000000,cam2,0.116667,6116.667,0.000,Velocity,1,0,1.000000,1.000
LinearOnly,cam1,0.866667,-1,0.000000,cam2,0.133334,6133.333,0.000,Velocity,1,0,1.000000,1.000
LinearOnly,cam1,0.850000,-1,0.000000,cam2,0.150001,6150.000,0.000,Velocity,1,0,1.000000,1.000
LinearOnly,cam1,0.833333,-1,0.000000,cam2,0.166667,6166.667,0.000,Velocity,1,0,1.000000,1.000
LinearOnly,cam1,0.816667,-1,0.000000,cam2,0.183334,6183.333,0.000,Velocity,1,0,1.000000,1.000
LinearOnly,cam1,0.800000,-1,0.000000,cam2,0.200001,6200.000,0.000,Velocity,1,0,1.000000,1.000
LinearOnly,cam1,0.783333,-1,0.000000,cam2,0.216667,6216.667,0.000,Velocity,1,0,1.000000,1.000
LinearOnly,cam1,0.766667,-1,0.000000,cam2,0.233334,6233.333,0.000,Velocity,1,0,1.000000,1.000
LinearOnly,cam1,0.750000,-1,0.000000,cam2,0.250001,6250.000,0.000,Velocity,1,0,1.000000,1.000
LinearOnly,cam1,0.733333,-1,0.000000,cam2,0.266667,6266.667,0.000,Velocity,1,0,1.000000,1.000
LinearOnly,cam1,0.716667,-1,0.000000,cam2,0.283334,6283.333,0.000,Velocity,1,0,1.000000,1.000
LinearOnly,cam1,0.700000,-1,0.000000,cam2,0.300001,6300.000,0.000,Velocity,1,0,1.000000,1.000
LinearOnly,cam1,0.683333,-1,0.000000,cam2,0.316667,6316.667,0.000,Velocity,1,0,1.000000,1.000
LinearOnly,cam1,0.666667,-1,0.000000,cam2,0.333334,6333.333,0.000,Velocity,1,0,1.000000,1.000
LinearOnly,cam1,0.650000,-1,0.000000,cam2,0.350001,6350.000,0.000,Velocity,1,0,1.000000,1.000
LinearOnly,cam1,0.633333,-1,0.000000,cam2,0.366667,6366.667,0.000,Velocity,1,0,1.000000,1.000
LinearOnly,cam1,0.616667,-1,0.000000,cam2,0.383334,6383.333,0.000,Velocity,1,0,1.000000,1.000
LinearOnly,cam1,0.600000,-1,0.000000,cam2,0.400001,6400.000,0.000,Velocity,1,0,1.000000,1.000
LinearOnly,cam1,0.583333,-1,0.000000,cam2,0.416667,6416.667,0.000,Velocity,1,0,1.000000,1.000
LinearOnly,cam1,0.566667,-1,0.000000,cam2,0.433334,6433.333,0.000,Velocity,1,0,1.000000,1.000
LinearOnly,cam1,0.550000,-1,0.000000,cam2,0.450001,6450.000,0.000,Velocity,1,0,1.000000,1.000
LinearOnly,cam1,0.533333,-1,0.000000,cam2,0.466667,6466.667,0.000,Velocity,1,0,1.000000,1.000
LinearOnly,cam1,0.516667,-1,0.000000,cam2,0.483334,6483.333,0.000,Velocity,1,0,1.000000,1.000
LinearOnly,cam1,0.500000,-1,0.000000,cam2,0.500001,6500.000,0.000,Velocity,1,0,1.000000,1.000
LinearOnly,cam1,0.483333,-1,0.000000,cam2,0.516667,6516.667,0.000,Velocity,1,0,1.000000,1.000
LinearOnly,cam1,0.466667,-1,0.000000,cam2,0.533334,6533.333,0.000,Velocity,1,0,1.000000,1.000
LinearOnly,cam1,0.450000,-1,0.000000,cam2,0.550001,6550.000,0.000,Velocity,1,0,1.000000,1.000
LinearOnly,cam1,0.433333,-1,0.000000,cam2,0.566667,6566.667,0.000,Velocity,1,0,1.000000,1.000
LinearOnly,cam1,0.416667,-1,0.000000,cam2,0.583334,6583.333,0.000,Velocity,1,0,1.000000,1.000
LinearOnly,cam1,0.400000,-1,0.000000,cam2,0.600001,6600.000,0.000,Velocity,1,0,1.000000,1.000
LinearOnly,cam1,0.383333,-1,0.000000,cam2,0.616667,6616.667,0.000,Velocity,1,0,1.000000,1.000
LinearOnly,cam1,0.366667,-1,0.000000,cam2,0.633334,6633.333,0.000,Velocity,1,0,1.000000,1.000
LinearOnly,cam1,0.350000,-1,0.000000,cam2,0.650001,6650.000,0.000,Velocity,1,0,1.000000,1.000
LinearOnly,cam1,0.333333,-1,0.000000,cam2,0.666667,6666.667,0.000,Velocity,1,0,1.000000,1.000
LinearOnly,cam1,0.316667,-1,0.000000,cam2,0.683334,6683.333,0.000,Velocity,1,0,1.000000,1.000
LinearOnly,cam1,0.300000,-1,0.000000,cam2,0.700001,6700.000,0.000,Velocity,1,0,1.000000,1.000
LinearOnly,cam1,0.283333,-1,0.000000,cam2,0.716667,6716.667,0.000,Velocity,1,0,1.000000,1.000
LinearOnly,cam1,0.266667,-1,0.000000,cam2,0.733334,6733.333,0.000,Velocity,1,0,1.000000,1.000
LinearOnly,cam1,0.250000,-1,0.000000,cam2,0.750001,6750.000,0.000,Velocity,1,0,1.000000,1.000
LinearOnly,cam1,0.233333,-1,0.000000,cam2,0.766667,6766.667,0.000,Velocity,1,0,1.000000,1.000
LinearOnly,cam1,0.216667,-1,0.000000,cam2,0.783334,6783.333,0.000,Velocity,1,0,1.000000,1.000
LinearOnly,cam1,0.200000,-1,0.000000,cam2,0.800001,6800.000,0.000,Velocity,1,0,1.000000,1.000
LinearOnly,cam1,0.183333,-1,0.000000,cam2,0.816667,6816.667,0.000,Velocity,1,0,1.000000,1.000
LinearOnly,cam1,0.166667,-1,0.000000,cam2,0.833334,6833.333,0.000,Velocity,1,0,1.000000,1.000
LinearOnly,cam1,0.150000,-1,0.000000,cam2,0.850001,6850.000,0.000,Velocity,1,0,1.000000,1.000
LinearOnly,cam1,0.133333,-1,0.000000,cam2,0.866667,6866.667,0.000,Velocity,1,0,1.000000,1.000
LinearOnly,cam1,0.116667,-1,0.000000,cam2,0.883334,6883.333,0.000,Velocity,1,0,1.000000,1.000
LinearOnly,cam1,0.099999,-1,0.000000,cam2,0.900001,6900.000,0.000,Velocity,1,0,1.000000,1.000
LinearOnly,cam1,0.083333,-1,0.000000,cam2,0.916667,6916.667,0.000,Velocity,1,0,1.000000,1.000
LinearOnly,cam1,0.066666,-1,0.000000,cam2,0.933334,6933.333,0.000,Velocity,1,0,1.000000,1.000
LinearOnly,cam1,0.050000,-1,0.000000,cam2,0.950001,6950.000,0.000,Velocity,1,0,1.000000,1.000
LinearOnly,cam1,0.033333,-1,0.000000,cam2,0.966667,6966.667,0.000,Velocity,1,0,1.000000,1.000
LinearOnly,cam1,0.016667,-1,0.000000,cam2,0.983334,6983.333,0.000,Velocity,1,0,1.000000,1.000
LinearOnly,cam1,1.000000,-1,0.000000,cam2,0.000000,7000.000,0.000,Velocity,1,0,1.000000,1.000
LinearOnly,cam1,0.983333,-1,0.000000,cam2,0.016667,7016.667,0.000,Velocity,1,0,1.000000,1.000
LinearOnly,cam1,0.966667,-1,0.000000,cam2,0.033334,7033.333,0.000,Velocity,1,0,1.000000,1.000
LinearOnly,cam1,0.950000,-1,0.000000,cam2,0.050000,7050.000,0.000,Velocity,1,0,1.000000,1.000
LinearOnly,cam1,0.933333,-1,0.000000,cam2,0.066667,7066.667,0.000,Velocity,1,0,1.000000,1.000
LinearOnly,cam1,0.916667,-1,0.000000,cam2,0.083334,7083.333,0.000,Velocity,1,0,1.000000,1.000
LinearOnly,cam1,0.900000,-1,0.000000,cam2,0.100001,7100.000,0.000,Velocity,1,0,1.000000,1.000
LinearOnly,cam1,0.883333,-1,0.000000,cam2,0.116667,7116.667,0.000,Velocity,1,0,1.000000,1.000
LinearOnly,cam1,0.866667,-1,0.000000,cam2,0.133334,7133.333,0.000,Velocity,1,0,1.000000,1.000
LinearOnly,cam1,0.850000,-1,0.000000,cam2,0.150001,7150.000,0.000,Velocity,1,0,1.000000,1.000
LinearOnly,cam1,0.833333,-1,0.000000,cam2,0.166667,7166.667,0.000,Velocity,1,0,1.000000,1.000
LinearOnly,cam1,0.816667,-1,0.000000,cam2,0.183334,7183.333,0.000,Velocity,1,0,1.000000,1.000
LinearOnly,cam1,0.800000,-1,0.000000,cam2,0.200001,7200.000,0.000,Velocity,1,0,1.000000,1.000
LinearOnly,cam1,0.783333,-1,0.000000,cam2,0.216667,7216.667,0.000,Velocity,1,0,1.000000,1.000
LinearOnly,cam1,0.766667,-1,0.000000,cam2,0.233334,7233.333,0.000,Velocity,1,0,1.000000,1.000
LinearOnly,cam1,0.750000,-1,0.000000,cam2,0.250001,7250.000,0.000,Velocity,1,0,1.000000,1.000
LinearOnly,cam1,0.733333,-1,0.000000,cam2,0.266667,7266.667,0.000,Velocity,1,0,1.000000,1.000
LinearOnly,cam1,0.716667,-1,0.000000,cam2,0.283334,7283.333,0.000,Velocity,1,0,1.000000,1.000
LinearOnly,cam1,0.700000,-1,0.000000,cam2,0.300001,7300.000,0.000,Velocity,1,0,1.000000,1.000
LinearOnly,cam1,0.683333,-1,0.000000,cam2,0.316667,7316.667,0.000,Velocity,1,0,1.000000,1.000
LinearOnly,cam1,0.666667,-1,0.000000,cam2,0.333334,7333.333,0.000,Velocity,1,0,1.000000,1.000
LinearOnly,cam1,0.650000,-1,0.000000,cam2,0.350001,7350.000,0.000,Velocity,1,0,1.000000,1.000
LinearOnly,cam1,0.633333,-1,0.000000,cam2,0.366667,7366.667,0.000,Velocity,1,0,1.000000,1.000
LinearOnly,cam1,0.616667,-1,0.000000,cam2,0.383334,7383.333,0.000,Velocity,1,0,1.000000,1.000
LinearOnly,cam1,0.600000,-1,0.000000,cam2,0.400001,7400.000,0.000,Velocity,1,0,1.000000,1.000
LinearOnly,cam1,0.583333,-1,0.000000,cam2,0.416667,7416.667,0.000,Velocity,1,0,1.000000,1.000
LinearOnly,cam1,0.566667,-1,0.000000,cam2,0.433334,7433.333,0.000,Velocity,1,0,1.000000,1.000
LinearOnly,cam1,0.550000,-1,0.000000,cam2,0.450001,7450.000,0.000,Velocity,1,0,1.000000,1.000
LinearOnly,cam1,0.533333,-1,0.000000,cam2,0.466667,7466.667,0.000,Velocity,1,0,1.000000,1.000
LinearOnly,cam1,0.516667,-1,0.000000,cam2,0.483334,7483.333,0.000,Velocity,1,0,1.000000,1.000
LinearOnly,cam1,0.500000,-1,0.000000,cam2,0.500001,7500.000,0.000,Velocity,1,0,1.000000,1.000
LinearOnly,cam1,0.483333,-1,0.000000,cam2,0.516667,7516.667,0.000,Velocity,1,0,1.000000,1.000
LinearOnly,cam1,0.466667,-1,0.000000,cam2,0.533334,7533.333,0.000,Velocity,1,0,1.000000,1.000
LinearOnly,cam1,0.450000,-1,0.000000,cam2,0.550001,7550.000,0.000,Velocity,1,0,1.000000,1.000
LinearOnly,cam1,0.433333,-1,0.000000,cam2,0.566667,7566.667,0.000,Velocity,1,0,1.000000,1.000
LinearOnly,cam1,0.416667,-1,0.000000,cam2,0.583334,7583.333,0.000,Velocity,1,0,1.000000,1.000
LinearOnly,cam1,0.400000,-1,0.000000,cam2,0.600001,7600.000,0.000,Velocity,1,0,1.000000,1.000
LinearOnly,cam1,0.383333,-1,0.000000,cam2,0.616667,7616.667,0.000,Velocity,1,0,1.000000,1.000
LinearOnly,cam1,0.366667,-1,0.000000,cam2,0.633334,7633.333,0.000,Velocity,1,0,1.000000,1.000
LinearOnly,cam1,0.350000,-1,0.000000,cam2,0.650001,7650.000,0.000,Velocity,1,0,1.000000,1.000
LinearOnly,cam1,0.333333,-1,0.000000,cam2,0.666667,7666.667,0.000,Velocity,1,0,1.000000,1.000
LinearOnly,cam1,0.316667,-1,0.000000,cam2,0.683334,7683.333,0.000,Velocity,1,0,1.000000,1.000
LinearOnly,cam1,0.300000,-1,0.000000,cam2,0.700001,7700.000,0.000,Velocity,1,0,1.000000,1.000
LinearOnly,cam1,0.283333,-1,0.000000,cam2,0.716667,7716.667,0.000,Velocity,1,0,1.000000,1.000
LinearOnly,cam1,0.266667,-1,0.000000,cam2,0.733334,7733.333,0.000,Velocity,1,0,1.000000,1.000
LinearOnly,cam1,0.250000,-1,0.000000,cam2,0.750001,7750.000,0.000,Velocity,1,0,1.000000,1.000
LinearOnly,cam1,0.233333,-1,0.000000,cam2,0.766667,7766.667,0.000,Velocity,1,0,1.000000,1.000
LinearOnly,cam1,0.216667,-1,0.000000,cam2,0.783334,7783.333,0.000,Velocity,1,0,1.000000,1.000
LinearOnly,cam1,0.200000,-1,0.000000,cam2,0.800001,7800.000,0.000,Velocity,1,0,1.000000,1.000
LinearOnly,cam1,0.183333,-1,0.000000,cam2,0.816667,7816.667,0.000,Velocity,1,0,1.000000,1.000
LinearOnly,cam1,0.166666,-1,0.000000,cam2,0.833334,7833.334,0.000,Velocity,1,0,1.000000,1.000
LinearOnly,cam1,0.150000,-1,0.000000,cam2,0.850001,7850.000,0.000,Velocity,1,0,1.000000,1.000
LinearOnly,cam1,0.133333,-1,0.000000,cam2,0.866667,7866.667,0.000,Velocity,1,0,1.000000,1.000
LinearOnly,cam1,0.116666,-1,0.000000,cam2,0.883334,7883.334,0.000,Velocity,1,0,1.000000,1.000
LinearOnly,cam1,0.099999,-1,0.000000,cam2,0.900001,7900.000,0.000,Velocity,1,0,1.000000,1.000
LinearOnly,cam1,0.083333,-1,0.000000,cam2,0.916667,7916.667,0.000,Velocity,1,0,1.000000,1.000
LinearOnly,cam1,0.066666,-1,0.000000,cam2,0.933334,7933.334,0.000,Velocity,1,0,1.000000,1.000
LinearOnly,cam1,0.050000,-1,0.000000,cam2,0.950001,7950.000,0.000,Velocity,1,0,1.000000,1.000
LinearOnly,cam1,0.033333,-1,0.000000,cam2,0.966667,7966.667,0.000,Velocity,1,0,1.000000,1.000
LinearOnly,cam1,0.016666,-1,0.000000,cam2,0.983334,7983.334,0.000,Velocity,1,0,1.000000,1.000
LinearOnly,cam1,1.000000,-1,0.000000,cam2,0.000000,8000.000,0.000,Velocity,1,0,1.000000,1.000
LinearOnly,cam1,0.983333,-1,0.000000,cam2,0.016667,8016.667,0.000,Velocity,1,0,1.000000,1.000
LinearOnly,cam1,0.966666,-1,0.000000,cam2,0.033334,8033.334,0.000,Velocity,1,0,1.000000,1.000
LinearOnly,cam1,0.950000,-1,0.000000,cam2,0.050000,8050.000,0.000,Velocity,1,0,1.000000,1.000
LinearOnly,cam1,0.933333,-1,0.000000,cam2,0.066667,8066.667,0.000,Velocity,1,0,1.000000,1.000
LinearOnly,cam1,0.916666,-1,0.000000,cam2,0.083334,8083.334,0.000,Velocity,1,0,1.000000,1.000
LinearOnly,cam1,0.900000,-1,0.000000,cam2,0.100001,8100.000,0.000,Velocity,1,0,1.000000,1.000
LinearOnly,cam1,0.883333,-1,0.000000,cam2,0.116667,8116.667,0.000,Velocity,1,0,1.000000,1.000
LinearOnly,cam1,0.866666,-1,0.000000,cam2,0.133334,8133.334,0.000,Velocity,1,0,1.000000,1.000
LinearOnly,cam1,0.850000,-1,0.000000,cam2,0.150001,8150.000,0.000,Velocity,1,0,1.000000,1.000
LinearOnly,cam1,0.833333,-1,0.000000,cam2,0.166667,8166.667,0.000,Velocity,1,0,1.000000,1.000
LinearOnly,cam1,0.816666,-1,0.000000,cam2,0.183334,8183.334,0.000,Velocity,1,0,1.000000,1.000
LinearOnly,cam1,0.800000,-1,0.000000,cam2,0.200000,8200.000,0.000,Velocity,1,0,1.000000,1.000
LinearOnly,cam1,0.783333,-1,0.000000,cam2,0.216667,8216.667,0.000,Velocity,1,0,1.000000,1.000
LinearOnly,cam1,0.766666,-1,0.000000,cam2,0.233334,8233.334,0.000,Velocity,1,0,1.000000,1.000
LinearOnly,cam1,0.750000,-1,0.000000,cam2,0.250000,8250.000,0.000,Velocity,1,0,1.000000,1.000
LinearOnly,cam1,0.733333,-1,0.000000,cam2,0.266667,8266.667,0.000,Velocity,1,0,1.000000,1.000
LinearOnly,cam1,0.716666,-1,0.000000,cam2,0.283334,8283.334,0.000,Velocity,1,0,1.000000,1.000
LinearOnly,cam1,0.700000,-1,0.000000,cam2,0.300000,8300.000,0.000,Velocity,1,0,1.000000,1.000
LinearOnly,cam1,0.683333,-1,0.000000,cam2,0.316667,8316.667,0.000,Velocity,1,0,1.000000,1.000
LinearOnly,cam1,0.666666,-1,0.000000,cam2,0.333334,8333.334,0.000,Velocity,1,0,1.000000,1.000
LinearOnly,cam1,0.650000,-1,0.000000,cam2,0.350000,8350.000,0.000,Velocity,1,0,1.000000,1.000
LinearOnly,cam1,0.633333,-1,0.000000,cam2,0.366667,8366.667,0.000,Velocity,1,0,1.000000,1.000
LinearOnly,cam1,0.616666,-1,0.000000,cam2,0.383334,8383.334,0.000,Velocity,1,0,1.000000,1.000
LinearOnly,cam1,0.600000,-1,0.000000,cam2,0.400000,8400.000,0.000,Velocity,1,0,1.000000,1.000
LinearOnly,cam1,0.583333,-1,0.000000,cam2,0.416667,8416.667,0.000,Velocity,1,0,1.000000,1.000
LinearOnly,cam1,0.566666,-1,0.000000,cam2,0.433334,8433.334,0.000,Velocity,1,0,1.000000,1.000
LinearOnly,cam1,0.550000,-1,0.000000,cam2,0.450000,8450.000,0.000,Velocity,1,0,1.000000,1.000
LinearOnly,cam1,0.533333,-1,0.000000,cam2,0.466667,8466.667,0.000,Velocity,1,0,1.000000,1.000
LinearOnly,cam1,0.516666,-1,0.000000,cam2,0.483334,8483.334,0.000,Velocity,1,0,1.000000,1.000
LinearOnly,cam1,0.500000,-1,0.000000,cam2,0.500000,8500.000,0.000,Velocity,1,0,1.000000,1.000
LinearOnly,cam1,0.483333,-1,0.000000,cam2,0.516667,8516.667,0.000,Velocity,1,0,1.000000,1.000
LinearOnly,cam1,0.466666,-1,0.000000,cam2,0.533334,8533.334,0.000,Velocity,1,0,1.000000,1.000
LinearOnly,cam1,0.450000,-1,0.000000,cam2,0.550000,8550.000,0.000,Velocity,1,0,1.000000,1.000
LinearOnly,cam1,0.433333,-1,0.000000,cam2,0.566667,8566.667,0.000,Velocity,1,0,1.000000,1.000
LinearOnly,cam1,0.416666,-1,0.000000,cam2,0.583334,8583.334,0.000,Velocity,1,0,1.000000,1.000
LinearOnly,cam1,0.400000,-1,0.000000,cam2,0.600000,8600.000,0.000,Velocity,1,0,1.000000,1.000
LinearOnly,cam1,0.383333,-1,0.000000,cam2,0.616667,8616.667,0.000,Velocity,1,0,1.000000,1.000
LinearOnly,cam1,0.366666,-1,0.000000,cam2,0.633334,8633.334,0.000,Velocity,1,0,1.000000,1.000
LinearOnly,cam1,0.350000,-1,0.000000,cam2,0.650000,8650.000,0.000,Velocity,1,0,1.000000,1.000
LinearOnly,cam1,0.333333,-1,0.000000,cam2,0.666667,8666.667,0.000,Velocity,1,0,1.000000,1.000
LinearOnly,cam1,0.316666,-1,0.000000,cam2,0.683334,8683.334,0.000,Velocity,1,0,1.000000,1.000
LinearOnly,cam1,0.300000,-1,0.000000,cam2,0.700000,8700.000,0.000,Velocity,1,0,1.000000,1.000
LinearOnly,cam1,0.283333,-1,0.000000,cam2,0.716667,8716.667,0.000,Velocity,1,0,1.000000,1.000
LinearOnly,cam1,0.266666,-1,0.000000,cam2,0.733334,8733.334,0.000,Velocity,1,0,1.000000,1.000
LinearOnly,cam1,0.250000,-1,0.000000,cam2,0.750000,8750.000,0.000,Velocity,1,0,1.000000,1.000
LinearOnly,cam1,0.233333,-1,0.000000,cam2,0.766667,8766.667,0.000,Velocity,1,0,1.000000,1.000
LinearOnly,cam1,0.216666,-1,0.000000,cam2,0.783334,8783.334,0.000,Velocity,1,0,1.000000,1.000
LinearOnly,cam1,0.200000,-1,0.000000,cam2,0.800000,8800.000,0.000,Velocity,1,0,1.000000,1.000
LinearOnly,cam1,0.183333,-1,0.000000,cam2,0.816667,8816.667,0.000,Velocity,1,0,1.000000,1.000
LinearOnly,cam1,0.166666,-1,0.000000,cam2,0.833334,8833.334,0.000,Velocity,1,0,1.000000,1.000
LinearOnly,cam1,0.150000,-1,0.000000,cam2,0.850000,8850.000,0.000,Velocity,1,0,1.000000,1.000
LinearOnly,cam1,0.133333,-1,0.000000,cam2,0.866667,8866.667,0.000,Velocity,1,0,1.000000,1.000
LinearOnly,cam1,0.116666,-1,0.000000,cam2,0.883334,8883.334,0.000,Velocity,1,0,1.000000,1.000
LinearOnly,cam1,0.100000,-1,0.000000,cam2,0.900000,8900.000,0.000,Velocity,1,0,1.000000,1.000
LinearOnly,cam1,0.083333,-1,0.000000,cam2,0.916667,8916.667,0.000,Velocity,1,0,1.000000,1.000
LinearOnly,cam1,0.066666,-1,0.000000,cam2,0.933334,8933.334,0.000,Velocity,1,0,1.000000,1.000
LinearOnly,cam1,0.050000,-1,0.000000,cam2,0.950000,8950.000,0.000,Velocity,1,0,1.000000,1.000
LinearOnly,cam1,0.033333,-1,0.000000,cam2,0.966667,8966.667,0.000,Velocity,1,0,1.000000,1.000
LinearOnly,cam1,0.016666,-1,0.000000,cam2,0.983334,8983.334,0.000,Velocity,1,0,1.000000,1.000
LinearOnly,cam1,1.000000,-1,0.000000,cam2,0.000000,9000.000,0.000,Velocity,1,0,1.000000,1.000
LinearOnly,cam1,0.983333,-1,0.000000,cam2,0.016667,9016.667,0.000,Velocity,1,0,1.000000,1.000
LinearOnly,cam1,0.966666,-1,0.000000,cam2,0.033334,9033.334,0.000,Velocity,1,0,1.000000,1.000
LinearOnly,cam1,0.950000,-1,0.000000,cam2,0.050000,9050.000,0.000,Velocity,1,0,1.000000,1.000
LinearOnly,cam1,0.933333,-1,0.000000,cam2,0.066667,9066.667,0.000,Velocity,1,0,1.000000,1.000
LinearOnly,cam1,0.916666,-1,0.000000,cam2,0.083334,9083.334,0.000,Velocity,1,0,1.000000,1.000
LinearOnly,cam1,0.900000,-1,0.000000,cam2,0.100000,9100.000,0.000,Velocity,1,0,1.000000,1.000
LinearOnly,cam1,0.883333,-1,0.000000,cam2,0.116667,9116.667,0.000,Velocity,1,0,1.000000,1.000
LinearOnly,cam1,0.866666,-1,0.000000,cam2,0.133334,9133.334,0.000,Velocity,1,0,1.000000,1.000
LinearOnly,cam1,0.850000,-1,0.000000,cam2,0.150000,9150.000,0.000,Velocity,1,0,1.000000,1.000
LinearOnly,cam1,0.833333,-1,0.000000,cam2,0.166667,9166.667,0.000,Velocity,1,0,1.000000,1.000
LinearOnly,cam1,0.816666,-1,0.000000,cam2,0.183334,9183.334,0.000,Velocity,1,0,1.000000,1.000
LinearOnly,cam1,0.800000,-1,0.000000,cam2,0.200000,9200.000,0.000,Velocity,1,0,1.000000,1.000
LinearOnly,cam1,0.783333,-1,0.000000,cam2,0.216667,9216.667,0.000,Velocity,1,0,1.000000,1.000
LinearOnly,cam1,0.766666,-1,0.000000,cam2,0.233334,9233.334,0.000,Velocity,1,0,1.000000,1.000
LinearOnly,cam1,0.750000,-1,0.000000,cam2,0.250000,9250.000,0.000,Velocity,1,0,1.000000,1.000
LinearOnly,cam1,0.733333,-1,0.000000,cam2,0.266667,9266.667,0.000,Velocity,1,0,1.000000,1.000
LinearOnly,cam1,0.716666,-1,0.000000,cam2,0.283334,9283.334,0.000,Velocity,1,0,1.000000,1.000
LinearOnly,cam1,0.700000,-1,0.000000,cam2,0.300000,9300.000,0.000,Velocity,1,0,1.000000,1.000
LinearOnly,cam1,0.683333,-1,0.000000,cam2,0.316667,9316.667,0.000,Velocity,1,0,1.000000,1.000
LinearOnly,cam1,0.666666,-1,0.000000,cam2,0.333334,9333.334,0.000,Velocity,1,0,1.000000,1.000
LinearOnly,cam1,0.650000,-1,0.000000,cam2,0.350000,9350.000,0.000,Velocity,1,0,1.000000,1.000
LinearOnly,cam1,0.633333,-1,0.000000,cam2,0.366667,9366.667,0.000,Velocity,1,0,1.000000,1.000
LinearOnly,cam1,0.616666,-1,0.000000,cam2,0.383334,9383.334,0.000,Velocity,1,0,1.000000,1.000
LinearOnly,cam1,0.599999,-1,0.000000,cam2,0.400001,9400.001,0.000,Velocity,1,0,1.000000,1.000
LinearOnly,cam1,0.583333,-1,0.000000,cam2,0.416667,9416.667,0.000,Velocity,1,0,1.000000,1.000
LinearOnly,cam1,0.566666,-1,0.000000,cam2,0.433334,9433.334,0.000,Velocity,1,0,1.000000,1.000
LinearOnly,cam1,0.549999,-1,0.000000,cam2,0.450001,9450.001,0.000,Velocity,1,0,1.000000,1.000
LinearOnly,cam1,0.533333,-1,0.000000,cam2,0.466667,9466.667,0.000,Velocity,1,0,1.000000,1.000
LinearOnly,cam1,0.516666,-1,0.000000,cam2,0.483334,9483.334,0.000,Velocity,1,0,1.000000,1.000
LinearOnly,cam1,0.499999,-1,0.000000,cam2,0.500001,9500.001,0.000,Velocity,1,0,1.000000,1.000
LinearOnly,cam1,0.483333,-1,0.000000,cam2,0.516667,9516.667,0.000,Velocity,1,0,1.000000,1.000
LinearOnly,cam1,0.466666,-1,0.000000,cam2,0.533334,9533.334,0.000,Velocity,1,0,1.000000,1.000
LinearOnly,cam1,0.449999,-1,0.000000,cam2,0.550001,9550.001,0.000,Velocity,1,0,1.000000,1.000
LinearOnly,cam1,0.433333,-1,0.000000,cam2,0.566667,9566.667,0.000,Velocity,1,0,1.000000,1.000
LinearOnly,cam1,0.416666,-1,0.000000,cam2,0.583334,9583.334,0.000,Velocity,1,0,1.000000,1.000
LinearOnly,cam1,0.399999,-1,0.000000,cam2,0.600001,9600.001,0.000,Velocity,1,0,1.000000,1.000
LinearOnly,cam1,0.383333,-1,0.000000,cam2,0.616667,9616.667,0.000,Velocity,1,0,1.000000,1.000
LinearOnly,cam1,0.366666,-1,0.000000,cam2,0.633334,9633.334,0.000,Velocity,1,0,1.000000,1.000
LinearOnly,cam1,0.349999,-1,0.000000,cam2,0.650001,9650.001,0.000,Velocity,1,0,1.000000,1.000
LinearOnly,cam1,0.333333,-1,0.000000,cam2,0.666667,9666.667,0.000,Velocity,1,0,1.000000,1.000
LinearOnly,cam1,0.316666,-1,0.000000,cam2,0.683334,9683.334,0.000,Velocity,1,0,1.000000,1.000
LinearOnly,cam1,0.299999,-1,0.000000,cam2,0.700001,9700.001,0.000,Velocity,1,0,1.000000,1.000
LinearOnly,cam1,0.283333,-1,0.000000,cam2,0.716667,9716.667,0.000,Velocity,1,0,1.000000,1.000
LinearOnly,cam1,0.266666,-1,0.000000,cam2,0.733334,9733.334,0.000,Velocity,1,0,1.000000,1.000
LinearOnly,cam1,0.249999,-1,0.000000,cam2,0.750001,9750.001,0.000,Velocity,1,0,1.000000,1.000
LinearOnly,cam1,0.233333,-1,0.000000,cam2,0.766667,9766.667,0.000,Velocity,1,0,1.000000,1.000
LinearOnly,cam1,0.216666,-1,0.000000,cam2,0.783334,9783.334,0.000,Velocity,1,0,1.000000,1.000
LinearOnly,cam1,0.199999,-1,0.000000,cam2,0.800001,9800.001,0.000,Velocity,1,0,1.000000,1.000
LinearOnly,cam1,0.183333,-1,0.000000,cam2,0.816667,9816.667,0.000,Velocity,1,0,1.000000,1.000
LinearOnly,cam1,0.166666,-1,0.000000,cam2,0.833334,9833.334,0.000,Velocity,1,0,1.000000,1.000
LinearOnly,cam1,0.149999,-1,0.000000,cam2,0.850001,9850.001,0.000,Velocity,1,0,1.000000,1.000
LinearOnly,cam1,0.133333,-1,0.000000,cam2,0.866667,9866.667,0.000,Velocity,1,0,1.000000,1.000
LinearOnly,cam1,0.116666,-1,0.000000,cam2,0.883334,9883.334,0.000,Velocity,1,0,1.000000,1.000
LinearOnly,cam1,0.099999,-1,0.000000,cam2,0.900001,9900.001,0.000,Velocity,1,0,1.000000,1.000
LinearOnly,cam1,0.083333,-1,0.000000,cam2,0.916667,9916.667,0.000,Velocity,1,0,1.000000,1.000
LinearOnly,cam1,0.066666,-1,0.000000,cam2,0.933334,9933.334,0.000,Velocity,1,0,1.000000,1.000
LinearOnly,cam1,0.049999,-1,0.000000,cam2,0.950001,9950.001,0.000,Velocity,1,0,1.000000,1.000
LinearOnly,cam1,0.033333,-1,0.000000,cam2,0.966667,9966.667,0.000,Velocity,1,0,1.000000,1.000
LinearOnly,cam1,0.016666,-1,0.000000,cam2,0.983334,9983.334,0.000,Velocity,1,0,1.000000,1.000
LinearOnly,cam1,0.999999,-1,0.000000,cam2,0.000001,10000.000,0.000,Velocity,1,0,1.000000,1.000
LinearOnly,cam1,0.983333,-1,0.000000,cam2,0.016667,10016.670,0.000,Velocity,1,0,1.000000,1.000
LinearOnly,cam1,0.966666,-1,0.000000,cam2,0.033334,10033.330,0.000,Velocity,1,0,1.000000,1.000
LinearOnly,cam1,0.949999,-1,0.000000,cam2,0.050001,10050.000,0.000,Velocity,1,0,1.000000,1.000
LinearOnly,cam1,0.933333,-1,0.000000,cam2,0.066667,10066.670,0.000,Velocity,1,0,1.000000,1.000
LinearOnly,cam1,0.916666,-1,0.000000,cam2,0.083334,10083.330,0.000,Velocity,1,0,1.000000,1.000
LinearOnly,cam1,0.899999,-1,0.000000,cam2,0.100001,10100.000,0.000,Velocity,1,0,1.000000,1.000
LinearOnly,cam1,0.883333,-1,0.000000,cam2,0.116667,10116.670,0.000,Velocity,1,0,1.000000,1.000
LinearOnly,cam1,0.866666,-1,0.000000,cam2,0.133334,10133.330,0.000,Velocity,1,0,1.000000,1.000
LinearOnly,cam1,0.849999,-1,0.000000,cam2,0.150001,10150.000,0.000,Velocity,1,0,1.000000,1.000
LinearOnly,cam1,0.833333,-1,0.000000,cam2,0.166667,10166.670,0.000,Velocity,1,0,1.000000,1.000
LinearOnly,cam1,0.816666,-1,0.000000,cam2,0.183334,10183.330,0.000,Velocity,1,0,1.000000,1.000
LinearOnly,cam1,0.799999,-1,0.000000,cam2,0.200001,10200.000,0.000,Velocity,1,0,1.000000,1.000
LinearOnly,cam1,0.783333,-1,0.000000,cam2,0.216667,10216.670,0.000,Velocity,1,0,1.000000,1.000
LinearOnly,cam1,0.766666,-1,0.000000,cam2,0.233334,10233.330,0.000,Velocity,1,0,1.000000,1.000
LinearOnly,cam1,0.749999,-1,0.000000,cam2,0.250001,10250.000,0.000,Velocity,1,0,1.000000,1.000
LinearOnly,cam1,0.733333,-1,0.000000,cam2,0.266667,10266.670,0.000,Velocity,1,0,1.000000,1.000
LinearOnly,cam1,0.716666,-1,0.000000,cam2,0.283334,10283.330,0.000,Velocity,1,0,1.000000,1.000
LinearOnly,cam1,0.699999,-1,0.000000,cam2,0.300001,10300.000,0.000,Velocity,1,0,1.000000,1.000
LinearOnly,cam1,0.683333,-1,0.000000,cam2,0.316667,10316.670,0.000,Velocity,1,0,1.000000,1.000
LinearOnly,cam1,0.666666,-1,0.000000,cam2,0.333334,10333.330,0.000,Velocity,1,0,1.000000,1.000
LinearOnly,cam1,0.649999,-1,0.000000,cam2,0.350001,10350.000,0.000,Velocity,1,0,1.000000,1.000
LinearOnly,cam1,0.633333,-1,0.000000,cam2,0.366667,10366.670,0.000,Velocity,1,0,1.000000,1.000
LinearOnly,cam1,0.616666,-1,0.000000,cam2,0.383334,10383.330,0.000,Velocity,1,0,1.000000,1.000
LinearOnly,cam1,0.599999,-1,0.000000,cam2,0.400001,10400.000,0.000,Velocity,1,0,1.000000,1.000
LinearOnly,cam1,0.583333,-1,0.000000,cam2,0.416667,10416.670,0.000,Velocity,1,0,1.000000,1.000
LinearOnly,cam1,0.566666,-1,0.000000,cam2,0.433334,10433.330,0.000,Velocity,1,0,1.000000,1.000
LinearOnly,cam1,0.549999,-1,0.000000,cam2,0.450001,10450.000,0.000,Velocity,1,0,1.000000,1.000
LinearOnly,cam1,0.533333,-1,0.000000,cam2,0.466667,10466.670,0.000,Velocity,1,0,1.000000,1.000
LinearOnly,cam1,0.516666,-1,0.000000,cam2,0.483334,10483.330,0.000,Velocity,1,0,1.000000,1.000
LinearOnly,cam1,0.499999,-1,0.000000,cam2,0.500001,10500.000,0.000,Velocity,1,0,1.000000,1.000
LinearOnly,cam1,0.483333,-1,0.000000,cam2,0.516667,10516.670,0.000,Velocity,1,0,1.000000,1.000
LinearOnly,cam1,0.466666,-1,0.000000,cam2,0.533334,10533.330,0.000,Velocity,1,0,1.000000,1.000
LinearOnly,cam1,0.449999,-1,0.000000,cam2,0.550001,10550.000,0.000,Velocity,1,0,1.000000,1.000
LinearOnly,cam1,0.433333,-1,0.000000,cam2,0.566667,10566.670,0.000,Velocity,1,0,1.000000,1.000
LinearOnly,cam1,0.416666,-1,0.000000,cam2,0.583334,10583.330,0.000,Velocity,1,0,1.000000,1.000
LinearOnly,cam1,0.399999,-1,0.000000,cam2,0.600001,10600.000,0.000,Velocity,1,0,1.000000,1.000
LinearOnly,cam1,0.383333,-1,0.000000,cam2,0.616667,10616.670,0.000,Velocity,1,0,1.000000,1.000
LinearOnly,cam1,0.366666,-1,0.000000,cam2,0.633334,10633.330,0.000,Velocity,1,0,1.000000,1.000
LinearOnly,cam1,0.349999,-1,0.000000,cam2,0.650001,10650.000,0.000,Velocity,1,0,1.000000,1.000
LinearOnly,cam1,0.333333,-1,0.000000,cam2,0.666667,10666.670,0.000,Velocity,1,0,1.000000,1.000
LinearOnly,cam1,0.316666,-1,0.000000,cam2,0.683334,10683.330,0.000,Velocity,1,0,1.000000,1.000
LinearOnly,cam1,0.299999,-1,0.000000,cam2,0.700001,10700.000,0.000,Velocity,1,0,1.000000,1.000
LinearOnly,cam1,0.283333,-1,0.000000,cam2,0.716667,10716.670,0.000,Velocity,1,0,1.000000,1.000
LinearOnly,cam1,0.266666,-1,0.000000,cam2,0.733334,10733.330,0.000,Velocity,1,0,1.000000,1.000
LinearOnly,cam1,0.249999,-1,0.000000,cam2,0.750001,10750.000,0.000,Velocity,1,0,1.000000,1.000
LinearOnly,cam1,0.233333,-1,0.000000,cam2,0.766667,10766.670,0.000,Velocity,1,0,1.000000,1.000
LinearOnly,cam1,0.216666,-1,0.000000,cam2,0.783334,10783.330,0.000,Velocity,1,0,1.000000,1.000
LinearOnly,cam1,0.199999,-1,0.000000,cam2,0.800001,10800.000,0.000,Velocity,1,0,1.000000,1.000
LinearOnly,cam1,0.183333,-1,0.000000,cam2,0.816667,10816.670,0.000,Velocity,1,0,1.000000,1.000
LinearOnly,cam1,0.166666,-1,0.000000,cam2,0.833334,10833.330,0.000,Velocity,1,0,1.000000,1.000
LinearOnly,cam1,0.149999,-1,0.000000,cam2,0.850001,10850.000,0.000,Velocity,1,0,1.000000,1.000
LinearOnly,cam1,0.133333,-1,0.000000,cam2,0.866667,10866.670,0.000,Velocity,1,0,1.000000,1.000
LinearOnly,cam1,0.116666,-1,0.000000,cam2,0.883334,10883.330,0.000,Velocity,1,0,1.000000,1.000
LinearOnly,cam1,0.099999,-1,0.000000,cam2,0.900001,10900.000,0.000,Velocity,1,0,1.000000,1.000
LinearOnly,cam1,0.083333,-1,0.000000,cam2,0.916667,10916.670,0.000,Velocity,1,0,1.000000,1.000
LinearOnly,cam1,0.066666,-1,0.000000,cam2,0.933334,10933.330,0.000,Velocity,1,0,1.000000,1.000
LinearOnly,cam1,0.049999,-1,0.000000,cam2,0.950001,10950.000,0.000,Velocity,1,0,1.000000,1.000
LinearOnly,cam1,0.033333,-1,0.000000,cam2,0.966667,10966.670,0.000,Velocity,1,0,1.000000,1.000
LinearOnly,cam1,0.016666,-1,0.000000,cam2,0.983334,10983.330,0.000,Velocity,1,0,1.000000,1.000
LinearOnly,cam1,0.999999,-1,0.000000,cam2,0.000001,11000.000,0.000,Velocity,1,0,1.000000,1.000
LinearOnly,cam1,0.983333,-1,0.000000,cam2,0.016667,11016.670,0.000,Velocity,1,0,1.000000,1.000
LinearOnly,cam1,0.966666,-1,0.000000,cam2,0.033334,11033.330,0.000,Velocity,1,0,1.000000,1.000
LinearOnly,cam1,0.949999,-1,0.000000,cam2,0.050001,11050.000,0.000,Velocity,1,0,1.000000,1.000
LinearOnly,cam1,0.933333,-1,0.000000,cam2,0.066667,11066.670,0.000,Velocity,1,0,1.000000,1.000
LinearOnly,cam1,0.916666,-1,0.000000,cam2,0.083334,11083.330,0.000,Velocity,1,0,1.000000,1.000
LinearOnly,cam1,0.899999,-1,0.000000,cam2,0.100001,11100.000,0.000,Velocity,1,0,1.000000,1.000
LinearOnly,cam1,0.883333,-1,0.000000,cam2,0.116667,11116.670,0.000,Velocity,1,0,1.000000,1.000
LinearOnly,cam1,0.866666,-1,0.000000,cam2,0.133334,11133.330,0.000,Velocity,1,0,1.000000,1.000
LinearOnly,cam1,0.849999,-1,0.000000,cam2,0.150001,11150.000,0.000,Velocity,1,0,1.000000,1.000
LinearOnly,cam1,0.833333,-1,0.000000,cam2,0.166667,11166.670,0.000,Velocity,1,0,1.000000,1.000
LinearOnly,cam1,0.816666,-1,0.000000,cam2,0.183334,11183.330,0.000,Velocity,1,0,1.000000,1.000
LinearOnly,cam1,0.799999,-1,0.000000,cam2,0.200001,11200.000,0.000,Velocity,1,0,1.000000,1.000
LinearOnly,cam1,0.783333,-1,0.000000,cam2,0.216667,11216.670,0.000,Velocity,1,0,1.000000,1.000
LinearOnly,cam1,0.766666,-1,0.000000,cam2,0.233334,11233.330,0.000,Velocity,1,0,1.000000,1.000
LinearOnly,cam1,0.749999,-1,0.000000,cam2,0.250001,11250.000,0.000,Velocity,1,0,1.000000,1.000
LinearOnly,cam1,0.733333,-1,0.000000,cam2,0.266667,11266.670,0.000,Velocity,1,0,1.000000,1.000
LinearOnly,cam1,0.716666,-1,0.000000,cam2,0.283334,11283.330,0.000,Velocity,1,0,1.000000,1.000
LinearOnly,cam1,0.699999,-1,0.000000,cam2,0.300001,11300.000,0.000,Velocity,1,0,1.000000,1.000
LinearOnly,cam1,0.683333,-1,0.000000,cam2,0.316667,11316.670,0.000,Velocity,1,0,1.000000,1.000
LinearOnly,cam1,0.666666,-1,0.000000,cam2,0.333334,11333.330,0.000,Velocity,1,0,1.000000,1.000
LinearOnly,cam1,0.649999,-1,0.000000,cam2,0.350001,11350.000,0.000,Velocity,1,0,1.000000,1.000
LinearOnly,cam1,0.633333,-1,0.000000,cam2,0.366667,11366.670,0.000,Velocity,1,0,1.000000,1.000
LinearOnly,cam1,0.616666,-1,0.000000,cam2,0.383334,11383.330,0.000,Velocity,1,0,1.000000,1.000
LinearOnly,cam1,0.599999,-1,0.000000,cam2,0.400001,11400.000,0.000,Velocity,1,0,1.000000,1.000
LinearOnly,cam1,0.583333,-1,0.000000,cam2,0.416667,11416.670,0.000,Velocity,1,0,1.000000,1.000
LinearOnly,cam1,0.566666,-1,0.000000,cam2,0.433334,11433.330,0.000,Velocity,1,0,1.000000,1.000
LinearOnly,cam1,0.549999,-1,0.000000,cam2,0.450001,11450.000,0.000,Velocity,1,0,1.000000,1.000
LinearOnly,cam1,0.533333,-1,0.000000,cam2,0.466667,11466.670,0.000,Velocity,1,0,1.000000,1.000
LinearOnly,cam1,0.516666,-1,0.000000,cam2,0.483334,11483.330,0.000,Velocity,1,0,1.000000,1.000
LinearOnly,cam1,0.499999,-1,0.000000,cam2,0.500001,11500.000,0.000,Velocity,1,0,1.000000,1.000
LinearOnly,cam1,0.483333,-1,0.000000,cam2,0.516667,11516.670,0.000,Velocity,1,0,1.000000,1.000
LinearOnly,cam1,0.466666,-1,0.000000,cam2,0.533334,11533.330,0.000,Velocity,1,0,1.000000,1.000
LinearOnly,cam1,0.449999,-1,0.000000,cam2,0.550001,11550.000,0.000,Velocity,1,0,1.000000,1.000
LinearOnly,cam1,0.433333,-1,0.000000,cam2,0.566667,11566.670,0.000,Velocity,1,0,1.000000,1.000
LinearOnly,cam1,0.416666,-1,0.000000,cam2,0.583334,11583.330,0.000,Velocity,1,0,1.000000,1.000
LinearOnly,cam1,0.399999,-1,0.000000,cam2,0.600001,11600.000,0.000,Velocity,1,0,1.000000,1.000
LinearOnly,cam1,0.383333,-1,0.000000,cam2,0.616667,11616.670,0.000,Velocity,1,0,1.000000,1.000
LinearOnly,cam1,0.366666,-1,0.000000,cam2,0.633334,11633.330,0.000,Velocity,1,0,1.000000,1.000
LinearOnly,cam1,0.349999,-1,0.000000,cam2,0.650001,11650.000,0.000,Velocity,1,0,1.000000,1.000
LinearOnly,cam1,0.333333,-1,0.000000,cam2,0.666667,11666.670,0.000,Velocity,1,0,1.000000,1.000
LinearOnly,cam1,0.316666,-1,0.000000,cam2,0.683334,11683.330,0.000,Velocity,1,0,1.000000,1.000
LinearOnly,cam1,0.299999,-1,0.000000,cam2,0.700001,11700.000,0.000,Velocity,1,0,1.000000,1.000
LinearOnly,cam1,0.283333,-1,0.000000,cam2,0.716667,11716.670,0.000,Velocity,1,0,1.000000,1.000
LinearOnly,cam1,0.266666,-1,0.000000,cam2,0.733334,11733.330,0.000,Velocity,1,0,1.000000,1.000
LinearOnly,cam1,0.249999,-1,0.000000,cam2,0.750001,11750.000,0.000,Velocity,1,0,1.000000,1.000
LinearOnly,cam1,0.233333,-1,0.000000,cam2,0.766667,11766.670,0.000,Velocity,1,0,1.000000,1.000
LinearOnly,cam1,0.216666,-1,0.000000,cam2,0.783334,11783.330,0.000,Velocity,1,0,1.000000,1.000
LinearOnly,cam1,0.199999,-1,0.000000,cam2,0.800001,11800.000,0.000,Velocity,1,0,1.000000,1.000
LinearOnly,cam1,0.183333,-1,0.000000,cam2,0.816667,11816.670,0.000,Velocity,1,0,1.000000,1.000
LinearOnly,cam1,0.166666,-1,0.000000,cam2,0.833334,11833.330,0.000,Velocity,1,0,1.000000,1.000
LinearOnly,cam1,0.149999,-1,0.000000,cam2,0.850001,11850.000,0.000,Velocity,1,0,1.000000,1.000
LinearOnly,cam1,0.133333,-1,0.000000,cam2,0.866667,11866.670,0.000,Velocity,1,0,1.000000,1.000
LinearOnly,cam1,0.116666,-1,0.000000,cam2,0.883334,11883.330,0.000,Velocity,1,0,1.000000,1.000
LinearOnly,cam1,0.099999,-1,0.000000,cam2,0.900001,11900.000,0.000,Velocity,1,0,1.000000,1.000
LinearOnly,cam1,0.083333,-1,0.000000,cam2,0.916667,11916.670,0.000,Velocity,1,0,1.000000,1.000
LinearOnly,cam1,0.066666,-1,0.000000,cam2,0.933334,11933.330,0.000,Velocity,1,0,1.000000,1.000
LinearOnly,cam1,0.049999,-1,0.000000,cam2,0.950001,11950.000,0.000,Velocity,1,0,1.000000,1.000
LinearOnly,cam1,0.033333,-1,0.000000,cam2,0.966667,11966.670,0.000,Velocity,1,0,1.000000,1.000
LinearOnly,cam1,0.016666,-1,0.000000,cam2,0.983334,11983.330,0.000,Velocity,1,0,1.000000,1.000
LinearOnly,cam1,0.999999,-1,0.000000,cam2,0.000001,12000.000,0.000,Velocity,1,0,1.000000,1.000
LinearOnly,cam1,0.983333,-1,0.000000,cam2,0.016667,12016.670,0.000,Velocity,1,0,1.000000,1.000
LinearOnly,cam1,0.966666,-1,0.000000,cam2,0.033334,12033.330,0.000,Velocity,1,0,1.000000,1.000
LinearOnly,cam1,0.949999,-1,0.000000,cam2,0.050001,12050.000,0.000,Velocity,1,0,1.000000,1.000
LinearOnly,cam1,0.933333,-1,0.000000,cam2,0.066667,12066.670,0.000,Velocity,1,0,1.000000,1.000
LinearOnly,cam1,0.916666,-1,0.000000,cam2,0.083334,12083.330,0.000,Velocity,1,0,1.000000,1.000
LinearOnly,cam1,0.899999,-1,0.000000,cam2,0.100001,12100.000,0.000,Velocity,1,0,1.000000,1.000
LinearOnly,cam1,0.883333,-1,0.000000,cam2,0.116667,12116.670,0.000,Velocity,1,0,1.000000,1.000
LinearOnly,cam1,0.866666,-1,0.000000,cam2,0.133334,12133.330,0.000,Velocity,1,0,1.000000,1.000
LinearOnly,cam1,0.849999,-1,0.000000,cam2,0.150001,12150.000,0.000,Velocity,1,0,1.000000,1.000
LinearOnly,cam1,0.833333,-1,0.000000,cam2,0.166667,12166.670,0.000,Velocity,1,0,1.000000,1.000
LinearOnly,cam1,0.816666,-1,0.000000,cam2,0.183334,12183.330,0.000,Velocity,1,0,1.000000,1.000
LinearOnly,cam1,0.799999,-1,0.000000,cam2,0.200001,12200.000,0.000,Velocity,1,0,1.000000,1.000
LinearOnly,cam1,0.783333,-1,0.000000,cam2,0.216667,12216.670,0.000,Velocity,1,0,1.000000,1.000
LinearOnly,cam1,0.766666,-1,0.000000,cam2,0.233334,12233.330,0.000,Velocity,1,0,1.000000,1.000
LinearOnly,cam1,0.749999,-1,0.000000,cam2,0.250001,12250.000,0.000,Velocity,1,0,1.000000,1.000
LinearOnly,cam1,0.733333,-1,0.000000,cam2,0.266667,12266.670,0.000,Velocity,1,0,1.000000,1.000
LinearOnly,cam1,0.716666,-1,0.000000,cam2,0.283334,12283.330,0.000,Velocity,1,0,1.000000,1.000
LinearOnly,cam1,0.699999,-1,0.000000,cam2,0.300001,12300.000,0.000,Velocity,1,0,1.000000,1.000
LinearOnly,cam1,0.683333,-1,0.000000,cam2,0.316667,12316.670,0.000,Velocity,1,0,1.000000,1.000
LinearOnly,cam1,0.666666,-1,0.000000,cam2,0.333334,12333.330,0.000,Velocity,1,0,1.000000,1.000
LinearOnly,cam1,0.649999,-1,0.000000,cam2,0.350001,12350.000,0.000,Velocity,1,0,1.000000,1.000
LinearOnly,cam1,0.633333,-1,0.000000,cam2,0.366667,12366.670,0.000,Velocity,1,0,1.000000,1.000
LinearOnly,cam1,0.616666,-1,0.000000,cam2,0.383334,12383.330,0.000,Velocity,1,0,1.000000,1.000
LinearOnly,cam1,0.599999,-1,0.000000,cam2,0.400001,12400.000,0.000,Velocity,1,0,1.000000,1.000
LinearOnly,cam1,0.583333,-1,0.000000,cam2,0.416667,12416.670,0.000,Velocity,1,0,1.000000,1.000
LinearOnly,cam1,0.566666,-1,0.000000,cam2,0.433334,12433.330,0.000,Velocity,1,0,1.000000,1.000
LinearOnly,cam1,0.549999,-1,0.000000,cam2,0.450001,12450.000,0.000,Velocity,1,0,1.000000,1.000
LinearOnly,cam1,0.533333,-1,0.000000,cam2,0.466667,12466.670,0.000,Velocity,1,0,1.000000,1.000
LinearOnly,cam1,0.516666,-1,0.000000,cam2,0.483334,12483.330,0.000,Velocity,1,0,1.000000,1.000
LinearOnly,cam1,0.499999,-1,0.000000,cam2,0.500001,12500.000,0.000,Velocity,1,0,1.000000,1.000
LinearOnly,cam1,0.483333,-1,0.000000,cam2,0.516667,12516.670,0.000,Velocity,1,0,1.000000,1.000
LinearOnly,cam1,0.466666,-1,0.000000,cam2,0.533334,12533.330,0.000,Velocity,1,0,1.000000,1.000
LinearOnly,cam1,0.449999,-1,0.000000,cam2,0.550001,12550.000,0.000,Velocity,1,0,1.000000,1.000
LinearOnly,cam1,0.433333,-1,0.000000,cam2,0.566667,12566.670,0.000,Velocity,1,0,1.000000,1.000
LinearOnly,cam1,0.416666,-1,0.000000,cam2,0.583334,12583.330,0.000,Velocity,1,0,1.000000,1.000
LinearOnly,cam1,0.399999,-1,0.000000,cam2,0.600001,12600.000,0.000,Velocity,1,0,1.000000,1.000
LinearOnly,cam1,0.383333,-1,0.000000,cam2,0.616667,12616.670,0.000,Velocity,1,0,1.000000,1.000
LinearOnly,cam1,0.366666,-1,0.000000,cam2,0.633334,12633.330,0.000,Velocity,1,0,1.000000,1.000
LinearOnly,cam1,0.349999,-1,0.000000,cam2,0.650001,12650.000,0.000,Velocity,1,0,1.000000,1.000
LinearOnly,cam1,0.333333,-1,0.000000,cam2,0.666667,12666.670,0.000,Velocity,1,0,1.000000,1.000
LinearOnly,cam1,0.316666,-1,0.000000,cam2,0.683334,12683.330,0.000,Velocity,1,0,1.000000,1.000
LinearOnly,cam1,0.299999,-1,0.000000,cam2,0.700001,12700.000,0.000,Velocity,1,0,1.000000,1.000
LinearOnly,cam1,0.283333,-1,0.000000,cam2,0.716667,12716.670,0.000,Velocity,1,0,1.000000,1.000
LinearOnly,cam1,0.266666,-1,0.000000,cam2,0.733334,12733.330,0.000,Velocity,1,0,1.000000,1.000
LinearOnly,cam1,0.249999,-1,0.000000,cam2,0.750001,12750.000,0.000,Velocity,1,0,1.000000,1.000
LinearOnly,cam1,0.233333,-1,0.000000,cam2,0.766667,12766.670,0.000,Velocity,1,0,1.000000,1.000
LinearOnly,cam1,0.216666,-1,0.000000,cam2,0.783334,12783.330,0.000,Velocity,1,0,1.000000,1.000
LinearOnly,cam1,0.199999,-1,0.000000,cam2,0.800001,12800.000,0.000,Velocity,1,0,1.000000,1.000
LinearOnly,cam1,0.183333,-1,0.000000,cam2,0.816667,12816.670,0.000,Velocity,1,0,1.000000,1.000
LinearOnly,cam1,0.166666,-1,0.000000,cam2,0.833334,12833.330,0.000,Velocity,1,0,1.000000,1.000
LinearOnly,cam1,0.149999,-1,0.000000,cam2,0.850001,12850.000,0.000,Velocity,1,0,1.000000,1.000
LinearOnly,cam1,0.133333,-1,0.000000,cam2,0.866667,12866.670,0.000,Velocity,1,0,1.000000,1.000
LinearOnly,cam1,0.116666,-1,0.000000,cam2,0.883334,12883.330,0.000,Velocity,1,0,1.000000,1.000
LinearOnly,cam1,0.099999,-1,0.000000,cam2,0.900001,12900.000,0.000,Velocity,1,0,1.000000,1.000
LinearOnly,cam1,0.083333,-1,0.000000,cam2,0.916667,12916.670,0.000,Velocity,1,0,1.000000,1.000
LinearOnly,cam1,0.066666,-1,0.000000,cam2,0.933334,12933.330,0.000,Velocity,1,0,1.000000,1.000
LinearOnly,cam1,0.049999,-1,0.000000,cam2,0.950001,12950.000,0.000,Velocity,1,0,1.000000,1.000
LinearOnly,cam1,0.033333,-1,0.000000,cam2,0.966667,12966.670,0.000,Velocity,1,0,1.000000,1.000
LinearOnly,cam1,0.016666,-1,0.000000,cam2,0.983334,12983.330,0.000,Velocity,1,0,1.000000,1.000
LinearOnly,cam1,0.999999,-1,0.000000,cam2,0.000001,13000.000,0.000,Velocity,1,0,1.000000,1.000
LinearOnly,cam1,0.983333,-1,0.000000,cam2,0.016667,13016.670,0.000,Velocity,1,0,1.000000,1.000
LinearOnly,cam1,0.966666,-1,0.000000,cam2,0.033334,13033.330,0.000,Velocity,1,0,1.000000,1.000
LinearOnly,cam1,0.949999,-1,0.000000,cam2,0.050001,13050.000,0.000,Velocity,1,0,1.000000,1.000
LinearOnly,cam1,0.933333,-1,0.000000,cam2,0.066667,13066.670,0.000,Velocity,1,0,1.000000,1.000
LinearOnly,cam1,0.916666,-1,0.000000,cam2,0.083334,13083.330,0.000,Velocity,1,0,1.000000,1.000
LinearOnly,cam1,0.899999,-1,0.000000,cam2,0.100001,13100.000,0.000,Velocity,1,0,1.000000,1.000
LinearOnly,cam1,0.883333,-1,0.000000,cam2,0.116667,13116.670,0.000,Velocity,1,0,1.000000,1.000
LinearOnly,cam1,0.866666,-1,0.000000,cam2,0.133334,13133.330,0.000,Velocity,1,0,1.000000,1.000
LinearOnly,cam1,0.849999,-1,0.000000,cam2,0.150001,13150.000,0.000,Velocity,1,0,1.000000,1.000
LinearOnly,cam1,0.833333,-1,0.000000,cam2,0.166667,13166.670,0.000,Velocity,1,0,1.000000,1.000
LinearOnly,cam1,0.816666,-1,0.000000,cam2,0.183334,13183.330,0.000,Velocity,1,0,1.000000,1.000
LinearOnly,cam1,0.799999,-1,0.000000,cam2,0.200001,13200.000,0.000,Velocity,1,0,1.000000,1.000
LinearOnly,cam1,0.783333,-1,0.000000,cam2,0.216667,13216.670,0.000,Velocity,1,0,1.000000,1.000
LinearOnly,cam1,0.766666,-1,0.000000,cam2,0.233334,13233.330,0.000,Velocity,1,0,1.000000,1.000
LinearOnly,cam1,0.749999,-1,0.000000,cam2,0.250001,13250.000,0.000,Velocity,1,0,1.000000,1.000
LinearOnly,cam1,0.733333,-1,0.000000,cam2,0.266667,13266.670,0.000,Velocity,1,0,1.000000,1.000
LinearOnly,cam1,0.716666,-1,0.000000,cam2,0.283334,13283.330,0.000,Velocity,1,0,1.000000,1.000
LinearOnly,cam1,0.699999,-1,0.000000,cam2,0.300001,13300.000,0.000,Velocity,1,0,1.000000,1.000
LinearOnly,cam1,0.683333,-1,0.000000,cam2,0.316667,13316.670,0.000,Velocity,1,0,1.000000,1.000
LinearOnly,cam1,0.666666,-1,0.000000,cam2,0.333334,13333.330,0.000,Velocity,1,0,1.000000,1.000
LinearOnly,cam1,0.649999,-1,0.000000,cam2,0.350001,13350.000,0.000,Velocity,1,0,1.000000,1.000
LinearOnly,cam1,0.633333,-1,0.000000,cam2,0.366667,13366.670,0.000,Velocity,1,0,1.000000,1.000
LinearOnly,cam1,0.616666,-1,0.000000,cam2,0.383334,13383.330,0.000,Velocity,1,0,1.000000,1.000
LinearOnly,cam1,0.599999,-1,0.000000,cam2,0.400001,13400.000,0.000,Velocity,1,0,1.000000,1.000
LinearOnly,cam1,0.583333,-1,0.000000,cam2,0.416667,13416.670,0.000,Velocity,1,0,1.000000,1.000
LinearOnly,cam1,0.566666,-1,0.000000,cam2,0.433334,13433.330,0.000,Velocity,1,0,1.000000,1.000
LinearOnly,cam1,0.549999,-1,0.000000,cam2,0.450001,13450.000,0.000,Velocity,1,0,1.000000,1.000
LinearOnly,cam1,0.533333,-1,0.000000,cam2,0.466667,13466.670,0.000,Velocity,1,0,1.000000,1.000
LinearOnly,cam1,0.516666,-1,0.000000,cam2,0.483334,13483.330,0.000,Velocity,1,0,1.000000,1.000
LinearOnly,cam1,0.499999,-1,0.000000,cam2,0.500001,13500.000,0.000,Velocity,1,0,1.000000,1.000
LinearOnly,cam1,0.483333,-1,0.000000,cam2,0.516667,13516.670,0.000,Velocity,1,0,1.000000,1.000
LinearOnly,cam1,0.466666,-1,0.000000,cam2,0.533334,13533.330,0.000,Velocity,1,0,1.000000,1.000
LinearOnly,cam1,0.449999,-1,0.000000,cam2,0.550001,13550.000,0.000,Velocity,1,0,1.000000,1.000
LinearOnly,cam1,0.433333,-1,0.000000,cam2,0.566667,13566.670,0.000,Velocity,1,0,1.000000,1.000
LinearOnly,cam1,0.416666,-1,0.000000,cam2,0.583334,13583.330,0.000,Velocity,1,0,1.000000,1.000
LinearOnly,cam1,0.399999,-1,0.000000,cam2,0.600001,13600.000,0.000,Velocity,1,0,1.000000,1.000
LinearOnly,cam1,0.383333,-1,0.000000,cam2,0.616667,13616.670,0.000,Velocity,1,0,1.000000,1.000
LinearOnly,cam1,0.366666,-1,0.000000,cam2,0.633334,13633.330,0.000,Velocity,1,0,1.000000,1.000
LinearOnly,cam1,0.349999,-1,0.000000,cam2,0.650001,13650.000,0.000,Velocity,1,0,1.000000,1.000
LinearOnly,cam1,0.333333,-1,0.000000,cam2,0.666667,13666.670,0.000,Velocity,1,0,1.000000,1.000
LinearOnly,cam1,0.316666,-1,0.000000,cam2,0.683334,13683.330,0.000,Velocity,1,0,1.000000,1.000
LinearOnly,cam1,0.299999,-1,0.000000,cam2,0.700001,13700.000,0.000,Velocity,1,0,1.000000,1.000
LinearOnly,cam1,0.283333,-1,0.000000,cam2,0.716667,13716.670,0.000,Velocity,1,0,1.000000,1.000
LinearOnly,cam1,0.266666,-1,0.000000,cam2,0.733334,13733.330,0.000,Velocity,1,0,1.000000,1.000
LinearOnly,cam1,0.249999,-1,0.000000,cam2,0.750001,13750.000,0.000,Velocity,1,0,1.000000,1.000
LinearOnly,cam1,0.233333,-1,0.000000,cam2,0.766667,13766.670,0.000,Velocity,1,0,1.000000,1.000
LinearOnly,cam1,0.216666,-1,0.000000,cam2,0.783334,13783.330,0.000,Velocity,1,0,1.000000,1.000
LinearOnly,cam1,0.199999,-1,0.000000,cam2,0.800001,13800.000,0.000,Velocity,1,0,1.000000,1.000
LinearOnly,cam1,0.183333,-1,0.000000,cam2,0.816667,13816.670,0.000,Velocity,1,0,1.000000,1.000
LinearOnly,cam1,0.166666,-1,0.000000,cam2,0.833334,13833.330,0.000,Velocity,1,0,1.000000,1.000
LinearOnly,cam1,0.149999,-1,0.000000,cam2,0.850001,13850.000,0.000,Velocity,1,0,1.000000,1.000
LinearOnly,cam1,0.133333,-1,0.000000,cam2,0.866667,13866.670,0.000,Velocity,1,0,1.000000,1.000
LinearOnly,cam1,0.116666,-1,0.000000,cam2,0.883334,13883.330,0.000,Velocity,1,0,1.000000,1.000
LinearOnly,cam1,0.099999,-1,0.000000,cam2,0.900001,13900.000,0.000,Velocity,1,0,1.000000,1.000
LinearOnly,cam1,0.083333,-1,0.000000,cam2,0.916667,13916.670,0.000,Velocity,1,0,1.000000,1.000
LinearOnly,cam1,0.066666,-1,0.000000,cam2,0.933334,13933.330,0.000,Velocity,1,0,1.000000,1.000
LinearOnly,cam1,0.049999,-1,0.000000,cam2,0.950001,13950.000,0.000,Velocity,1,0,1.000000,1.000
LinearOnly,cam1,0.033333,-1,0.000000,cam2,0.966667,13966.670,0.000,Velocity,1,0,1.000000,1.000
LinearOnly,cam1,0.016666,-1,0.000000,cam2,0.983334,13983.330,0.000,Velocity,1,0,1.000000,1.000
LinearOnly,cam1,0.999999,-1,0.000000,cam2,0.000001,14000.000,0.000,Velocity,1,0,1.000000,1.000
LinearOnly,cam1,0.983333,-1,0.000000,cam2,0.016667,14016.670,0.000,Velocity,1,0,1.000000,1.000
LinearOnly,cam1,0.966666,-1,0.000000,cam2,0.033334,14033.330,0.000,Velocity,1,0,1.000000,1.000
LinearOnly,cam1,0.949999,-1,0.000000,cam2,0.050001,14050.000,0.000,Velocity,1,0,1.000000,1.000
LinearOnly,cam1,0.933333,-1,0.000000,cam2,0.066667,14066.670,0.000,Velocity,1,0,1.000000,1.000
LinearOnly,cam1,0.916666,-1,0.000000,cam2,0.083334,14083.330,0.000,Velocity,1,0,1.000000,1.000
LinearOnly,cam1,0.899999,-1,0.000000,cam2,0.100001,14100.000,0.000,Velocity,1,0,1.000000,1.000
LinearOnly,cam1,0.883333,-1,0.000000,cam2,0.116667,14116.670,0.000,Velocity,1,0,1.000000,1.000
LinearOnly,cam1,0.866666,-1,0.000000,cam2,0.133334,14133.330,0.000,Velocity,1,0,1.000000,1.000
LinearOnly,cam1,0.849999,-1,0.000000,cam2,0.150001,14150.000,0.000,Velocity,1,0,1.000000,1.000
LinearOnly,cam1,0.833333,-1,0.000000,cam2,0.166667,14166.670,0.000,Velocity,1,0,1.000000,1.000
LinearOnly,cam1,0.816666,-1,0.000000,cam2,0.183334,14183.330,0.000,Velocity,1,0,1.000000,1.000
LinearOnly,cam1,0.799999,-1,0.000000,cam2,0.200001,14200.000,0.000,Velocity,1,0,1.000000,1.000
LinearOnly,cam1,0.783333,-1,0.000000,cam2,0.216667,14216.670,0.000,Velocity,1,0,1.000000,1.000
LinearOnly,cam1,0.766666,-1,0.000000,cam2,0.233334,14233.330,0.000,Velocity,1,0,1.000000,1.000
LinearOnly,cam1,0.749999,-1,0.000000,cam2,0.250001,14250.000,0.000,Velocity,1,0,1.000000,1.000
LinearOnly,cam1,0.733333,-1,0.000000,cam2,0.266667,14266.670,0.000,Velocity,1,0,1.000000,1.000
LinearOnly,cam1,0.716666,-1,0.000000,cam2,0.283334,14283.330,0.000,Velocity,1,0,1.000000,1.000
LinearOnly,cam1,0.699999,-1,0.000000,cam2,0.300001,14300.000,0.000,Velocity,1,0,1.000000,1.000
LinearOnly,cam1,0.683333,-1,0.000000,cam2,0.316667,14316.670,0.000,Velocity,1,0,1.000000,1.000
LinearOnly,cam1,0.666666,-1,0.000000,cam2,0.333334,14333.330,0.000,Velocity,1,0,1.000000,1.000
LinearOnly,cam1,0.649999,-1,0.000000,cam2,0.350001,14350.000,0.000,Velocity,1,0,1.000000,1.000
LinearOnly,cam1,0.633333,-1,0.000000,cam2,0.366667,14366.670,0.000,Velocity,1,0,1.000000,1.000
LinearOnly,cam1,0.616666,-1,0.000000,cam2,0.383334,14383.330,0.000,Velocity,1,0,1.000000,1.000
LinearOnly,cam1,0.599999,-1,0.000000,cam2,0.400001,14400.000,0.000,Velocity,1,0,1.000000,1.000
LinearOnly,cam1,0.583333,-1,0.000000,cam2,0.416667,14416.670,0.000,Velocity,1,0,1.000000,1.000
LinearOnly,cam1,0.566666,-1,0.000000,cam2,0.433334,14433.330,0.000,Velocity,1,0,1.000000,1.000
LinearOnly,cam1,0.549999,-1,0.000000,cam2,0.450001,14450.000,0.000,Velocity,1,0,1.000000,1.000
LinearOnly,cam1,0.533333,-1,0.000000,cam2,0.466667,14466.670,0.000,Velocity,1,0,1.000000,1.000
LinearOnly,cam1,0.516666,-1,0.000000,cam2,0.483334,14483.330,0.000,Velocity,1,0,1.000000,1.000
LinearOnly,cam1,0.499999,-1,0.000000,cam2,0.500001,14500.000,0.000,Velocity,1,0,1.000000,1.000
LinearOnly,cam1,0.483333,-1,0.000000,cam2,0.516667,14516.670,0.000,Velocity,1,0,1.000000,1.000
