FrondFrameNum, FrondFrameLuminance, BackFrameNum, BackFrameLuminance, Time, Knob, ResponsePattern, StepNumber, Amplitude, Velocity, FunctionRatio, CameraSpeed
1, 1.000, 2, 0.000, 0.000, 1, Velocity, 0, 0, 0, 1.000, 1.000
1, 0.918, 2, 0.082, 16.667, 0.999, Velocity, 0, 0, 0, 0.999, 1.000
1, 0.883, 2, 0.117, 33.333, 0.997, Velocity, 0, 0, 0, 0.997, 1.000
1, 0.856, 2, 0.144, 50.000, 0.998, Velocity, 0, 0, 0, 0.998, 1.000
1, 0.834, 2, 0.166, 66.667, 0.998, Velocity, 0, 0, 0, 0.998, 1.000
1, 0.814, 2, 0.186, 83.333, 0.998, Velocity, 0, 0, 0, 0.998, 1.000
1, 0.795, 2, 0.205, 100.000, 0.998, Velocity, 0, 0, 0, 0.998, 1.000
1, 0.778, 2, 0.222, 116.667, 0.998, Velocity, 0, 0, 0, 0.998, 1.000
1, 0.762, 2, 0.238, 133.333, 0.998, Velocity, 0, 0, 0, 0.998, 1.000
1, 0.747, 2, 0.253, 150.000, 0.999, Velocity, 0, 0, 0, 0.999, 1.000
1, 0.732, 2, 0.268, 166.667, 0.999, Velocity, 0, 0, 0, 0.999, 1.000
1, 0.718, 2, 0.282, 183.333, 0.999, Velocity, 0, 0, 0, 0.999, 1.000
1, 0.705, 2, 0.295, 200.000, 0.997, Velocity, 0, 0, 0, 0.997, 1.000
1, 0.692, 2, 0.308, 216.667, 0.997, Velocity, 0, 0, 0, 0.997, 1.000
1, 0.679, 2, 0.321, 233.333, 0.998, Velocity, 0, 0, 0, 0.998, 1.000
1, 0.667, 2, 0.333, 250.000, 0.998, Velocity, 0, 0, 0, 0.998, 1.000
1, 0.655, 2, 0.345, 266.667, 0.997, Velocity, 0, 0, 0, 0.997, 1.000
1, 0.643, 2, 0.357, 283.333, 0.997, Velocity, 0, 0, 0, 0.997, 1.000
1, 0.631, 2, 0.369, 300.000, 0.998, Velocity, 0, 0, 0, 0.998, 1.000
1, 0.620, 2, 0.380, 316.667, 0.999, Velocity, 0, 0, 0, 0.999, 1.000
1, 0.608, 2, 0.392, 333.333, 0.998, Velocity, 0, 0, 0, 0.998, 1.000
1, 0.597, 2, 0.403, 350.000, 0.998, Velocity, 0, 0, 0, 0.998, 1.000
1, 0.586, 2, 0.414, 366.667, 0.998, Velocity, 0, 0, 0, 0.998, 1.000
1, 0.575, 2, 0.425, 383.333, 0.999, Velocity, 0, 0, 0, 0.999, 1.000
1, 0.564, 2, 0.436, 400.000, 0.997, Velocity, 0, 0, 0, 0.997, 1.000
1, 0.553, 2, 0.447, 416.667, 0.998, Velocity, 0, 0, 0, 0.998, 1.000
1, 0.543, 2, 0.457, 433.333, 0.999, Velocity, 0, 0, 0, 0.999, 1.000
1, 0.532, 2, 0.468, 450.000, 0.997, Velocity, 0, 0, 0, 0.997, 1.000
1, 0.521, 2, 0.479, 466.667, 0.99, Velocity, 0, 0, 0, 0.990, 1.000
1, 0.511, 2, 0.489, 483.333, 0.99, Velocity, 0, 0, 0, 0.990, 1.000
1, 0.500, 2, 0.500, 500.000, 0.982, Velocity, 0, 0, 0, 0.982, 1.000
1, 0.489, 2, 0.511, 516.667, 0.956, Velocity, 0, 0, 0, 0.956, 1.000
1, 0.479, 2, 0.521, 533.333, 0.937, Velocity, 0, 0, 0, 0.937, 1.000
1, 0.468, 2, 0.532, 550.000, 0.91, Velocity, 0, 0, 0, 0.910, 1.000
1, 0.455, 2, 0.545, 566.667, 0.856, Velocity, 0, 0, 0, 0.856, 1.000
1, 0.442, 2, 0.558, 583.333, 0.837, Velocity, 0, 0, 0, 0.837, 1.000
1, 0.427, 2, 0.573, 600.000, 0.804, Velocity, 0, 0, 0, 0.804, 1.000
1, 0.414, 2, 0.586, 616.667, 0.792, Velocity, 0, 0, 0, 0.792, 1.000
1, 0.399, 2, 0.601, 633.333, 0.777, Velocity, 0, 0, 0, 0.777, 1.000
1, 0.383, 2, 0.617, 650.000, 0.747, Velocity, 0, 0, 0, 0.747, 1.000
1, 0.367, 2, 0.633, 666.667, 0.732, Velocity, 0, 0, 0, 0.732, 1.000
1, 0.348, 2, 0.652, 683.333, 0.699, Velocity, 0, 0, 0, 0.699, 1.000
1, 0.331, 2, 0.669, 700.000, 0.68, Velocity, 0, 0, 0, 0.680, 1.000
1, 0.313, 2, 0.687, 716.667, 0.661, Velocity, 0, 0, 0, 0.661, 1.000
1, 0.289, 2, 0.711, 733.333, 0.613, Velocity, 0, 0, 0, 0.613, 1.000
1, 0.270, 2, 0.730, 750.000, 0.594, Velocity, 0, 0, 0, 0.594, 1.000
1, 0.249, 2, 0.751, 766.667, 0.572, Velocity, 0, 0, 0, 0.572, 1.000
1, 0.223, 2, 0.777, 783.333, 0.527, Velocity, 0, 0, 0, 0.527, 1.000
1, 0.120, 2, 0.880, 800.000, 0.489, Velocity, 0, 0, 0, 0.489, 1.000
1, 0.103, 2, 0.897, 816.667, 0.468, Velocity, 0, 0, 0, 0.468, 1.000
1, 0.087, 2, 0.913, 833.333, 0.448, Velocity, 0, 0, 0, 0.448, 1.000
1, 0.069, 2, 0.931, 850.000, 0.407, Velocity, 0, 0, 0, 0.407, 1.000
1, 0.056, 2, 0.944, 866.667, 0.388, Velocity, 0, 0, 0, 0.388, 1.000
1, 0.043, 2, 0.957, 883.333, 0.368, Velocity, 0, 0, 0, 0.368, 1.000
1, 0.032, 2, 0.968, 900.000, 0.348, Velocity, 0, 0, 0, 0.348, 1.000
1, 0.021, 2, 0.979, 916.667, 0.31, Velocity, 0, 0, 0, 0.310, 1.000
1, 0.012, 2, 0.988, 933.333, 0.276, Velocity, 0, 0, 0, 0.276, 1.000
1, 0.006, 2, 0.994, 950.000, 0.248, Velocity, 0, 0, 0, 0.248, 1.000
1, 0.002, 2, 0.998, 966.667, 0.234, Velocity, 0, 0, 0, 0.234, 1.000
1, 0.000, 2, 1.000, 983.333, 0.218, Velocity, 0, 0, 0, 0.218, 1.000
2, 1.000, 3, 0.000, 1000.000, 0.191, Velocity, 0, 0, 0, 0.191, 1.000
2, 1.000, 3, 0.000, 1016.667, 0.178, Velocity, 0, 0, 0, 0.178, 1.000
2, 1.000, 3, 0.000, 1033.333, 0.164, Velocity, 0, 0, 0, 0.164, 1.000
2, 0.998, 3, 0.002, 1050.000, 0.159, Velocity, 0, 0, 0, 0.159, 1.000
2, 0.995, 3, 0.005, 1066.667, 0.146, Velocity, 0, 0, 0, 0.146, 1.000
2, 0.990, 3, 0.010, 1083.333, 0.139, Velocity, 0, 0, 0, 0.139, 1.000
2, 0.985, 3, 0.015, 1100.000, 0.129, Velocity, 0, 0, 0, 0.129, 1.000
2, 0.979, 3, 0.021, 1116.667, 0.102, Velocity, 0, 0, 0, 0.102, 1.000
2, 0.957, 3, 0.043, 1133.333, 0.075, Velocity, 0, 0, 0, 0.075, 1.000
2, 0.946, 3, 0.054, 1150.000, 0.045, Velocity, 0, 0, 0, 0.045, 1.000
2, 0.933, 3, 0.067, 1166.667, 0.031, Velocity, 0, 0, 0, 0.031, 1.000
2, 0.919, 3, 0.081, 1183.333, 0.018, Velocity, 0, 0, 0, 0.018, 1.000
2, 0.905, 3, 0.095, 1200.000, 0.003, Velocity, 0, 0, 0, 0.003, 1.000
2, 0.889, 3, 0.111, 1216.667, 0.002, Velocity, 0, 0, 0, 0.002, 1.000
2, 0.872, 3, 0.128, 1233.333, 0, Velocity, 0, 0, 0, 0.000, 1.000
2, 0.854, 3, 0.146, 1250.000, 0, Velocity, 0, 0, 0, 0.000, 1.000
2, 0.835, 3, 0.165, 1266.667, 0, Velocity, 0, 0, 0, 0.000, 1.000
2, 0.815, 3, 0.185, 1283.333, 0, Velocity, 0, 0, 0, 0.000, 1.000
2, 0.794, 3, 0.206, 1300.000, 0, Velocity, 0, 0, 0, 0.000, 1.000
2, 0.772, 3, 0.228, 1316.667, 0, Velocity, 0, 0, 0, 0.000, 1.000
2, 0.750, 3, 0.250, 1333.333, 0, Velocity, 0, 0, 0, 0.000, 1.000
2, 0.727, 3, 0.273, 1350.000, 0, Velocity, 0, 0, 0, 0.000, 1.000
2, 0.703, 3, 0.297, 1366.667, 0, Velocity, 0, 0, 0, 0.000, 1.000
2, 0.679, 3, 0.321, 1383.333, 0, Velocity, 0, 0, 0, 0.000, 1.000
2, 0.655, 3, 0.345, 1400.000, 0, Velocity, 0, 0, 0, 0.000, 1.000
2, 0.629, 3, 0.371, 1416.667, 0, Velocity, 0, 0, 0, 0.000, 1.000
2, 0.604, 3, 0.396, 1433.333, 0, Velocity, 0, 0, 0, 0.000, 1.000
2, 0.578, 3, 0.422, 1450.000, 0, Velocity, 0, 0, 0, 0.000, 1.000
2, 0.552, 3, 0.448, 1466.667, 0, Velocity, 0, 0, 0, 0.000, 1.000
2, 0.526, 3, 0.474, 1483.333, 0, Velocity, 0, 0, 0, 0.000, 1.000
2, 0.500, 3, 0.500, 1500.000, 0, Velocity, 0, 0, 0, 0.000, 1.000
2, 0.474, 3, 0.526, 1516.667, 0, Velocity, 0, 0, 0, 0.000, 1.000
2, 0.448, 3, 0.552, 1533.333, 0, Velocity, 0, 0, 0, 0.000, 1.000
2, 0.422, 3, 0.578, 1550.000, 0, Velocity, 0, 0, 0, 0.000, 1.000
2, 0.396, 3, 0.604, 1566.667, 0, Velocity, 0, 0, 0, 0.000, 1.000
2, 0.371, 3, 0.629, 1583.333, 0, Velocity, 0, 0, 0, 0.000, 1.000
2, 0.345, 3, 0.655, 1600.000, 0, Velocity, 0, 0, 0, 0.000, 1.000
2, 0.321, 3, 0.679, 1616.667, 0, Velocity, 0, 0, 0, 0.000, 1.000
2, 0.297, 3, 0.703, 1633.333, 0, Velocity, 0, 0, 0, 0.000, 1.000
2, 0.273, 3, 0.727, 1650.000, 0, Velocity, 0, 0, 0, 0.000, 1.000
2, 0.250, 3, 0.750, 1666.667, 0, Velocity, 0, 0, 0, 0.000, 1.000
2, 0.228, 3, 0.772, 1683.333, 0, Velocity, 0, 0, 0, 0.000, 1.000
2, 0.206, 3, 0.794, 1700.000, 0, Velocity, 0, 0, 0, 0.000, 1.000
2, 0.185, 3, 0.815, 1716.667, 0, Velocity, 0, 0, 0, 0.000, 1.000
2, 0.165, 3, 0.835, 1733.333, 0, Velocity, 0, 0, 0, 0.000, 1.000
2, 0.146, 3, 0.854, 1750.000, 0, Velocity, 0, 0, 0, 0.000, 1.000
2, 0.128, 3, 0.872, 1766.667, 0, Velocity, 0, 0, 0, 0.000, 1.000
2, 0.111, 3, 0.889, 1783.333, 0, Velocity, 0, 0, 0, 0.000, 1.000
2, 0.095, 3, 0.905, 1800.000, 0, Velocity, 0, 0, 0, 0.000, 1.000
2, 0.081, 3, 0.919, 1816.667, 0, Velocity, 0, 0, 0, 0.000, 1.000
2, 0.067, 3, 0.933, 1833.333, 0, Velocity, 0, 0, 0, 0.000, 1.000
2, 0.054, 3, 0.946, 1850.000, 0, Velocity, 0, 0, 0, 0.000, 1.000
2, 0.043, 3, 0.957, 1866.667, 0, Velocity, 0, 0, 0, 0.000, 1.000
2, 0.033, 3, 0.967, 1883.333, 0, Velocity, 0, 0, 0, 0.000, 1.000
2, 0.024, 3, 0.976, 1900.000, 0, Velocity, 0, 0, 0, 0.000, 1.000
2, 0.017, 3, 0.983, 1916.667, 0, Velocity, 0, 0, 0, 0.000, 1.000
2, 0.011, 3, 0.989, 1933.333, 0, Velocity, 0, 0, 0, 0.000, 1.000
2, 0.006, 3, 0.994, 1950.000, 0, Velocity, 0, 0, 0, 0.000, 1.000
2, 0.003, 3, 0.997, 1966.667, 0.001, Velocity, 0, 0, 0, 0.001, 1.000
2, 0.001, 3, 0.999, 1983.333, 0.013, Velocity, 0, 0, 0, 0.013, 1.000
3, 1.000, 4, 0.000, 2000.000, 0.035, Velocity, 0, 0, 0, 0.035, 1.000
3, 0.999, 4, 0.001, 2016.667, 0.046, Velocity, 0, 0, 0, 0.046, 1.000
3, 0.997, 4, 0.003, 2033.333, 0.063, Velocity, 0, 0, 0, 0.063, 1.000
3, 0.994, 4, 0.006, 2050.000, 0.089, Velocity, 0, 0, 0, 0.089, 1.000
3, 0.996, 4, 0.004, 2066.667, 0.127, Velocity, 0, 0, 0, 0.127, 1.000
3, 0.989, 4, 0.011, 2083.333, 0.163, Velocity, 0, 0, 0, 0.163, 1.000
3, 0.980, 4, 0.020, 2100.000, 0.189, Velocity, 0, 0, 0, 0.189, 1.000
3, 0.968, 4, 0.032, 2116.667, 0.236, Velocity, 0, 0, 0, 0.236, 1.000
3, 0.956, 4, 0.044, 2133.333, 0.264, Velocity, 0, 0, 0, 0.264, 1.000
3, 0.939, 4, 0.061, 2150.000, 0.321, Velocity, 0, 0, 0, 0.321, 1.000
3, 0.920, 4, 0.080, 2166.667, 0.381, Velocity, 0, 0, 0, 0.381, 1.000
3, 0.903, 4, 0.097, 2183.333, 0.412, Velocity, 0, 0, 0, 0.412, 1.000
3, 0.882, 4, 0.118, 2200.000, 0.467, Velocity, 0, 0, 0, 0.467, 1.000
3, 0.864, 4, 0.136, 2216.667, 0.488, Velocity, 0, 0, 0, 0.488, 1.000
3, 0.761, 4, 0.239, 2233.333, 0.526, Velocity, 0, 0, 0, 0.526, 1.000
3, 0.741, 4, 0.259, 2250.000, 0.544, Velocity, 0, 0, 0, 0.544, 1.000
3, 0.722, 4, 0.278, 2266.667, 0.555, Velocity, 0, 0, 0, 0.555, 1.000
3, 0.703, 4, 0.297, 2283.333, 0.572, Velocity, 0, 0, 0, 0.572, 1.000
3, 0.686, 4, 0.314, 2300.000, 0.582, Velocity, 0, 0, 0, 0.582, 1.000
3, 0.670, 4, 0.330, 2316.667, 0.583, Velocity, 0, 0, 0, 0.583, 1.000
3, 0.654, 4, 0.346, 2333.333, 0.584, Velocity, 0, 0, 0, 0.584, 1.000
3, 0.639, 4, 0.361, 2350.000, 0.585, Velocity, 0, 0, 0, 0.585, 1.000
3, 0.623, 4, 0.377, 2366.667, 0.585, Velocity, 0, 0, 0, 0.585, 1.000
3, 0.608, 4, 0.392, 2383.333, 0.585, Velocity, 0, 0, 0, 0.585, 1.000
3, 0.592, 4, 0.408, 2400.000, 0.585, Velocity, 0, 0, 0, 0.585, 1.000
3, 0.577, 4, 0.423, 2416.667, 0.584, Velocity, 0, 0, 0, 0.584, 1.000
3, 0.562, 4, 0.438, 2433.333, 0.583, Velocity, 0, 0, 0, 0.583, 1.000
3, 0.546, 4, 0.454, 2450.000, 0.583, Velocity, 0, 0, 0, 0.583, 1.000
3, 0.531, 4, 0.469, 2466.667, 0.584, Velocity, 0, 0, 0, 0.584, 1.000
3, 0.515, 4, 0.485, 2483.333, 0.584, Velocity, 0, 0, 0, 0.584, 1.000
3, 0.500, 4, 0.500, 2500.000, 0.583, Velocity, 0, 0, 0, 0.583, 1.000
3, 0.485, 4, 0.515, 2516.667, 0.584, Velocity, 0, 0, 0, 0.584, 1.000
3, 0.469, 4, 0.531, 2533.333, 0.584, Velocity, 0, 0, 0, 0.584, 1.000
3, 0.454, 4, 0.546, 2550.000, 0.584, Velocity, 0, 0, 0, 0.584, 1.000
3, 0.438, 4, 0.562, 2566.667, 0.584, Velocity, 0, 0, 0, 0.584, 1.000
3, 0.423, 4, 0.577, 2583.333, 0.583, Velocity, 0, 0, 0, 0.583, 1.000
3, 0.407, 4, 0.593, 2600.000, 0.583, Velocity, 0, 0, 0, 0.583, 1.000
3, 0.392, 4, 0.608, 2616.667, 0.583, Velocity, 0, 0, 0, 0.583, 1.000
3, 0.377, 4, 0.623, 2633.333, 0.583, Velocity, 0, 0, 0, 0.583, 1.000
3, 0.361, 4, 0.639, 2650.000, 0.583, Velocity, 0, 0, 0, 0.583, 1.000
3, 0.345, 4, 0.655, 2666.667, 0.583, Velocity, 0, 0, 0, 0.583, 1.000
3, 0.330, 4, 0.670, 2683.333, 0.583, Velocity, 0, 0, 0, 0.583, 1.000
3, 0.314, 4, 0.686, 2700.000, 0.583, Velocity, 0, 0, 0, 0.583, 1.000
3, 0.299, 4, 0.701, 2716.667, 0.583, Velocity, 0, 0, 0, 0.583, 1.000
3, 0.283, 4, 0.717, 2733.333, 0.584, Velocity, 0, 0, 0, 0.584, 1.000
3, 0.267, 4, 0.733, 2750.000, 0.583, Velocity, 0, 0, 0, 0.583, 1.000
3, 0.252, 4, 0.748, 2766.667, 0.583, Velocity, 0, 0, 0, 0.583, 1.000
3, 0.236, 4, 0.764, 2783.333, 0.583, Velocity, 0, 0, 0, 0.583, 1.000
3, 0.220, 4, 0.780, 2800.000, 0.584, Velocity, 0, 0, 0, 0.584, 1.000
3, 0.204, 4, 0.796, 2816.667, 0.583, Velocity, 0, 0, 0, 0.583, 1.000
3, 0.188, 4, 0.812, 2833.333, 0.583, Velocity, 0, 0, 0, 0.583, 1.000
3, 0.172, 4, 0.828, 2850.000, 0.584, Velocity, 0, 0, 0, 0.584, 1.000
3, 0.156, 4, 0.844, 2866.667, 0.585, Velocity, 0, 0, 0, 0.585, 1.000
3, 0.139, 4, 0.861, 2883.333, 0.584, Velocity, 0, 0, 0, 0.584, 1.000
3, 0.122, 4, 0.878, 2900.000, 0.583, Velocity, 0, 0, 0, 0.583, 1.000
3, 0.105, 4, 0.895, 2916.667, 0.583, Velocity, 0, 0, 0, 0.583, 1.000
3, 0.087, 4, 0.913, 2933.333, 0.583, Velocity, 0, 0, 0, 0.583, 1.000
3, 0.069, 4, 0.931, 2950.000, 0.583, Velocity, 0, 0, 0, 0.583, 1.000
3, 0.051, 4, 0.949, 2966.667, 0.584, Velocity, 0, 0, 0, 0.584, 1.000
3, 0.030, 4, 0.970, 2983.333, 0.584, Velocity, 0, 0, 0, 0.584, 1.000
4, 1.000, 5, 0.000, 3000.000, 0.583, Velocity, 0, 0, 0, 0.583, 1.000
4, 0.970, 5, 0.030, 3016.667, 0.583, Velocity, 0, 0, 0, 0.583, 1.000
4, 0.949, 5, 0.051, 3033.333, 0.583, Velocity, 0, 0, 0, 0.583, 1.000
4, 0.931, 5, 0.069, 3050.000, 0.583, Velocity, 0, 0, 0, 0.583, 1.000
4, 0.912, 5, 0.088, 3066.667, 0.584, Velocity, 0, 0, 0, 0.584, 1.000
4, 0.895, 5, 0.105, 3083.333, 0.583, Velocity, 0, 0, 0, 0.583, 1.000
4, 0.878, 5, 0.122, 3100.000, 0.584, Velocity, 0, 0, 0, 0.584, 1.000
4, 0.861, 5, 0.139, 3116.667, 0.583, Velocity, 0, 0, 0, 0.583, 1.000
4, 0.845, 5, 0.155, 3133.333, 0.583, Velocity, 0, 0, 0, 0.583, 1.000
4, 0.829, 5, 0.171, 3150.000, 0.583, Velocity, 0, 0, 0, 0.583, 1.000
4, 0.812, 5, 0.188, 3166.667, 0.584, Velocity, 0, 0, 0, 0.584, 1.000
4, 0.797, 5, 0.203, 3183.333, 0.582, Velocity, 0, 0, 0, 0.582, 1.000
4, 0.780, 5, 0.220, 3200.000, 0.583, Velocity, 0, 0, 0, 0.583, 1.000
4, 0.764, 5, 0.236, 3216.667, 0.583, Velocity, 0, 0, 0, 0.583, 1.000
4, 0.748, 5, 0.252, 3233.333, 0.583, Velocity, 0, 0, 0, 0.583, 1.000
4, 0.733, 5, 0.267, 3250.000, 0.583, Velocity, 0, 0, 0, 0.583, 1.000
4, 0.717, 5, 0.283, 3266.667, 0.583, Velocity, 0, 0, 0, 0.583, 1.000
4, 0.701, 5, 0.299, 3283.333, 0.583, Velocity, 0, 0, 0, 0.583, 1.000
4, 0.686, 5, 0.314, 3300.000, 0.583, Velocity, 0, 0, 0, 0.583, 1.000
4, 0.670, 5, 0.330, 3316.667, 0.584, Velocity, 0, 0, 0, 0.584, 1.000
4, 0.654, 5, 0.346, 3333.333, 0.584, Velocity, 0, 0, 0, 0.584, 1.000
4, 0.639, 5, 0.361, 3350.000, 0.584, Velocity, 0, 0, 0, 0.584, 1.000
4, 0.623, 5, 0.377, 3366.667, 0.584, Velocity, 0, 0, 0, 0.584, 1.000
4, 0.608, 5, 0.392, 3383.333, 0.582, Velocity, 0, 0, 0, 0.582, 1.000
4, 0.593, 5, 0.407, 3400.000, 0.583, Velocity, 0, 0, 0, 0.583, 1.000
4, 0.577, 5, 0.423, 3416.667, 0.583, Velocity, 0, 0, 0, 0.583, 1.000
4, 0.562, 5, 0.438, 3433.333, 0.583, Velocity, 0, 0, 0, 0.583, 1.000
4, 0.546, 5, 0.454, 3450.000, 0.583, Velocity, 0, 0, 0, 0.583, 1.000
4, 0.531, 5, 0.469, 3466.667, 0.583, Velocity, 0, 0, 0, 0.583, 1.000
4, 0.515, 5, 0.485, 3483.333, 0.583, Velocity, 0, 0, 0, 0.583, 1.000
4, 0.500, 5, 0.500, 3500.000, 0.583, Velocity, 0, 0, 0, 0.583, 1.000
4, 0.485, 5, 0.515, 3516.667, 0.585, Velocity, 0, 0, 0, 0.585, 1.000
4, 0.469, 5, 0.531, 3533.333, 0.584, Velocity, 0, 0, 0, 0.584, 1.000
4, 0.454, 5, 0.546, 3550.000, 0.584, Velocity, 0, 0, 0, 0.584, 1.000
4, 0.438, 5, 0.562, 3566.667, 0.583, Velocity, 0, 0, 0, 0.583, 1.000
4, 0.423, 5, 0.577, 3583.333, 0.583, Velocity, 0, 0, 0, 0.583, 1.000
4, 0.408, 5, 0.592, 3600.000, 0.584, Velocity, 0, 0, 0, 0.584, 1.000
4, 0.392, 5, 0.608, 3616.667, 0.584, Velocity, 0, 0, 0, 0.584, 1.000
4, 0.377, 5, 0.623, 3633.333, 0.583, Velocity, 0, 0, 0, 0.583, 1.000
4, 0.361, 5, 0.639, 3650.000, 0.583, Velocity, 0, 0, 0, 0.583, 1.000
4, 0.346, 5, 0.654, 3666.667, 0.584, Velocity, 0, 0, 0, 0.584, 1.000
4, 0.330, 5, 0.670, 3683.334, 0.584, Velocity, 0, 0, 0, 0.584, 1.000
4, 0.314, 5, 0.686, 3700.000, 0.583, Velocity, 0, 0, 0, 0.583, 1.000
4, 0.299, 5, 0.701, 3716.667, 0.583, Velocity, 0, 0, 0, 0.583, 1.000
4, 0.283, 5, 0.717, 3733.333, 0.582, Velocity, 0, 0, 0, 0.582, 1.000
4, 0.267, 5, 0.733, 3750.000, 0.583, Velocity, 0, 0, 0, 0.583, 1.000
4, 0.252, 5, 0.748, 3766.667, 0.583, Velocity, 0, 0, 0, 0.583, 1.000
4, 0.236, 5, 0.764, 3783.333, 0.583, Velocity, 0, 0, 0, 0.583, 1.000
4, 0.220, 5, 0.780, 3800.000, 0.583, Velocity, 0, 0, 0, 0.583, 1.000
4, 0.204, 5, 0.796, 3816.667, 0.583, Velocity, 0, 0, 0, 0.583, 1.000
4, 0.187, 5, 0.813, 3833.333, 0.582, Velocity, 0, 0, 0, 0.582, 1.000
4, 0.171, 5, 0.829, 3850.000, 0.583, Velocity, 0, 0, 0, 0.583, 1.000
4, 0.155, 5, 0.845, 3866.667, 0.583, Velocity, 0, 0, 0, 0.583, 1.000
4, 0.138, 5, 0.862, 3883.333, 0.582, Velocity, 0, 0, 0, 0.582, 1.000
4, 0.122, 5, 0.878, 3900.000, 0.583, Velocity, 0, 0, 0, 0.583, 1.000
4, 0.104, 5, 0.896, 3916.667, 0.582, Velocity, 0, 0, 0, 0.582, 1.000
4, 0.087, 5, 0.913, 3933.334, 0.583, Velocity, 0, 0, 0, 0.583, 1.000
4, 0.070, 5, 0.930, 3950.000, 0.584, Velocity, 0, 0, 0, 0.584, 1.000
4, 0.051, 5, 0.949, 3966.667, 0.583, Velocity, 0, 0, 0, 0.583, 1.000
4, 0.030, 5, 0.970, 3983.333, 0.583, Velocity, 0, 0, 0, 0.583, 1.000
5, 1.000, 6, 0.000, 4000.000, 0.584, Velocity, 0, 0, 0, 0.584, 1.000
5, 0.970, 6, 0.030, 4016.667, 0.583, Velocity, 0, 0, 0, 0.583, 1.000
5, 0.949, 6, 0.051, 4033.334, 0.583, Velocity, 0, 0, 0, 0.583, 1.000
5, 0.930, 6, 0.070, 4050.000, 0.584, Velocity, 0, 0, 0, 0.584, 1.000
5, 0.913, 6, 0.087, 4066.667, 0.583, Velocity, 0, 0, 0, 0.583, 1.000
5, 0.895, 6, 0.105, 4083.333, 0.583, Velocity, 0, 0, 0, 0.583, 1.000
5, 0.879, 6, 0.121, 4100.000, 0.582, Velocity, 0, 0, 0, 0.582, 1.000
5, 0.861, 6, 0.139, 4116.667, 0.584, Velocity, 0, 0, 0, 0.584, 1.000
5, 0.845, 6, 0.155, 4133.333, 0.583, Velocity, 0, 0, 0, 0.583, 1.000
5, 0.829, 6, 0.171, 4150.000, 0.583, Velocity, 0, 0, 0, 0.583, 1.000
5, 0.812, 6, 0.188, 4166.667, 0.583, Velocity, 0, 0, 0, 0.583, 1.000
5, 0.796, 6, 0.204, 4183.333, 0.584, Velocity, 0, 0, 0, 0.584, 1.000
5, 0.780, 6, 0.220, 4200.000, 0.583, Velocity, 0, 0, 0, 0.583, 1.000
5, 0.764, 6, 0.236, 4216.667, 0.583, Velocity, 0, 0, 0, 0.583, 1.000
5, 0.748, 6, 0.252, 4233.333, 0.583, Velocity, 0, 0, 0, 0.583, 1.000
5, 0.733, 6, 0.267, 4250.000, 0.582, Velocity, 0, 0, 0, 0.582, 1.000
5, 0.717, 6, 0.283, 4266.667, 0.583, Velocity, 0, 0, 0, 0.583, 1.000
5, 0.701, 6, 0.299, 4283.334, 0.583, Velocity, 0, 0, 0, 0.583, 1.000
5, 0.686, 6, 0.314, 4300.000, 0.583, Velocity, 0, 0, 0, 0.583, 1.000
5, 0.670, 6, 0.330, 4316.667, 0.583, Velocity, 0, 0, 0, 0.583, 1.000
5, 0.655, 6, 0.345, 4333.333, 0.583, Velocity, 0, 0, 0, 0.583, 1.000
5, 0.639, 6, 0.361, 4350.000, 0.583, Velocity, 0, 0, 0, 0.583, 1.000
5, 0.623, 6, 0.377, 4366.667, 0.584, Velocity, 0, 0, 0, 0.584, 1.000
5, 0.608, 6, 0.392, 4383.333, 0.583, Velocity, 0, 0, 0, 0.583, 1.000
5, 0.593, 6, 0.407, 4400.000, 0.583, Velocity, 0, 0, 0, 0.583, 1.000
5, 0.577, 6, 0.423, 4416.667, 0.584, Velocity, 0, 0, 0, 0.584, 1.000
5, 0.562, 6, 0.438, 4433.333, 0.583, Velocity, 0, 0, 0, 0.583, 1.000
5, 0.546, 6, 0.454, 4450.000, 0.583, Velocity, 0, 0, 0, 0.583, 1.000
5, 0.531, 6, 0.469, 4466.667, 0.583, Velocity, 0, 0, 0, 0.583, 1.000
5, 0.515, 6, 0.485, 4483.333, 0.583, Velocity, 0, 0, 0, 0.583, 1.000
5, 0.500, 6, 0.500, 4500.000, 0.583, Velocity, 0, 0, 0, 0.583, 1.000
5, 0.485, 6, 0.515, 4516.667, 0.583, Velocity, 0, 0, 0, 0.583, 1.000
5, 0.469, 6, 0.531, 4533.334, 0.582, Velocity, 0, 0, 0, 0.582, 1.000
5, 0.454, 6, 0.546, 4550.000, 0.583, Velocity, 0, 0, 0, 0.583, 1.000
5, 0.438, 6, 0.562, 4566.667, 0.583, Velocity, 0, 0, 0, 0.583, 1.000
5, 0.423, 6, 0.577, 4583.333, 0.584, Velocity, 0, 0, 0, 0.584, 1.000
5, 0.407, 6, 0.593, 4600.000, 0.583, Velocity, 0, 0, 0, 0.583, 1.000
5, 0.392, 6, 0.608, 4616.667, 0.584, Velocity, 0, 0, 0, 0.584, 1.000
5, 0.377, 6, 0.623, 4633.333, 0.584, Velocity, 0, 0, 0, 0.584, 1.000
5, 0.361, 6, 0.639, 4650.000, 0.584, Velocity, 0, 0, 0, 0.584, 1.000
5, 0.346, 6, 0.654, 4666.667, 0.585, Velocity, 0, 0, 0, 0.585, 1.000
5, 0.330, 6, 0.670, 4683.333, 0.584, Velocity, 0, 0, 0, 0.584, 1.000
5, 0.314, 6, 0.686, 4700.000, 0.584, Velocity, 0, 0, 0, 0.584, 1.000
5, 0.299, 6, 0.701, 4716.667, 0.585, Velocity, 0, 0, 0, 0.585, 1.000
5, 0.283, 6, 0.717, 4733.333, 0.584, Velocity, 0, 0, 0, 0.584, 1.000
5, 0.267, 6, 0.733, 4750.000, 0.584, Velocity, 0, 0, 0, 0.584, 1.000
5, 0.252, 6, 0.748, 4766.667, 0.583, Velocity, 0, 0, 0, 0.583, 1.000
5, 0.236, 6, 0.764, 4783.334, 0.583, Velocity, 0, 0, 0, 0.583, 1.000
5, 0.220, 6, 0.780, 4800.000, 0.584, Velocity, 0, 0, 0, 0.584, 1.000
5, 0.204, 6, 0.796, 4816.667, 0.583, Velocity, 0, 0, 0, 0.583, 1.000
5, 0.188, 6, 0.812, 4833.333, 0.583, Velocity, 0, 0, 0, 0.583, 1.000
5, 0.171, 6, 0.829, 4850.000, 0.583, Velocity, 0, 0, 0, 0.583, 1.000
5, 0.155, 6, 0.845, 4866.667, 0.584, Velocity, 0, 0, 0, 0.584, 1.000
5, 0.139, 6, 0.861, 4883.333, 0.583, Velocity, 0, 0, 0, 0.583, 1.000
5, 0.122, 6, 0.878, 4900.000, 0.583, Velocity, 0, 0, 0, 0.583, 1.000
5, 0.105, 6, 0.895, 4916.667, 0.584, Velocity, 0, 0, 0, 0.584, 1.000
5, 0.087, 6, 0.913, 4933.333, 0.583, Velocity, 0, 0, 0, 0.583, 1.000
5, 0.069, 6, 0.931, 4950.000, 0.583, Velocity, 0, 0, 0, 0.583, 1.000
5, 0.051, 6, 0.949, 4966.667, 0.584, Velocity, 0, 0, 0, 0.584, 1.000
5, 0.030, 6, 0.970, 4983.333, 0.584, Velocity, 0, 0, 0, 0.584, 1.000
6, 1.000, 7, 0.000, 5000.000, 0.584, Velocity, 0, 0, 0, 0.584, 1.000
6, 0.970, 7, 0.030, 5016.667, 0.584, Velocity, 0, 0, 0, 0.584, 1.000
6, 0.949, 7, 0.051, 5033.334, 0.584, Velocity, 0, 0, 0, 0.584, 1.000
6, 0.931, 7, 0.069, 5050.000, 0.583, Velocity, 0, 0, 0, 0.583, 1.000
6, 0.912, 7, 0.088, 5066.667, 0.584, Velocity, 0, 0, 0, 0.584, 1.000
6, 0.895, 7, 0.105, 5083.333, 0.583, Velocity, 0, 0, 0, 0.583, 1.000
6, 0.878, 7, 0.122, 5100.000, 0.584, Velocity, 0, 0, 0, 0.584, 1.000
6, 0.861, 7, 0.139, 5116.667, 0.584, Velocity, 0, 0, 0, 0.584, 1.000
6, 0.845, 7, 0.155, 5133.333, 0.583, Velocity, 0, 0, 0, 0.583, 1.000
6, 0.829, 7, 0.171, 5150.000, 0.582, Velocity, 0, 0, 0, 0.582, 1.000
6, 0.812, 7, 0.188, 5166.667, 0.583, Velocity, 0, 0, 0, 0.583, 1.000
6, 0.796, 7, 0.204, 5183.333, 0.583, Velocity, 0, 0, 0, 0.583, 1.000
6, 0.780, 7, 0.220, 5200.000, 0.583, Velocity, 0, 0, 0, 0.583, 1.000
6, 0.764, 7, 0.236, 5216.667, 0.583, Velocity, 0, 0, 0, 0.583, 1.000
6, 0.748, 7, 0.252, 5233.333, 0.584, Velocity, 0, 0, 0, 0.584, 1.000
6, 0.732, 7, 0.268, 5250.000, 0.584, Velocity, 0, 0, 0, 0.584, 1.000
6, 0.717, 7, 0.283, 5266.667, 0.584, Velocity, 0, 0, 0, 0.584, 1.000
6, 0.701, 7, 0.299, 5283.334, 0.584, Velocity, 0, 0, 0, 0.584, 1.000
6, 0.686, 7, 0.314, 5300.000, 0.584, Velocity, 0, 0, 0, 0.584, 1.000
6, 0.670, 7, 0.330, 5316.667, 0.583, Velocity, 0, 0, 0, 0.583, 1.000
6, 0.654, 7, 0.346, 5333.333, 0.584, Velocity, 0, 0, 0, 0.584, 1.000
6, 0.639, 7, 0.361, 5350.000, 0.584, Velocity, 0, 0, 0, 0.584, 1.000
6, 0.623, 7, 0.377, 5366.667, 0.584, Velocity, 0, 0, 0, 0.584, 1.000
6, 0.608, 7, 0.392, 5383.333, 0.583, Velocity, 0, 0, 0, 0.583, 1.000
6, 0.592, 7, 0.408, 5400.000, 0.584, Velocity, 0, 0, 0, 0.584, 1.000
6, 0.577, 7, 0.423, 5416.667, 0.584, Velocity, 0, 0, 0, 0.584, 1.000
6, 0.562, 7, 0.438, 5433.333, 0.584, Velocity, 0, 0, 0, 0.584, 1.000
6, 0.546, 7, 0.454, 5450.000, 0.583, Velocity, 0, 0, 0, 0.583, 1.000
6, 0.531, 7, 0.469, 5466.667, 0.583, Velocity, 0, 0, 0, 0.583, 1.000
6, 0.515, 7, 0.485, 5483.333, 0.584, Velocity, 0, 0, 0, 0.584, 1.000
6, 0.500, 7, 0.500, 5500.000, 0.584, Velocity, 0, 0, 0, 0.584, 1.000
6, 0.485, 7, 0.515, 5516.667, 0.583, Velocity, 0, 0, 0, 0.583, 1.000
6, 0.469, 7, 0.531, 5533.334, 0.583, Velocity, 0, 0, 0, 0.583, 1.000
6, 0.454, 7, 0.546, 5550.000, 0.583, Velocity, 0, 0, 0, 0.583, 1.000
6, 0.438, 7, 0.562, 5566.667, 0.584, Velocity, 0, 0, 0, 0.584, 1.000
6, 0.423, 7, 0.577, 5583.333, 0.583, Velocity, 0, 0, 0, 0.583, 1.000
6, 0.408, 7, 0.592, 5600.000, 0.584, Velocity, 0, 0, 0, 0.584, 1.000
6, 0.392, 7, 0.608, 5616.667, 0.583, Velocity, 0, 0, 0, 0.583, 1.000
6, 0.377, 7, 0.623, 5633.333, 0.583, Velocity, 0, 0, 0, 0.583, 1.000
6, 0.361, 7, 0.639, 5650.000, 0.583, Velocity, 0, 0, 0, 0.583, 1.000
6, 0.345, 7, 0.655, 5666.667, 0.583, Velocity, 0, 0, 0, 0.583, 1.000
6, 0.330, 7, 0.670, 5683.333, 0.584, Velocity, 0, 0, 0, 0.584, 1.000
6, 0.314, 7, 0.686, 5700.000, 0.583, Velocity, 0, 0, 0, 0.583, 1.000
6, 0.299, 7, 0.701, 5716.667, 0.583, Velocity, 0, 0, 0, 0.583, 1.000
6, 0.283, 7, 0.717, 5733.333, 0.583, Velocity, 0, 0, 0, 0.583, 1.000
6, 0.267, 7, 0.733, 5750.000, 0.583, Velocity, 0, 0, 0, 0.583, 1.000
6, 0.252, 7, 0.748, 5766.667, 0.583, Velocity, 0, 0, 0, 0.583, 1.000
6, 0.236, 7, 0.764, 5783.334, 0.584, Velocity, 0, 0, 0, 0.584, 1.000
6, 0.220, 7, 0.780, 5800.000, 0.584, Velocity, 0, 0, 0, 0.584, 1.000
6, 0.204, 7, 0.796, 5816.667, 0.584, Velocity, 0, 0, 0, 0.584, 1.000
6, 0.188, 7, 0.812, 5833.333, 0.583, Velocity, 0, 0, 0, 0.583, 1.000
6, 0.171, 7, 0.829, 5850.000, 0.583, Velocity, 0, 0, 0, 0.583, 1.000
6, 0.155, 7, 0.845, 5866.667, 0.584, Velocity, 0, 0, 0, 0.584, 1.000
6, 0.139, 7, 0.861, 5883.333, 0.584, Velocity, 0, 0, 0, 0.584, 1.000
6, 0.122, 7, 0.878, 5900.000, 0.583, Velocity, 0, 0, 0, 0.583, 1.000
6, 0.105, 7, 0.895, 5916.667, 0.583, Velocity, 0, 0, 0, 0.583, 1.000
6, 0.088, 7, 0.912, 5933.334, 0.584, Velocity, 0, 0, 0, 0.584, 1.000
6, 0.070, 7, 0.930, 5950.000, 0.585, Velocity, 0, 0, 0, 0.585, 1.000
6, 0.052, 7, 0.948, 5966.667, 0.588, Velocity, 0, 0, 0, 0.588, 1.000
6, 0.033, 7, 0.967, 5983.333, 0.597, Velocity, 0, 0, 0, 0.597, 1.000
7, 1.000, 8, 0.000, 6000.000, 0.613, Velocity, 0, 0, 0, 0.613, 1.000
7, 0.963, 8, 0.037, 6016.667, 0.624, Velocity, 0, 0, 0, 0.624, 1.000
7, 0.937, 8, 0.063, 6033.334, 0.644, Velocity, 0, 0, 0, 0.644, 1.000
7, 0.914, 8, 0.086, 6050.000, 0.655, Velocity, 0, 0, 0, 0.655, 1.000
7, 0.891, 8, 0.109, 6066.667, 0.671, Velocity, 0, 0, 0, 0.671, 1.000
7, 0.867, 8, 0.133, 6083.333, 0.693, Velocity, 0, 0, 0, 0.693, 1.000
7, 0.846, 8, 0.154, 6100.000, 0.707, Velocity, 0, 0, 0, 0.707, 1.000
7, 0.824, 8, 0.176, 6116.667, 0.725, Velocity, 0, 0, 0, 0.725, 1.000
7, 0.805, 8, 0.195, 6133.333, 0.734, Velocity, 0, 0, 0, 0.734, 1.000
7, 0.788, 8, 0.212, 6150.000, 0.742, Velocity, 0, 0, 0, 0.742, 1.000
7, 0.768, 8, 0.232, 6166.667, 0.757, Velocity, 0, 0, 0, 0.757, 1.000
7, 0.750, 8, 0.250, 6183.334, 0.772, Velocity, 0, 0, 0, 0.772, 1.000
7, 0.734, 8, 0.266, 6200.000, 0.778, Velocity, 0, 0, 0, 0.778, 1.000
7, 0.718, 8, 0.282, 6216.667, 0.786, Velocity, 0, 0, 0, 0.786, 1.000
7, 0.699, 8, 0.301, 6233.333, 0.808, Velocity, 0, 0, 0, 0.808, 1.000
7, 0.683, 8, 0.317, 6250.000, 0.823, Velocity, 0, 0, 0, 0.823, 1.000
7, 0.664, 8, 0.336, 6266.667, 0.852, Velocity, 0, 0, 0, 0.852, 1.000
7, 0.646, 8, 0.354, 6283.334, 0.882, Velocity, 0, 0, 0, 0.882, 1.000
7, 0.631, 8, 0.369, 6300.000, 0.905, Velocity, 0, 0, 0, 0.905, 1.000
7, 0.620, 8, 0.380, 6316.667, 0.932, Velocity, 0, 0, 0, 0.932, 1.000
7, 0.608, 8, 0.392, 6333.333, 0.939, Velocity, 0, 0, 0, 0.939, 1.000
7, 0.597, 8, 0.403, 6350.000, 0.949, Velocity, 0, 0, 0, 0.949, 1.000
7, 0.586, 8, 0.414, 6366.667, 0.954, Velocity, 0, 0, 0, 0.954, 1.000
7, 0.575, 8, 0.425, 6383.333, 0.955, Velocity, 0, 0, 0, 0.955, 1.000
7, 0.564, 8, 0.436, 6400.000, 0.957, Velocity, 0, 0, 0, 0.957, 1.000
7, 0.553, 8, 0.447, 6416.667, 0.957, Velocity, 0, 0, 0, 0.957, 1.000
7, 0.543, 8, 0.457, 6433.334, 0.957, Velocity, 0, 0, 0, 0.957, 1.000
7, 0.532, 8, 0.468, 6450.000, 0.958, Velocity, 0, 0, 0, 0.958, 1.000
7, 0.521, 8, 0.479, 6466.667, 0.96, Velocity, 0, 0, 0, 0.960, 1.000
7, 0.511, 8, 0.489, 6483.333, 0.958, Velocity, 0, 0, 0, 0.958, 1.000
7, 0.500, 8, 0.500, 6500.000, 0.958, Velocity, 0, 0, 0, 0.958, 1.000
7, 0.489, 8, 0.511, 6516.667, 0.955, Velocity, 0, 0, 0, 0.955, 1.000
7, 0.479, 8, 0.521, 6533.334, 0.956, Velocity, 0, 0, 0, 0.956, 1.000
7, 0.468, 8, 0.532, 6550.000, 0.956, Velocity, 0, 0, 0, 0.956, 1.000
7, 0.457, 8, 0.543, 6566.667, 0.96, Velocity, 0, 0, 0, 0.960, 1.000
7, 0.447, 8, 0.553, 6583.333, 0.96, Velocity, 0, 0, 0, 0.960, 1.000
7, 0.436, 8, 0.564, 6600.000, 0.956, Velocity, 0, 0, 0, 0.956, 1.000
7, 0.425, 8, 0.575, 6616.667, 0.956, Velocity, 0, 0, 0, 0.956, 1.000
7, 0.414, 8, 0.586, 6633.333, 0.955, Velocity, 0, 0, 0, 0.955, 1.000
7, 0.403, 8, 0.597, 6650.000, 0.954, Velocity, 0, 0, 0, 0.954, 1.000
7, 0.392, 8, 0.608, 6666.667, 0.954, Velocity, 0, 0, 0, 0.954, 1.000
7, 0.380, 8, 0.620, 6683.334, 0.955, Velocity, 0, 0, 0, 0.955, 1.000
7, 0.369, 8, 0.631, 6700.000, 0.957, Velocity, 0, 0, 0, 0.957, 1.000
7, 0.357, 8, 0.643, 6716.667, 0.957, Velocity, 0, 0, 0, 0.957, 1.000
7, 0.345, 8, 0.655, 6733.333, 0.958, Velocity, 0, 0, 0, 0.958, 1.000
7, 0.333, 8, 0.667, 6750.000, 0.956, Velocity, 0, 0, 0, 0.956, 1.000
7, 0.321, 8, 0.679, 6766.667, 0.956, Velocity, 0, 0, 0, 0.956, 1.000
7, 0.308, 8, 0.692, 6783.334, 0.957, Velocity, 0, 0, 0, 0.957, 1.000
7, 0.295, 8, 0.705, 6800.000, 0.958, Velocity, 0, 0, 0, 0.958, 1.000
7, 0.282, 8, 0.718, 6816.667, 0.957, Velocity, 0, 0, 0, 0.957, 1.000
7, 0.268, 8, 0.732, 6833.333, 0.959, Velocity, 0, 0, 0, 0.959, 1.000
7, 0.253, 8, 0.747, 6850.000, 0.958, Velocity, 0, 0, 0, 0.958, 1.000
7, 0.238, 8, 0.762, 6866.667, 0.956, Velocity, 0, 0, 0, 0.956, 1.000
7, 0.222, 8, 0.778, 6883.333, 0.959, Velocity, 0, 0, 0, 0.959, 1.000
7, 0.205, 8, 0.795, 6900.000, 0.958, Velocity, 0, 0, 0, 0.958, 1.000
7, 0.186, 8, 0.814, 6916.667, 0.956, Velocity, 0, 0, 0, 0.956, 1.000
7, 0.166, 8, 0.834, 6933.334, 0.955, Velocity, 0, 0, 0, 0.955, 1.000
7, 0.144, 8, 0.856, 6950.000, 0.957, Velocity, 0, 0, 0, 0.957, 1.000
7, 0.117, 8, 0.883, 6966.667, 0.958, Velocity, 0, 0, 0, 0.958, 1.000
7, 0.082, 8, 0.918, 6983.333, 0.958, Velocity, 0, 0, 0, 0.958, 1.000
8, 1.000, 9, 0.000, 7000.000, 0.958, Velocity, 0, 0, 0, 0.958, 1.000
8, 0.918, 9, 0.082, 7016.667, 0.96, Velocity, 0, 0, 0, 0.960, 1.000
8, 0.883, 9, 0.117, 7033.334, 0.957, Velocity, 0, 0, 0, 0.957, 1.000
8, 0.856, 9, 0.144, 7050.000, 0.957, Velocity, 0, 0, 0, 0.957, 1.000
8, 0.834, 9, 0.166, 7066.667, 0.958, Velocity, 0, 0, 0, 0.958, 1.000
8, 0.814, 9, 0.186, 7083.333, 0.958, Velocity, 0, 0, 0, 0.958, 1.000
8, 0.795, 9, 0.205, 7100.000, 0.957, Velocity, 0, 0, 0, 0.957, 1.000
8, 0.778, 9, 0.222, 7116.667, 0.955, Velocity, 0, 0, 0, 0.955, 1.000
8, 0.762, 9, 0.238, 7133.333, 0.954, Velocity, 0, 0, 0, 0.954, 1.000
8, 0.747, 9, 0.253, 7150.000, 0.956, Velocity, 0, 0, 0, 0.956, 1.000
8, 0.732, 9, 0.268, 7166.667, 0.957, Velocity, 0, 0, 0, 0.957, 1.000
8, 0.718, 9, 0.282, 7183.334, 0.956, Velocity, 0, 0, 0, 0.956, 1.000
8, 0.705, 9, 0.295, 7200.000, 0.958, Velocity, 0, 0, 0, 0.958, 1.000
8, 0.692, 9, 0.308, 7216.667, 0.958, Velocity, 0, 0, 0, 0.958, 1.000
8, 0.679, 9, 0.321, 7233.333, 0.96, Velocity, 0, 0, 0, 0.960, 1.000
8, 0.667, 9, 0.333, 7250.000, 0.96, Velocity, 0, 0, 0, 0.960, 1.000
8, 0.655, 9, 0.345, 7266.667, 0.958, Velocity, 0, 0, 0, 0.958, 1.000
8, 0.643, 9, 0.357, 7283.334, 0.957, Velocity, 0, 0, 0, 0.957, 1.000
8, 0.631, 9, 0.369, 7300.000, 0.958, Velocity, 0, 0, 0, 0.958, 1.000
8, 0.620, 9, 0.380, 7316.667, 0.957, Velocity, 0, 0, 0, 0.957, 1.000
8, 0.608, 9, 0.392, 7333.333, 0.958, Velocity, 0, 0, 0, 0.958, 1.000
8, 0.597, 9, 0.403, 7350.000, 0.957, Velocity, 0, 0, 0, 0.957, 1.000
8, 0.586, 9, 0.414, 7366.667, 0.957, Velocity, 0, 0, 0, 0.957, 1.000
8, 0.575, 9, 0.425, 7383.333, 0.959, Velocity, 0, 0, 0, 0.959, 1.000
8, 0.564, 9, 0.436, 7400.000, 0.958, Velocity, 0, 0, 0, 0.958, 1.000
8, 0.553, 9, 0.447, 7416.667, 0.955, Velocity, 0, 0, 0, 0.955, 1.000
8, 0.543, 9, 0.457, 7433.334, 0.956, Velocity, 0, 0, 0, 0.956, 1.000
8, 0.532, 9, 0.468, 7450.000, 0.951, Velocity, 0, 0, 0, 0.951, 1.000
8, 0.521, 9, 0.479, 7466.667, 0.944, Velocity, 0, 0, 0, 0.944, 1.000
8, 0.511, 9, 0.489, 7483.333, 0.933, Velocity, 0, 0, 0, 0.933, 1.000
8, 0.500, 9, 0.500, 7500.000, 0.907, Velocity, 0, 0, 0, 0.907, 1.000
8, 0.489, 9, 0.511, 7516.667, 0.907, Velocity, 0, 0, 0, 0.907, 1.000
8, 0.479, 9, 0.521, 7533.334, 0.895, Velocity, 0, 0, 0, 0.895, 1.000
8, 0.467, 9, 0.533, 7550.000, 0.877, Velocity, 0, 0, 0, 0.877, 1.000
8, 0.456, 9, 0.544, 7566.667, 0.869, Velocity, 0, 0, 0, 0.869, 1.000
8, 0.443, 9, 0.557, 7583.333, 0.852, Velocity, 0, 0, 0, 0.852, 1.000
8, 0.430, 9, 0.570, 7600.000, 0.838, Velocity, 0, 0, 0, 0.838, 1.000
8, 0.418, 9, 0.582, 7616.667, 0.832, Velocity, 0, 0, 0, 0.832, 1.000
8, 0.405, 9, 0.595, 7633.333, 0.825, Velocity, 0, 0, 0, 0.825, 1.000
8, 0.392, 9, 0.608, 7650.000, 0.814, Velocity, 0, 0, 0, 0.814, 1.000
8, 0.379, 9, 0.621, 7666.667, 0.809, Velocity, 0, 0, 0, 0.809, 1.000
8, 0.364, 9, 0.636, 7683.334, 0.797, Velocity, 0, 0, 0, 0.797, 1.000
8, 0.350, 9, 0.650, 7700.000, 0.792, Velocity, 0, 0, 0, 0.792, 1.000
8, 0.336, 9, 0.664, 7716.667, 0.783, Velocity, 0, 0, 0, 0.783, 1.000
8, 0.322, 9, 0.678, 7733.333, 0.779, Velocity, 0, 0, 0, 0.779, 1.000
8, 0.305, 9, 0.695, 7750.000, 0.766, Velocity, 0, 0, 0, 0.766, 1.000
8, 0.290, 9, 0.710, 7766.667, 0.761, Velocity, 0, 0, 0, 0.761, 1.000
8, 0.274, 9, 0.726, 7783.334, 0.749, Velocity, 0, 0, 0, 0.749, 1.000
8, 0.258, 9, 0.742, 7800.000, 0.743, Velocity, 0, 0, 0, 0.743, 1.000
8, 0.241, 9, 0.759, 7816.667, 0.733, Velocity, 0, 0, 0, 0.733, 1.000
8, 0.224, 9, 0.776, 7833.334, 0.727, Velocity, 0, 0, 0, 0.727, 1.000
8, 0.207, 9, 0.793, 7850.000, 0.721, Velocity, 0, 0, 0, 0.721, 1.000
8, 0.191, 9, 0.809, 7866.667, 0.719, Velocity, 0, 0, 0, 0.719, 1.000
8, 0.174, 9, 0.826, 7883.333, 0.718, Velocity, 0, 0, 0, 0.718, 1.000
8, 0.157, 9, 0.843, 7900.000, 0.717, Velocity, 0, 0, 0, 0.717, 1.000
8, 0.140, 9, 0.860, 7916.667, 0.718, Velocity, 0, 0, 0, 0.718, 1.000
8, 0.121, 9, 0.879, 7933.334, 0.718, Velocity, 0, 0, 0, 0.718, 1.000
8, 0.101, 9, 0.899, 7950.000, 0.718, Velocity, 0, 0, 0, 0.718, 1.000
8, 0.079, 9, 0.921, 7966.667, 0.719, Velocity, 0, 0, 0, 0.719, 1.000
8, 0.053, 9, 0.947, 7983.333, 0.718, Velocity, 0, 0, 0, 0.718, 1.000
9, 1.000, 10, 0.000, 8000.000, 0.718, Velocity, 0, 0, 0, 0.718, 1.000
9, 0.947, 10, 0.053, 8016.667, 0.718, Velocity, 0, 0, 0, 0.718, 1.000
9, 0.921, 10, 0.079, 8033.334, 0.718, Velocity, 0, 0, 0, 0.718, 1.000
9, 0.899, 10, 0.101, 8050.000, 0.719, Velocity, 0, 0, 0, 0.719, 1.000
9, 0.879, 10, 0.121, 8066.667, 0.719, Velocity, 0, 0, 0, 0.719, 1.000
9, 0.860, 10, 0.140, 8083.334, 0.72, Velocity, 0, 0, 0, 0.720, 1.000
9, 0.843, 10, 0.157, 8100.000, 0.718, Velocity, 0, 0, 0, 0.718, 1.000
9, 0.826, 10, 0.174, 8116.667, 0.719, Velocity, 0, 0, 0, 0.719, 1.000
9, 0.809, 10, 0.191, 8133.334, 0.719, Velocity, 0, 0, 0, 0.719, 1.000
9, 0.794, 10, 0.206, 8150.000, 0.719, Velocity, 0, 0, 0, 0.719, 1.000
9, 0.778, 10, 0.222, 8166.667, 0.719, Velocity, 0, 0, 0, 0.719, 1.000
9, 0.763, 10, 0.237, 8183.333, 0.718, Velocity, 0, 0, 0, 0.718, 1.000
9, 0.748, 10, 0.252, 8200.001, 0.719, Velocity, 0, 0, 0, 0.719, 1.000
9, 0.733, 10, 0.267, 8216.667, 0.719, Velocity, 0, 0, 0, 0.719, 1.000
9, 0.719, 10, 0.281, 8233.334, 0.718, Velocity, 0, 0, 0, 0.718, 1.000
9, 0.704, 10, 0.296, 8250.000, 0.719, Velocity, 0, 0, 0, 0.719, 1.000
9, 0.690, 10, 0.310, 8266.667, 0.72, Velocity, 0, 0, 0, 0.720, 1.000
9, 0.676, 10, 0.324, 8283.334, 0.72, Velocity, 0, 0, 0, 0.720, 1.000
9, 0.662, 10, 0.338, 8300.000, 0.72, Velocity, 0, 0, 0, 0.720, 1.000
9, 0.649, 10, 0.351, 8316.668, 0.718, Velocity, 0, 0, 0, 0.718, 1.000
9, 0.635, 10, 0.365, 8333.334, 0.718, Velocity, 0, 0, 0, 0.718, 1.000
9, 0.621, 10, 0.379, 8350.000, 0.719, Velocity, 0, 0, 0, 0.719, 1.000
9, 0.607, 10, 0.393, 8366.667, 0.719, Velocity, 0, 0, 0, 0.719, 1.000
9, 0.594, 10, 0.406, 8383.334, 0.718, Velocity, 0, 0, 0, 0.718, 1.000
9, 0.580, 10, 0.420, 8400.001, 0.719, Velocity, 0, 0, 0, 0.719, 1.000
9, 0.567, 10, 0.433, 8416.667, 0.719, Velocity, 0, 0, 0, 0.719, 1.000
9, 0.554, 10, 0.446, 8433.333, 0.718, Velocity, 0, 0, 0, 0.718, 1.000
9, 0.540, 10, 0.460, 8450.001, 0.719, Velocity, 0, 0, 0, 0.719, 1.000
9, 0.527, 10, 0.473, 8466.667, 0.72, Velocity, 0, 0, 0, 0.720, 1.000
9, 0.513, 10, 0.487, 8483.334, 0.719, Velocity, 0, 0, 0, 0.719, 1.000
9, 0.500, 10, 0.500, 8500.000, 0.719, Velocity, 0, 0, 0, 0.719, 1.000
9, 0.487, 10, 0.513, 8516.667, 0.719, Velocity, 0, 0, 0, 0.719, 1.000
9, 0.473, 10, 0.527, 8533.334, 0.72, Velocity, 0, 0, 0, 0.720, 1.000
9, 0.460, 10, 0.540, 8550.000, 0.719, Velocity, 0, 0, 0, 0.719, 1.000
9, 0.447, 10, 0.553, 8566.668, 0.719, Velocity, 0, 0, 0, 0.719, 1.000
9, 0.433, 10, 0.567, 8583.334, 0.72, Velocity, 0, 0, 0, 0.720, 1.000
9, 0.420, 10, 0.580, 8600.000, 0.719, Velocity, 0, 0, 0, 0.719, 1.000
9, 0.406, 10, 0.594, 8616.667, 0.718, Velocity, 0, 0, 0, 0.718, 1.000
9, 0.393, 10, 0.607, 8633.334, 0.719, Velocity, 0, 0, 0, 0.719, 1.000
9, 0.379, 10, 0.621, 8650.001, 0.72, Velocity, 0, 0, 0, 0.720, 1.000
9, 0.366, 10, 0.634, 8666.667, 0.72, Velocity, 0, 0, 0, 0.720, 1.000
9, 0.352, 10, 0.648, 8683.333, 0.72, Velocity, 0, 0, 0, 0.720, 1.000
9, 0.338, 10, 0.662, 8700.001, 0.719, Velocity, 0, 0, 0, 0.719, 1.000
9, 0.324, 10, 0.676, 8716.667, 0.72, Velocity, 0, 0, 0, 0.720, 1.000
9, 0.310, 10, 0.690, 8733.334, 0.719, Velocity, 0, 0, 0, 0.719, 1.000
9, 0.295, 10, 0.705, 8750.000, 0.718, Velocity, 0, 0, 0, 0.718, 1.000
9, 0.281, 10, 0.719, 8766.667, 0.719, Velocity, 0, 0, 0, 0.719, 1.000
9, 0.267, 10, 0.733, 8783.334, 0.718, Velocity, 0, 0, 0, 0.718, 1.000
9, 0.252, 10, 0.748, 8800.000, 0.718, Velocity, 0, 0, 0, 0.718, 1.000
9, 0.237, 10, 0.763, 8816.668, 0.719, Velocity, 0, 0, 0, 0.719, 1.000
9, 0.222, 10, 0.778, 8833.334, 0.721, Velocity, 0, 0, 0, 0.721, 1.000
9, 0.207, 10, 0.793, 8850.000, 0.72, Velocity, 0, 0, 0, 0.720, 1.000
9, 0.191, 10, 0.809, 8866.667, 0.719, Velocity, 0, 0, 0, 0.719, 1.000
9, 0.174, 10, 0.826, 8883.334, 0.719, Velocity, 0, 0, 0, 0.719, 1.000
9, 0.157, 10, 0.843, 8900.001, 0.718, Velocity, 0, 0, 0, 0.718, 1.000
9, 0.140, 10, 0.860, 8916.667, 0.719, Velocity, 0, 0, 0, 0.719, 1.000
9, 0.122, 10, 0.878, 8933.333, 0.721, Velocity, 0, 0, 0, 0.721, 1.000
9, 0.103, 10, 0.897, 8950.001, 0.725, Velocity, 0, 0, 0, 0.725, 1.000
9, 0.082, 10, 0.918, 8966.667, 0.735, Velocity, 0, 0, 0, 0.735, 1.000
9, 0.056, 10, 0.944, 8983.334, 0.741, Velocity, 0, 0, 0, 0.741, 1.000
10, 1.000, 11, 0.000, 9000.000, 0.756, Velocity, 0, 0, 0, 0.756, 1.000
10, 0.940, 11, 0.060, 9016.667, 0.765, Velocity, 0, 0, 0, 0.765, 1.000
10, 0.908, 11, 0.092, 9033.334, 0.781, Velocity, 0, 0, 0, 0.781, 1.000
10, 0.882, 11, 0.118, 9050.000, 0.789, Velocity, 0, 0, 0, 0.789, 1.000
10, 0.857, 11, 0.143, 9066.668, 0.806, Velocity, 0, 0, 0, 0.806, 1.000
10, 0.836, 11, 0.164, 9083.334, 0.812, Velocity, 0, 0, 0, 0.812, 1.000
10, 0.816, 11, 0.184, 9100.000, 0.822, Velocity, 0, 0, 0, 0.822, 1.000
10, 0.796, 11, 0.204, 9116.667, 0.831, Velocity, 0, 0, 0, 0.831, 1.000
10, 0.778, 11, 0.222, 9133.334, 0.839, Velocity, 0, 0, 0, 0.839, 1.000
10, 0.762, 11, 0.238, 9150.001, 0.843, Velocity, 0, 0, 0, 0.843, 1.000
10, 0.745, 11, 0.255, 9166.667, 0.849, Velocity, 0, 0, 0, 0.849, 1.000
10, 0.729, 11, 0.271, 9183.333, 0.855, Velocity, 0, 0, 0, 0.855, 1.000
10, 0.714, 11, 0.286, 9200.001, 0.863, Velocity, 0, 0, 0, 0.863, 1.000
10, 0.700, 11, 0.300, 9216.667, 0.866, Velocity, 0, 0, 0, 0.866, 1.000
10, 0.685, 11, 0.315, 9233.334, 0.873, Velocity, 0, 0, 0, 0.873, 1.000
10, 0.672, 11, 0.328, 9250.001, 0.875, Velocity, 0, 0, 0, 0.875, 1.000
10, 0.659, 11, 0.341, 9266.667, 0.875, Velocity, 0, 0, 0, 0.875, 1.000
10, 0.647, 11, 0.353, 9283.334, 0.875, Velocity, 0, 0, 0, 0.875, 1.000
10, 0.635, 11, 0.365, 9300.000, 0.877, Velocity, 0, 0, 0, 0.877, 1.000
10, 0.623, 11, 0.377, 9316.668, 0.879, Velocity, 0, 0, 0, 0.879, 1.000
10, 0.611, 11, 0.389, 9333.334, 0.881, Velocity, 0, 0, 0, 0.881, 1.000
10, 0.600, 11, 0.400, 9350.000, 0.881, Velocity, 0, 0, 0, 0.881, 1.000
10, 0.588, 11, 0.412, 9366.667, 0.88, Velocity, 0, 0, 0, 0.880, 1.000
10, 0.577, 11, 0.423, 9383.334, 0.879, Velocity, 0, 0, 0, 0.879, 1.000
10, 0.566, 11, 0.434, 9400.001, 0.878, Velocity, 0, 0, 0, 0.878, 1.000
10, 0.555, 11, 0.445, 9416.667, 0.877, Velocity, 0, 0, 0, 0.877, 1.000
10, 0.544, 11, 0.456, 9433.333, 0.876, Velocity, 0, 0, 0, 0.876, 1.000
10, 0.533, 11, 0.467, 9450.001, 0.878, Velocity, 0, 0, 0, 0.878, 1.000
10, 0.522, 11, 0.478, 9466.667, 0.879, Velocity, 0, 0, 0, 0.879, 1.000
10, 0.511, 11, 0.489, 9483.334, 0.877, Velocity, 0, 0, 0, 0.877, 1.000
10, 0.500, 11, 0.500, 9500.001, 0.88, Velocity, 0, 0, 0, 0.880, 1.000
10, 0.489, 11, 0.511, 9516.667, 0.879, Velocity, 0, 0, 0, 0.879, 1.000
10, 0.478, 11, 0.522, 9533.334, 0.879, Velocity, 0, 0, 0, 0.879, 1.000
10, 0.467, 11, 0.533, 9550.000, 0.88, Velocity, 0, 0, 0, 0.880, 1.000
10, 0.456, 11, 0.544, 9566.668, 0.879, Velocity, 0, 0, 0, 0.879, 1.000
10, 0.445, 11, 0.555, 9583.334, 0.878, Velocity, 0, 0, 0, 0.878, 1.000
10, 0.434, 11, 0.566, 9600.000, 0.879, Velocity, 0, 0, 0, 0.879, 1.000
10, 0.423, 11, 0.577, 9616.667, 0.879, Velocity, 0, 0, 0, 0.879, 1.000
10, 0.412, 11, 0.588, 9633.334, 0.879, Velocity, 0, 0, 0, 0.879, 1.000
10, 0.400, 11, 0.600, 9650.001, 0.878, Velocity, 0, 0, 0, 0.878, 1.000
10, 0.389, 11, 0.611, 9666.667, 0.88, Velocity, 0, 0, 0, 0.880, 1.000
10, 0.377, 11, 0.623, 9683.333, 0.879, Velocity, 0, 0, 0, 0.879, 1.000
10, 0.365, 11, 0.635, 9700.001, 0.877, Velocity, 0, 0, 0, 0.877, 1.000
10, 0.353, 11, 0.647, 9716.667, 0.879, Velocity, 0, 0, 0, 0.879, 1.000
10, 0.342, 11, 0.658, 9733.334, 0.882, Velocity, 0, 0, 0, 0.882, 1.000
10, 0.329, 11, 0.671, 9750.001, 0.88, Velocity, 0, 0, 0, 0.880, 1.000
10, 0.316, 11, 0.684, 9766.667, 0.878, Velocity, 0, 0, 0, 0.878, 1.000
10, 0.303, 11, 0.697, 9783.334, 0.879, Velocity, 0, 0, 0, 0.879, 1.000
10, 0.290, 11, 0.710, 9800.000, 0.88, Velocity, 0, 0, 0, 0.880, 1.000
10, 0.276, 11, 0.724, 9816.668, 0.878, Velocity, 0, 0, 0, 0.878, 1.000
10, 0.263, 11, 0.737, 9833.334, 0.88, Velocity, 0, 0, 0, 0.880, 1.000
10, 0.248, 11, 0.752, 9850.000, 0.879, Velocity, 0, 0, 0, 0.879, 1.000
10, 0.233, 11, 0.767, 9866.667, 0.88, Velocity, 0, 0, 0, 0.880, 1.000
10, 0.217, 11, 0.783, 9883.334, 0.88, Velocity, 0, 0, 0, 0.880, 1.000
10, 0.200, 11, 0.800, 9900.001, 0.88, Velocity, 0, 0, 0, 0.880, 1.000
10, 0.181, 11, 0.819, 9916.667, 0.88, Velocity, 0, 0, 0, 0.880, 1.000
10, 0.161, 11, 0.839, 9933.333, 0.88, Velocity, 0, 0, 0, 0.880, 1.000
10, 0.139, 11, 0.861, 9950.001, 0.88, Velocity, 0, 0, 0, 0.880, 1.000
10, 0.113, 11, 0.887, 9966.667, 0.88, Velocity, 0, 0, 0, 0.880, 1.000
10, 0.079, 11, 0.921, 9983.334, 0.88, Velocity, 0, 0, 0, 0.880, 1.000
11, 0.999, 12, 0.001, 10000.000, 0.878, Velocity, 0, 0, 0, 0.878, 1.000
11, 0.921, 12, 0.079, 10016.670, 0.878, Velocity, 0, 0, 0, 0.878, 1.000
11, 0.887, 12, 0.113, 10033.330, 0.88, Velocity, 0, 0, 0, 0.880, 1.000
11, 0.861, 12, 0.139, 10050.000, 0.88, Velocity, 0, 0, 0, 0.880, 1.000
11, 0.839, 12, 0.161, 10066.670, 0.878, Velocity, 0, 0, 0, 0.878, 1.000
11, 0.819, 12, 0.181, 10083.330, 0.879, Velocity, 0, 0, 0, 0.879, 1.000
11, 0.801, 12, 0.199, 10100.000, 0.877, Velocity, 0, 0, 0, 0.877, 1.000
11, 0.784, 12, 0.216, 10116.670, 0.878, Velocity, 0, 0, 0, 0.878, 1.000
11, 0.767, 12, 0.233, 10133.330, 0.88, Velocity, 0, 0, 0, 0.880, 1.000
11, 0.753, 12, 0.247, 10150.000, 0.877, Velocity, 0, 0, 0, 0.877, 1.000
11, 0.738, 12, 0.262, 10166.670, 0.876, Velocity, 0, 0, 0, 0.876, 1.000
11, 0.723, 12, 0.277, 10183.330, 0.879, Velocity, 0, 0, 0, 0.879, 1.000
11, 0.710, 12, 0.290, 10200.000, 0.877, Velocity, 0, 0, 0, 0.877, 1.000
11, 0.696, 12, 0.304, 10216.670, 0.88, Velocity, 0, 0, 0, 0.880, 1.000
11, 0.684, 12, 0.316, 10233.330, 0.878, Velocity, 0, 0, 0, 0.878, 1.000
11, 0.671, 12, 0.329, 10250.000, 0.878, Velocity, 0, 0, 0, 0.878, 1.000
11, 0.659, 12, 0.341, 10266.670, 0.879, Velocity, 0, 0, 0, 0.879, 1.000
11, 0.646, 12, 0.354, 10283.330, 0.881, Velocity, 0, 0, 0, 0.881, 1.000
11, 0.635, 12, 0.365, 10300.000, 0.879, Velocity, 0, 0, 0, 0.879, 1.000
11, 0.623, 12, 0.377, 10316.670, 0.879, Velocity, 0, 0, 0, 0.879, 1.000
11, 0.611, 12, 0.389, 10333.330, 0.878, Velocity, 0, 0, 0, 0.878, 1.000
11, 0.600, 12, 0.400, 10350.000, 0.878, Velocity, 0, 0, 0, 0.878, 1.000
11, 0.588, 12, 0.412, 10366.670, 0.879, Velocity, 0, 0, 0, 0.879, 1.000
11, 0.577, 12, 0.423, 10383.330, 0.881, Velocity, 0, 0, 0, 0.881, 1.000
11, 0.566, 12, 0.434, 10400.000, 0.88, Velocity, 0, 0, 0, 0.880, 1.000
11, 0.555, 12, 0.445, 10416.670, 0.88, Velocity, 0, 0, 0, 0.880, 1.000
11, 0.544, 12, 0.456, 10433.330, 0.879, Velocity, 0, 0, 0, 0.879, 1.000
11, 0.533, 12, 0.467, 10450.000, 0.879, Velocity, 0, 0, 0, 0.879, 1.000
11, 0.522, 12, 0.478, 10466.670, 0.879, Velocity, 0, 0, 0, 0.879, 1.000
11, 0.511, 12, 0.489, 10483.330, 0.879, Velocity, 0, 0, 0, 0.879, 1.000
11, 0.500, 12, 0.500, 10500.000, 0.88, Velocity, 0, 0, 0, 0.880, 1.000
11, 0.489, 12, 0.511, 10516.670, 0.878, Velocity, 0, 0, 0, 0.878, 1.000
11, 0.478, 12, 0.522, 10533.330, 0.877, Velocity, 0, 0, 0, 0.877, 1.000
11, 0.467, 12, 0.533, 10550.000, 0.878, Velocity, 0, 0, 0, 0.878, 1.000
11, 0.456, 12, 0.544, 10566.670, 0.878, Velocity, 0, 0, 0, 0.878, 1.000
11, 0.445, 12, 0.555, 10583.330, 0.877, Velocity, 0, 0, 0, 0.877, 1.000
11, 0.434, 12, 0.566, 10600.000, 0.878, Velocity, 0, 0, 0, 0.878, 1.000
11, 0.423, 12, 0.577, 10616.670, 0.879, Velocity, 0, 0, 0, 0.879, 1.000
11, 0.411, 12, 0.589, 10633.330, 0.878, Velocity, 0, 0, 0, 0.878, 1.000
11, 0.400, 12, 0.600, 10650.000, 0.879, Velocity, 0, 0, 0, 0.879, 1.000
11, 0.389, 12, 0.611, 10666.670, 0.878, Velocity, 0, 0, 0, 0.878, 1.000
11, 0.377, 12, 0.623, 10683.330, 0.878, Velocity, 0, 0, 0, 0.878, 1.000
11, 0.366, 12, 0.634, 10700.000, 0.881, Velocity, 0, 0, 0, 0.881, 1.000
11, 0.353, 12, 0.647, 10716.670, 0.878, Velocity, 0, 0, 0, 0.878, 1.000
11, 0.342, 12, 0.658, 10733.330, 0.88, Velocity, 0, 0, 0, 0.880, 1.000
11, 0.329, 12, 0.671, 10750.000, 0.881, Velocity, 0, 0, 0, 0.881, 1.000
11, 0.317, 12, 0.683, 10766.670, 0.881, Velocity, 0, 0, 0, 0.881, 1.000
11, 0.304, 12, 0.696, 10783.330, 0.881, Velocity, 0, 0, 0, 0.881, 1.000
11, 0.290, 12, 0.710, 10800.000, 0.88, Velocity, 0, 0, 0, 0.880, 1.000
11, 0.277, 12, 0.723, 10816.670, 0.881, Velocity, 0, 0, 0, 0.881, 1.000
11, 0.263, 12, 0.737, 10833.330, 0.88, Velocity, 0, 0, 0, 0.880, 1.000
11, 0.248, 12, 0.752, 10850.000, 0.879, Velocity, 0, 0, 0, 0.879, 1.000
11, 0.232, 12, 0.768, 10866.670, 0.878, Velocity, 0, 0, 0, 0.878, 1.000
11, 0.217, 12, 0.783, 10883.330, 0.88, Velocity, 0, 0, 0, 0.880, 1.000
11, 0.199, 12, 0.801, 10900.000, 0.878, Velocity, 0, 0, 0, 0.878, 1.000
11, 0.181, 12, 0.819, 10916.670, 0.878, Velocity, 0, 0, 0, 0.878, 1.000
11, 0.161, 12, 0.839, 10933.330, 0.879, Velocity, 0, 0, 0, 0.879, 1.000
11, 0.139, 12, 0.861, 10950.000, 0.879, Velocity, 0, 0, 0, 0.879, 1.000
11, 0.112, 12, 0.888, 10966.670, 0.879, Velocity, 0, 0, 0, 0.879, 1.000
11, 0.079, 12, 0.921, 10983.330, 0.878, Velocity, 0, 0, 0, 0.878, 1.000
12, 0.999, 13, 0.001, 11000.000, 0.88, Velocity, 0, 0, 0, 0.880, 1.000
12, 0.921, 13, 0.079, 11016.670, 0.878, Velocity, 0, 0, 0, 0.878, 1.000
12, 0.888, 13, 0.112, 11033.330, 0.878, Velocity, 0, 0, 0, 0.878, 1.000
12, 0.861, 13, 0.139, 11050.000, 0.879, Velocity, 0, 0, 0, 0.879, 1.000
12, 0.839, 13, 0.161, 11066.670, 0.878, Velocity, 0, 0, 0, 0.878, 1.000
12, 0.819, 13, 0.181, 11083.330, 0.879, Velocity, 0, 0, 0, 0.879, 1.000
12, 0.801, 13, 0.199, 11100.000, 0.878, Velocity, 0, 0, 0, 0.878, 1.000
12, 0.784, 13, 0.216, 11116.670, 0.878, Velocity, 0, 0, 0, 0.878, 1.000
12, 0.768, 13, 0.232, 11133.330, 0.878, Velocity, 0, 0, 0, 0.878, 1.000
12, 0.752, 13, 0.248, 11150.000, 0.88, Velocity, 0, 0, 0, 0.880, 1.000
12, 0.738, 13, 0.262, 11166.670, 0.878, Velocity, 0, 0, 0, 0.878, 1.000
12, 0.723, 13, 0.277, 11183.330, 0.879, Velocity, 0, 0, 0, 0.879, 1.000
12, 0.710, 13, 0.290, 11200.000, 0.879, Velocity, 0, 0, 0, 0.879, 1.000
12, 0.697, 13, 0.303, 11216.670, 0.878, Velocity, 0, 0, 0, 0.878, 1.000
12, 0.685, 13, 0.315, 11233.330, 0.875, Velocity, 0, 0, 0, 0.875, 1.000
12, 0.673, 13, 0.327, 11250.000, 0.87, Velocity, 0, 0, 0, 0.870, 1.000
12, 0.661, 13, 0.339, 11266.670, 0.868, Velocity, 0, 0, 0, 0.868, 1.000
12, 0.651, 13, 0.349, 11283.330, 0.857, Velocity, 0, 0, 0, 0.857, 1.000
12, 0.640, 13, 0.360, 11300.000, 0.85, Velocity, 0, 0, 0, 0.850, 1.000
12, 0.630, 13, 0.370, 11316.670, 0.834, Velocity, 0, 0, 0, 0.834, 1.000
12, 0.619, 13, 0.381, 11333.330, 0.826, Velocity, 0, 0, 0, 0.826, 1.000
12, 0.609, 13, 0.391, 11350.000, 0.809, Velocity, 0, 0, 0, 0.809, 1.000
12, 0.598, 13, 0.402, 11366.670, 0.799, Velocity, 0, 0, 0, 0.799, 1.000
12, 0.587, 13, 0.413, 11383.330, 0.786, Velocity, 0, 0, 0, 0.786, 1.000
12, 0.575, 13, 0.425, 11400.000, 0.776, Velocity, 0, 0, 0, 0.776, 1.000
12, 0.563, 13, 0.437, 11416.670, 0.768, Velocity, 0, 0, 0, 0.768, 1.000
12, 0.551, 13, 0.449, 11433.330, 0.762, Velocity, 0, 0, 0, 0.762, 1.000
12, 0.539, 13, 0.461, 11450.000, 0.746, Velocity, 0, 0, 0, 0.746, 1.000
12, 0.526, 13, 0.474, 11466.670, 0.739, Velocity, 0, 0, 0, 0.739, 1.000
12, 0.513, 13, 0.487, 11483.330, 0.732, Velocity, 0, 0, 0, 0.732, 1.000
12, 0.500, 13, 0.500, 11500.000, 0.72, Velocity, 0, 0, 0, 0.720, 1.000
12, 0.487, 13, 0.513, 11516.670, 0.711, Velocity, 0, 0, 0, 0.711, 1.000
12, 0.473, 13, 0.527, 11533.330, 0.707, Velocity, 0, 0, 0, 0.707, 1.000
12, 0.459, 13, 0.541, 11550.000, 0.702, Velocity, 0, 0, 0, 0.702, 1.000
12, 0.445, 13, 0.555, 11566.670, 0.694, Velocity, 0, 0, 0, 0.694, 1.000
12, 0.431, 13, 0.569, 11583.330, 0.693, Velocity, 0, 0, 0, 0.693, 1.000
12, 0.417, 13, 0.583, 11600.000, 0.69, Velocity, 0, 0, 0, 0.690, 1.000
12, 0.403, 13, 0.597, 11616.670, 0.686, Velocity, 0, 0, 0, 0.686, 1.000
12, 0.388, 13, 0.612, 11633.330, 0.68, Velocity, 0, 0, 0, 0.680, 1.000
12, 0.373, 13, 0.627, 11650.000, 0.675, Velocity, 0, 0, 0, 0.675, 1.000
12, 0.358, 13, 0.642, 11666.670, 0.67, Velocity, 0, 0, 0, 0.670, 1.000
12, 0.343, 13, 0.657, 11683.330, 0.662, Velocity, 0, 0, 0, 0.662, 1.000
12, 0.327, 13, 0.673, 11700.000, 0.659, Velocity, 0, 0, 0, 0.659, 1.000
12, 0.312, 13, 0.688, 11716.670, 0.654, Velocity, 0, 0, 0, 0.654, 1.000
12, 0.297, 13, 0.703, 11733.330, 0.652, Velocity, 0, 0, 0, 0.652, 1.000
12, 0.282, 13, 0.718, 11750.000, 0.652, Velocity, 0, 0, 0, 0.652, 1.000
12, 0.267, 13, 0.733, 11766.670, 0.652, Velocity, 0, 0, 0, 0.652, 1.000
12, 0.251, 13, 0.749, 11783.330, 0.651, Velocity, 0, 0, 0, 0.651, 1.000
12, 0.236, 13, 0.764, 11800.000, 0.652, Velocity, 0, 0, 0, 0.652, 1.000
12, 0.220, 13, 0.780, 11816.670, 0.651, Velocity, 0, 0, 0, 0.651, 1.000
12, 0.205, 13, 0.795, 11833.330, 0.653, Velocity, 0, 0, 0, 0.653, 1.000
12, 0.189, 13, 0.811, 11850.000, 0.652, Velocity, 0, 0, 0, 0.652, 1.000
12, 0.173, 13, 0.827, 11866.670, 0.651, Velocity, 0, 0, 0, 0.651, 1.000
12, 0.157, 13, 0.843, 11883.330, 0.652, Velocity, 0, 0, 0, 0.652, 1.000
12, 0.140, 13, 0.860, 11900.000, 0.652, Velocity, 0, 0, 0, 0.652, 1.000
12, 0.123, 13, 0.877, 11916.670, 0.653, Velocity, 0, 0, 0, 0.653, 1.000
12, 0.105, 13, 0.895, 11933.330, 0.652, Velocity, 0, 0, 0, 0.652, 1.000
12, 0.086, 13, 0.914, 11950.000, 0.652, Velocity, 0, 0, 0, 0.652, 1.000
12, 0.065, 13, 0.935, 11966.670, 0.651, Velocity, 0, 0, 0, 0.651, 1.000
12, 0.041, 13, 0.959, 11983.330, 0.651, Velocity, 0, 0, 0, 0.651, 1.000
13, 1.000, 14, 0.000, 12000.000, 0.652, Velocity, 0, 0, 0, 0.652, 1.000
13, 0.958, 14, 0.042, 12016.670, 0.652, Velocity, 0, 0, 0, 0.652, 1.000
13, 0.935, 14, 0.065, 12033.330, 0.652, Velocity, 0, 0, 0, 0.652, 1.000
13, 0.914, 14, 0.086, 12050.000, 0.652, Velocity, 0, 0, 0, 0.652, 1.000
13, 0.896, 14, 0.104, 12066.670, 0.651, Velocity, 0, 0, 0, 0.651, 1.000
13, 0.878, 14, 0.122, 12083.330, 0.651, Velocity, 0, 0, 0, 0.651, 1.000
13, 0.860, 14, 0.140, 12100.000, 0.652, Velocity, 0, 0, 0, 0.652, 1.000
13, 0.843, 14, 0.157, 12116.670, 0.652, Velocity, 0, 0, 0, 0.652, 1.000
13, 0.827, 14, 0.173, 12133.330, 0.652, Velocity, 0, 0, 0, 0.652, 1.000
13, 0.811, 14, 0.189, 12150.000, 0.652, Velocity, 0, 0, 0, 0.652, 1.000
13, 0.795, 14, 0.205, 12166.670, 0.652, Velocity, 0, 0, 0, 0.652, 1.000
13, 0.779, 14, 0.221, 12183.330, 0.653, Velocity, 0, 0, 0, 0.653, 1.000
13, 0.764, 14, 0.236, 12200.000, 0.652, Velocity, 0, 0, 0, 0.652, 1.000
13, 0.749, 14, 0.251, 12216.670, 0.652, Velocity, 0, 0, 0, 0.652, 1.000
13, 0.733, 14, 0.267, 12233.330, 0.652, Velocity, 0, 0, 0, 0.652, 1.000
13, 0.718, 14, 0.282, 12250.000, 0.653, Velocity, 0, 0, 0, 0.653, 1.000
13, 0.703, 14, 0.297, 12266.670, 0.653, Velocity, 0, 0, 0, 0.653, 1.000
13, 0.689, 14, 0.311, 12283.330, 0.652, Velocity, 0, 0, 0, 0.652, 1.000
13, 0.674, 14, 0.326, 12300.000, 0.652, Velocity, 0, 0, 0, 0.652, 1.000
13, 0.659, 14, 0.341, 12316.670, 0.652, Velocity, 0, 0, 0, 0.652, 1.000
13, 0.645, 14, 0.355, 12333.330, 0.651, Velocity, 0, 0, 0, 0.651, 1.000
13, 0.630, 14, 0.370, 12350.000, 0.651, Velocity, 0, 0, 0, 0.651, 1.000
13, 0.615, 14, 0.385, 12366.670, 0.652, Velocity, 0, 0, 0, 0.652, 1.000
13, 0.601, 14, 0.399, 12383.330, 0.651, Velocity, 0, 0, 0, 0.651, 1.000
13, 0.586, 14, 0.414, 12400.000, 0.652, Velocity, 0, 0, 0, 0.652, 1.000
13, 0.572, 14, 0.428, 12416.670, 0.651, Velocity, 0, 0, 0, 0.651, 1.000
13, 0.558, 14, 0.442, 12433.330, 0.652, Velocity, 0, 0, 0, 0.652, 1.000
13, 0.543, 14, 0.457, 12450.000, 0.652, Velocity, 0, 0, 0, 0.652, 1.000
13, 0.529, 14, 0.471, 12466.670, 0.652, Velocity, 0, 0, 0, 0.652, 1.000
13, 0.514, 14, 0.486, 12483.330, 0.653, Velocity, 0, 0, 0, 0.653, 1.000
13, 0.500, 14, 0.500, 12500.000, 0.652, Velocity, 0, 0, 0, 0.652, 1.000
13, 0.486, 14, 0.514, 12516.670, 0.652, Velocity, 0, 0, 0, 0.652, 1.000
13, 0.471, 14, 0.529, 12533.330, 0.651, Velocity, 0, 0, 0, 0.651, 1.000
13, 0.457, 14, 0.543, 12550.000, 0.652, Velocity, 0, 0, 0, 0.652, 1.000
13, 0.442, 14, 0.558, 12566.670, 0.652, Velocity, 0, 0, 0, 0.652, 1.000
13, 0.428, 14, 0.572, 12583.330, 0.651, Velocity, 0, 0, 0, 0.651, 1.000
13, 0.414, 14, 0.586, 12600.000, 0.652, Velocity, 0, 0, 0, 0.652, 1.000
13, 0.399, 14, 0.601, 12616.670, 0.652, Velocity, 0, 0, 0, 0.652, 1.000
13, 0.385, 14, 0.615, 12633.330, 0.651, Velocity, 0, 0, 0, 0.651, 1.000
13, 0.370, 14, 0.630, 12650.000, 0.652, Velocity, 0, 0, 0, 0.652, 1.000
13, 0.356, 14, 0.644, 12666.670, 0.652, Velocity, 0, 0, 0, 0.652, 1.000
13, 0.341, 14, 0.659, 12683.330, 0.652, Velocity, 0, 0, 0, 0.652, 1.000
13, 0.326, 14, 0.674, 12700.000, 0.652, Velocity, 0, 0, 0, 0.652, 1.000
13, 0.311, 14, 0.689, 12716.670, 0.652, Velocity, 0, 0, 0, 0.652, 1.000
13, 0.297, 14, 0.703, 12733.330, 0.652, Velocity, 0, 0, 0, 0.652, 1.000
13, 0.282, 14, 0.718, 12750.000, 0.652, Velocity, 0, 0, 0, 0.652, 1.000
13, 0.267, 14, 0.733, 12766.670, 0.652, Velocity, 0, 0, 0, 0.652, 1.000
13, 0.251, 14, 0.749, 12783.330, 0.652, Velocity, 0, 0, 0, 0.652, 1.000
13, 0.236, 14, 0.764, 12800.000, 0.652, Velocity, 0, 0, 0, 0.652, 1.000
13, 0.221, 14, 0.779, 12816.670, 0.652, Velocity, 0, 0, 0, 0.652, 1.000
13, 0.205, 14, 0.795, 12833.330, 0.653, Velocity, 0, 0, 0, 0.653, 1.000
13, 0.189, 14, 0.811, 12850.000, 0.651, Velocity, 0, 0, 0, 0.651, 1.000
13, 0.173, 14, 0.827, 12866.670, 0.653, Velocity, 0, 0, 0, 0.653, 1.000
13, 0.157, 14, 0.843, 12883.330, 0.653, Velocity, 0, 0, 0, 0.653, 1.000
13, 0.140, 14, 0.860, 12900.000, 0.653, Velocity, 0, 0, 0, 0.653, 1.000
13, 0.123, 14, 0.877, 12916.670, 0.653, Velocity, 0, 0, 0, 0.653, 1.000
13, 0.105, 14, 0.895, 12933.330, 0.653, Velocity, 0, 0, 0, 0.653, 1.000
13, 0.086, 14, 0.914, 12950.000, 0.653, Velocity, 0, 0, 0, 0.653, 1.000
13, 0.065, 14, 0.935, 12966.670, 0.652, Velocity, 0, 0, 0, 0.652, 1.000
13, 0.041, 14, 0.959, 12983.330, 0.651, Velocity, 0, 0, 0, 0.651, 1.000
14, 1.000, 15, 0.000, 13000.000, 0.653, Velocity, 0, 0, 0, 0.653, 1.000
14, 0.958, 15, 0.042, 13016.670, 0.653, Velocity, 0, 0, 0, 0.653, 1.000
14, 0.935, 15, 0.065, 13033.330, 0.652, Velocity, 0, 0, 0, 0.652, 1.000
14, 0.914, 15, 0.086, 13050.000, 0.652, Velocity, 0, 0, 0, 0.652, 1.000
14, 0.896, 15, 0.104, 13066.670, 0.651, Velocity, 0, 0, 0, 0.651, 1.000
14, 0.877, 15, 0.123, 13083.330, 0.652, Velocity, 0, 0, 0, 0.652, 1.000
14, 0.860, 15, 0.140, 13100.000, 0.652, Velocity, 0, 0, 0, 0.652, 1.000
14, 0.843, 15, 0.157, 13116.670, 0.652, Velocity, 0, 0, 0, 0.652, 1.000
14, 0.827, 15, 0.173, 13133.330, 0.653, Velocity, 0, 0, 0, 0.653, 1.000
14, 0.811, 15, 0.189, 13150.000, 0.651, Velocity, 0, 0, 0, 0.651, 1.000
14, 0.795, 15, 0.205, 13166.670, 0.65, Velocity, 0, 0, 0, 0.650, 1.000
14, 0.782, 15, 0.218, 13183.330, 0.64, Velocity, 0, 0, 0, 0.640, 1.000
14, 0.768, 15, 0.232, 13200.000, 0.634, Velocity, 0, 0, 0, 0.634, 1.000
14, 0.757, 15, 0.243, 13216.670, 0.613, Velocity, 0, 0, 0, 0.613, 1.000
14, 0.745, 15, 0.255, 13233.330, 0.6, Velocity, 0, 0, 0, 0.600, 1.000
14, 0.736, 15, 0.264, 13250.000, 0.569, Velocity, 0, 0, 0, 0.569, 1.000
14, 0.723, 15, 0.277, 13266.670, 0.553, Velocity, 0, 0, 0, 0.553, 1.000
14, 0.712, 15, 0.288, 13283.330, 0.524, Velocity, 0, 0, 0, 0.524, 1.000
14, 0.699, 15, 0.301, 13300.000, 0.508, Velocity, 0, 0, 0, 0.508, 1.000
14, 0.753, 15, 0.247, 13316.670, 0.466, Velocity, 0, 0, 0, 0.466, 1.000
14, 0.733, 15, 0.267, 13333.330, 0.45, Velocity, 0, 0, 0, 0.450, 1.000
14, 0.714, 15, 0.286, 13350.000, 0.423, Velocity, 0, 0, 0, 0.423, 1.000
14, 0.692, 15, 0.308, 13366.670, 0.411, Velocity, 0, 0, 0, 0.411, 1.000
14, 0.670, 15, 0.330, 13383.330, 0.396, Velocity, 0, 0, 0, 0.396, 1.000
14, 0.648, 15, 0.352, 13400.000, 0.375, Velocity, 0, 0, 0, 0.375, 1.000
14, 0.624, 15, 0.376, 13416.670, 0.358, Velocity, 0, 0, 0, 0.358, 1.000
14, 0.600, 15, 0.400, 13433.330, 0.347, Velocity, 0, 0, 0, 0.347, 1.000
14, 0.576, 15, 0.424, 13450.000, 0.343, Velocity, 0, 0, 0, 0.343, 1.000
14, 0.551, 15, 0.449, 13466.670, 0.337, Velocity, 0, 0, 0, 0.337, 1.000
14, 0.525, 15, 0.475, 13483.330, 0.335, Velocity, 0, 0, 0, 0.335, 1.000
14, 0.500, 15, 0.500, 13500.000, 0.333, Velocity, 0, 0, 0, 0.333, 1.000
14, 0.475, 15, 0.525, 13516.670, 0.332, Velocity, 0, 0, 0, 0.332, 1.000
14, 0.449, 15, 0.551, 13533.330, 0.332, Velocity, 0, 0, 0, 0.332, 1.000
14, 0.424, 15, 0.576, 13550.000, 0.333, Velocity, 0, 0, 0, 0.333, 1.000
14, 0.399, 15, 0.601, 13566.670, 0.333, Velocity, 0, 0, 0, 0.333, 1.000
14, 0.374, 15, 0.626, 13583.330, 0.333, Velocity, 0, 0, 0, 0.333, 1.000
14, 0.350, 15, 0.650, 13600.000, 0.334, Velocity, 0, 0, 0, 0.334, 1.000
14, 0.326, 15, 0.674, 13616.670, 0.334, Velocity, 0, 0, 0, 0.334, 1.000
14, 0.302, 15, 0.698, 13633.330, 0.333, Velocity, 0, 0, 0, 0.333, 1.000
14, 0.279, 15, 0.721, 13650.000, 0.333, Velocity, 0, 0, 0, 0.333, 1.000
14, 0.257, 15, 0.743, 13666.670, 0.333, Velocity, 0, 0, 0, 0.333, 1.000
14, 0.235, 15, 0.765, 13683.330, 0.333, Velocity, 0, 0, 0, 0.333, 1.000
14, 0.214, 15, 0.786, 13700.000, 0.333, Velocity, 0, 0, 0, 0.333, 1.000
14, 0.193, 15, 0.807, 13716.670, 0.333, Velocity, 0, 0, 0, 0.333, 1.000
14, 0.174, 15, 0.826, 13733.330, 0.333, Velocity, 0, 0, 0, 0.333, 1.000
14, 0.155, 15, 0.845, 13750.000, 0.333, Velocity, 0, 0, 0, 0.333, 1.000
14, 0.137, 15, 0.863, 13766.670, 0.334, Velocity, 0, 0, 0, 0.334, 1.000
14, 0.120, 15, 0.880, 13783.330, 0.333, Velocity, 0, 0, 0, 0.333, 1.000
14, 0.104, 15, 0.896, 13800.000, 0.333, Velocity, 0, 0, 0, 0.333, 1.000
14, 0.089, 15, 0.911, 13816.670, 0.333, Velocity, 0, 0, 0, 0.333, 1.000
14, 0.075, 15, 0.925, 13833.330, 0.333, Velocity, 0, 0, 0, 0.333, 1.000
14, 0.063, 15, 0.937, 13850.000, 0.334, Velocity, 0, 0, 0, 0.334, 1.000
14, 0.051, 15, 0.949, 13866.670, 0.334, Velocity, 0, 0, 0, 0.334, 1.000
14, 0.040, 15, 0.960, 13883.330, 0.333, Velocity, 0, 0, 0, 0.333, 1.000
14, 0.031, 15, 0.969, 13900.000, 0.333, Velocity, 0, 0, 0, 0.333, 1.000
14, 0.023, 15, 0.977, 13916.670, 0.334, Velocity, 0, 0, 0, 0.334, 1.000
14, 0.016, 15, 0.984, 13933.330, 0.334, Velocity, 0, 0, 0, 0.334, 1.000
14, 0.010, 15, 0.990, 13950.000, 0.334, Velocity, 0, 0, 0, 0.334, 1.000
14, 0.005, 15, 0.995, 13966.670, 0.333, Velocity, 0, 0, 0, 0.333, 1.000
14, 0.002, 15, 0.998, 13983.330, 0.334, Velocity, 0, 0, 0, 0.334, 1.000
15, 1.000, 16, 0.000, 14000.000, 0.333, Velocity, 0, 0, 0, 0.333, 1.000
15, 0.998, 16, 0.002, 14016.670, 0.333, Velocity, 0, 0, 0, 0.333, 1.000
15, 0.995, 16, 0.005, 14033.330, 0.333, Velocity, 0, 0, 0, 0.333, 1.000
15, 0.990, 16, 0.010, 14050.000, 0.333, Velocity, 0, 0, 0, 0.333, 1.000
15, 0.984, 16, 0.016, 14066.670, 0.333, Velocity, 0, 0, 0, 0.333, 1.000
15, 0.977, 16, 0.023, 14083.330, 0.333, Velocity, 0, 0, 0, 0.333, 1.000
15, 0.969, 16, 0.031, 14100.000, 0.333, Velocity, 0, 0, 0, 0.333, 1.000
15, 0.960, 16, 0.040, 14116.670, 0.333, Velocity, 0, 0, 0, 0.333, 1.000
15, 0.949, 16, 0.051, 14133.330, 0.333, Velocity, 0, 0, 0, 0.333, 1.000
15, 0.938, 16, 0.062, 14150.000, 0.333, Velocity, 0, 0, 0, 0.333, 1.000
15, 0.925, 16, 0.075, 14166.670, 0.333, Velocity, 0, 0, 0, 0.333, 1.000
15, 0.911, 16, 0.089, 14183.330, 0.333, Velocity, 0, 0, 0, 0.333, 1.000
15, 0.896, 16, 0.104, 14200.000, 0.333, Velocity, 0, 0, 0, 0.333, 1.000
15, 0.880, 16, 0.120, 14216.670, 0.333, Velocity, 0, 0, 0, 0.333, 1.000
15, 0.863, 16, 0.137, 14233.330, 0.333, Velocity, 0, 0, 0, 0.333, 1.000
15, 0.845, 16, 0.155, 14250.000, 0.333, Velocity, 0, 0, 0, 0.333, 1.000
15, 0.826, 16, 0.174, 14266.670, 0.333, Velocity, 0, 0, 0, 0.333, 1.000
15, 0.807, 16, 0.193, 14283.330, 0.333, Velocity, 0, 0, 0, 0.333, 1.000
15, 0.786, 16, 0.214, 14300.000, 0.333, Velocity, 0, 0, 0, 0.333, 1.000
15, 0.765, 16, 0.235, 14316.670, 0.333, Velocity, 0, 0, 0, 0.333, 1.000
15, 0.743, 16, 0.257, 14333.330, 0.333, Velocity, 0, 0, 0, 0.333, 1.000
15, 0.721, 16, 0.279, 14350.000, 0.333, Velocity, 0, 0, 0, 0.333, 1.000
15, 0.698, 16, 0.302, 14366.670, 0.333, Velocity, 0, 0, 0, 0.333, 1.000
15, 0.674, 16, 0.326, 14383.330, 0.333, Velocity, 0, 0, 0, 0.333, 1.000
15, 0.650, 16, 0.350, 14400.000, 0.333, Velocity, 0, 0, 0, 0.333, 1.000
15, 0.626, 16, 0.374, 14416.670, 0.333, Velocity, 0, 0, 0, 0.333, 1.000
15, 0.601, 16, 0.399, 14433.330, 0.333, Velocity, 0, 0, 0, 0.333, 1.000
15, 0.576, 16, 0.424, 14450.000, 0.333, Velocity, 0, 0, 0, 0.333, 1.000
15, 0.551, 16, 0.449, 14466.670, 0.333, Velocity, 0, 0, 0, 0.333, 1.000
15, 0.525, 16, 0.475, 14483.330, 0.333, Velocity, 0, 0, 0, 0.333, 1.000
15, 0.500, 16, 0.500, 14500.000, 0.333, Velocity, 0, 0, 0, 0.333, 1.000
15, 0.475, 16, 0.525, 14516.670, 0.333, Velocity, 0, 0, 0, 0.333, 1.000
15, 0.449, 16, 0.551, 14533.330, 0.333, Velocity, 0, 0, 0, 0.333, 1.000
15, 0.424, 16, 0.576, 14550.000, 0.333, Velocity, 0, 0, 0, 0.333, 1.000
15, 0.399, 16, 0.601, 14566.670, 0.333, Velocity, 0, 0, 0, 0.333, 1.000
15, 0.374, 16, 0.626, 14583.330, 0.334, Velocity, 0, 0, 0, 0.334, 1.000
15, 0.350, 16, 0.650, 14600.000, 0.334, Velocity, 0, 0, 0, 0.334, 1.000
15, 0.326, 16, 0.674, 14616.670, 0.333, Velocity, 0, 0, 0, 0.333, 1.000
15, 0.302, 16, 0.698, 14633.330, 0.333, Velocity, 0, 0, 0, 0.333, 1.000
15, 0.279, 16, 0.721, 14650.000, 0.332, Velocity, 0, 0, 0, 0.332, 1.000
15, 0.257, 16, 0.743, 14666.670, 0.333, Velocity, 0, 0, 0, 0.333, 1.000
15, 0.235, 16, 0.765, 14683.330, 0.333, Velocity, 0, 0, 0, 0.333, 1.000
15, 0.214, 16, 0.786, 14700.000, 0.333, Velocity, 0, 0, 0, 0.333, 1.000
15, 0.194, 16, 0.806, 14716.670, 0.335, Velocity, 0, 0, 0, 0.335, 1.000
15, 0.174, 16, 0.826, 14733.330, 0.337, Velocity, 0, 0, 0, 0.337, 1.000
15, 0.156, 16, 0.844, 14750.000, 0.34, Velocity, 0, 0, 0, 0.340, 1.000
15, 0.139, 16, 0.861, 14766.670, 0.355, Velocity, 0, 0, 0, 0.355, 1.000
15, 0.123, 16, 0.877, 14783.330, 0.364, Velocity, 0, 0, 0, 0.364, 1.000
15, 0.109, 16, 0.891, 14800.000, 0.379, Velocity, 0, 0, 0, 0.379, 1.000
15, 0.096, 16, 0.904, 14816.670, 0.397, Velocity, 0, 0, 0, 0.397, 1.000
15, 0.083, 16, 0.917, 14833.330, 0.407, Velocity, 0, 0, 0, 0.407, 1.000
15, 0.070, 16, 0.930, 14850.000, 0.417, Velocity, 0, 0, 0, 0.417, 1.000
15, 0.060, 16, 0.940, 14866.670, 0.438, Velocity, 0, 0, 0, 0.438, 1.000
15, 0.050, 16, 0.950, 14883.330, 0.448, Velocity, 0, 0, 0, 0.448, 1.000
15, 0.042, 16, 0.958, 14900.000, 0.479, Velocity, 0, 0, 0, 0.479, 1.000
15, 0.084, 16, 0.916, 14916.670, 0.502, Velocity, 0, 0, 0, 0.502, 1.000
15, 0.070, 16, 0.930, 14933.330, 0.512, Velocity, 0, 0, 0, 0.512, 1.000
15, 0.055, 16, 0.945, 14950.000, 0.522, Velocity, 0, 0, 0, 0.522, 1.000
15, 0.042, 16, 0.958, 14966.670, 0.543, Velocity, 0, 0, 0, 0.543, 1.000
15, 0.025, 16, 0.975, 14983.330, 0.549, Velocity, 0, 0, 0, 0.549, 1.000
16, 1.000, 17, 0.000, 15000.000, 0.565, Velocity, 0, 0, 0, 0.565, 1.000
16, 0.971, 17, 0.029, 15016.670, 0.576, Velocity, 0, 0, 0, 0.576, 1.000
16, 0.950, 17, 0.050, 15033.330, 0.581, Velocity, 0, 0, 0, 0.581, 1.000
16, 0.930, 17, 0.070, 15050.000, 0.585, Velocity, 0, 0, 0, 0.585, 1.000
16, 0.912, 17, 0.088, 15066.670, 0.585, Velocity, 0, 0, 0, 0.585, 1.000
16, 0.893, 17, 0.107, 15083.330, 0.593, Velocity, 0, 0, 0, 0.593, 1.000
16, 0.875, 17, 0.125, 15100.000, 0.595, Velocity, 0, 0, 0, 0.595, 1.000
16, 0.857, 17, 0.143, 15116.670, 0.601, Velocity, 0, 0, 0, 0.601, 1.000
16, 0.839, 17, 0.161, 15133.330, 0.604, Velocity, 0, 0, 0, 0.604, 1.000
16, 0.821, 17, 0.179, 15150.000, 0.611, Velocity, 0, 0, 0, 0.611, 1.000
16, 0.805, 17, 0.195, 15166.670, 0.613, Velocity, 0, 0, 0, 0.613, 1.000
16, 0.788, 17, 0.212, 15183.330, 0.618, Velocity, 0, 0, 0, 0.618, 1.000
16, 0.771, 17, 0.229, 15200.000, 0.62, Velocity, 0, 0, 0, 0.620, 1.000
16, 0.755, 17, 0.245, 15216.670, 0.625, Velocity, 0, 0, 0, 0.625, 1.000
16, 0.739, 17, 0.261, 15233.330, 0.627, Velocity, 0, 0, 0, 0.627, 1.000
16, 0.723, 17, 0.277, 15250.000, 0.631, Velocity, 0, 0, 0, 0.631, 1.000
16, 0.708, 17, 0.292, 15266.670, 0.631, Velocity, 0, 0, 0, 0.631, 1.000
16, 0.692, 17, 0.308, 15283.330, 0.634, Velocity, 0, 0, 0, 0.634, 1.000
16, 0.677, 17, 0.323, 15300.000, 0.636, Velocity, 0, 0, 0, 0.636, 1.000
16, 0.661, 17, 0.339, 15316.670, 0.637, Velocity, 0, 0, 0, 0.637, 1.000
16, 0.647, 17, 0.353, 15333.330, 0.636, Velocity, 0, 0, 0, 0.636, 1.000
16, 0.632, 17, 0.368, 15350.000, 0.637, Velocity, 0, 0, 0, 0.637, 1.000
16, 0.617, 17, 0.383, 15366.670, 0.637, Velocity, 0, 0, 0, 0.637, 1.000
16, 0.602, 17, 0.398, 15383.330, 0.637, Velocity, 0, 0, 0, 0.637, 1.000
16, 0.588, 17, 0.412, 15400.000, 0.636, Velocity, 0, 0, 0, 0.636, 1.000
16, 0.573, 17, 0.427, 15416.670, 0.636, Velocity, 0, 0, 0, 0.636, 1.000
16, 0.558, 17, 0.442, 15433.330, 0.637, Velocity, 0, 0, 0, 0.637, 1.000
16, 0.544, 17, 0.456, 15450.000, 0.637, Velocity, 0, 0, 0, 0.637, 1.000
16, 0.529, 17, 0.471, 15466.670, 0.637, Velocity, 0, 0, 0, 0.637, 1.000
16, 0.515, 17, 0.485, 15483.330, 0.637, Velocity, 0, 0, 0, 0.637, 1.000
16, 0.500, 17, 0.500, 15500.000, 0.636, Velocity, 0, 0, 0, 0.636, 1.000
16, 0.485, 17, 0.515, 15516.670, 0.637, Velocity, 0, 0, 0, 0.637, 1.000
16, 0.471, 17, 0.529, 15533.330, 0.637, Velocity, 0, 0, 0, 0.637, 1.000
16, 0.456, 17, 0.544, 15550.000, 0.637, Velocity, 0, 0, 0, 0.637, 1.000
16, 0.442, 17, 0.558, 15566.670, 0.637, Velocity, 0, 0, 0, 0.637, 1.000
16, 0.427, 17, 0.573, 15583.330, 0.637, Velocity, 0, 0, 0, 0.637, 1.000
16, 0.412, 17, 0.588, 15600.000, 0.637, Velocity, 0, 0, 0, 0.637, 1.000
16, 0.398, 17, 0.602, 15616.670, 0.636, Velocity, 0, 0, 0, 0.636, 1.000
16, 0.383, 17, 0.617, 15633.330, 0.636, Velocity, 0, 0, 0, 0.636, 1.000
16, 0.368, 17, 0.632, 15650.000, 0.636, Velocity, 0, 0, 0, 0.636, 1.000
16, 0.353, 17, 0.647, 15666.670, 0.637, Velocity, 0, 0, 0, 0.637, 1.000
16, 0.338, 17, 0.662, 15683.330, 0.636, Velocity, 0, 0, 0, 0.636, 1.000
16, 0.323, 17, 0.677, 15700.000, 0.636, Velocity, 0, 0, 0, 0.636, 1.000
16, 0.309, 17, 0.691, 15716.670, 0.637, Velocity, 0, 0, 0, 0.637, 1.000
16, 0.294, 17, 0.706, 15733.330, 0.637, Velocity, 0, 0, 0, 0.637, 1.000
16, 0.278, 17, 0.722, 15750.000, 0.636, Velocity, 0, 0, 0, 0.636, 1.000
16, 0.263, 17, 0.737, 15766.670, 0.635, Velocity, 0, 0, 0, 0.635, 1.000
16, 0.248, 17, 0.752, 15783.330, 0.636, Velocity, 0, 0, 0, 0.636, 1.000
16, 0.232, 17, 0.768, 15800.000, 0.636, Velocity, 0, 0, 0, 0.636, 1.000
16, 0.217, 17, 0.783, 15816.670, 0.636, Velocity, 0, 0, 0, 0.636, 1.000
16, 0.201, 17, 0.799, 15833.330, 0.637, Velocity, 0, 0, 0, 0.637, 1.000
16, 0.185, 17, 0.815, 15850.000, 0.636, Velocity, 0, 0, 0, 0.636, 1.000
16, 0.169, 17, 0.831, 15866.670, 0.636, Velocity, 0, 0, 0, 0.636, 1.000
16, 0.152, 17, 0.848, 15883.330, 0.636, Velocity, 0, 0, 0, 0.636, 1.000
16, 0.135, 17, 0.865, 15900.000, 0.635, Velocity, 0, 0, 0, 0.635, 1.000
16, 0.118, 17, 0.882, 15916.670, 0.635, Velocity, 0, 0, 0, 0.635, 1.000
16, 0.101, 17, 0.899, 15933.330, 0.636, Velocity, 0, 0, 0, 0.636, 1.000
16, 0.082, 17, 0.918, 15950.000, 0.636, Velocity, 0, 0, 0, 0.636, 1.000
16, 0.062, 17, 0.938, 15966.670, 0.635, Velocity, 0, 0, 0, 0.635, 1.000
16, 0.039, 17, 0.961, 15983.330, 0.636, Velocity, 0, 0, 0, 0.636, 1.000
17, 1.000, 18, 0.000, 16000.000, 0.635, Velocity, 0, 0, 0, 0.635, 1.000
17, 0.961, 18, 0.039, 16016.670, 0.635, Velocity, 0, 0, 0, 0.635, 1.000
17, 0.938, 18, 0.062, 16033.330, 0.636, Velocity, 0, 0, 0, 0.636, 1.000
17, 0.918, 18, 0.082, 16050.000, 0.637, Velocity, 0, 0, 0, 0.637, 1.000
17, 0.899, 18, 0.101, 16066.670, 0.637, Velocity, 0, 0, 0, 0.637, 1.000
17, 0.881, 18, 0.119, 16083.330, 0.637, Velocity, 0, 0, 0, 0.637, 1.000
17, 0.864, 18, 0.136, 16100.000, 0.636, Velocity, 0, 0, 0, 0.636, 1.000
17, 0.848, 18, 0.152, 16116.670, 0.636, Velocity, 0, 0, 0, 0.636, 1.000
17, 0.831, 18, 0.169, 16133.330, 0.637, Velocity, 0, 0, 0, 0.637, 1.000
17, 0.815, 18, 0.185, 16150.000, 0.637, Velocity, 0, 0, 0, 0.637, 1.000
17, 0.799, 18, 0.201, 16166.670, 0.636, Velocity, 0, 0, 0, 0.636, 1.000
17, 0.783, 18, 0.217, 16183.330, 0.636, Velocity, 0, 0, 0, 0.636, 1.000
17, 0.768, 18, 0.232, 16200.000, 0.635, Velocity, 0, 0, 0, 0.635, 1.000
17, 0.752, 18, 0.248, 16216.670, 0.636, Velocity, 0, 0, 0, 0.636, 1.000
17, 0.737, 18, 0.263, 16233.330, 0.636, Velocity, 0, 0, 0, 0.636, 1.000
17, 0.722, 18, 0.278, 16250.000, 0.636, Velocity, 0, 0, 0, 0.636, 1.000
17, 0.707, 18, 0.293, 16266.670, 0.636, Velocity, 0, 0, 0, 0.636, 1.000
17, 0.692, 18, 0.308, 16283.330, 0.636, Velocity, 0, 0, 0, 0.636, 1.000
17, 0.676, 18, 0.324, 16300.000, 0.637, Velocity, 0, 0, 0, 0.637, 1.000
17, 0.662, 18, 0.338, 16316.670, 0.636, Velocity, 0, 0, 0, 0.636, 1.000
17, 0.647, 18, 0.353, 16333.330, 0.636, Velocity, 0, 0, 0, 0.636, 1.000
17, 0.632, 18, 0.368, 16350.000, 0.637, Velocity, 0, 0, 0, 0.637, 1.000
17, 0.617, 18, 0.383, 16366.670, 0.638, Velocity, 0, 0, 0, 0.638, 1.000
17, 0.602, 18, 0.398, 16383.330, 0.636, Velocity, 0, 0, 0, 0.636, 1.000
17, 0.588, 18, 0.412, 16400.000, 0.637, Velocity, 0, 0, 0, 0.637, 1.000
17, 0.573, 18, 0.427, 16416.670, 0.638, Velocity, 0, 0, 0, 0.638, 1.000
17, 0.558, 18, 0.442, 16433.330, 0.641, Velocity, 0, 0, 0, 0.641, 1.000
17, 0.544, 18, 0.456, 16450.000, 0.643, Velocity, 0, 0, 0, 0.643, 1.000
17, 0.529, 18, 0.471, 16466.670, 0.648, Velocity, 0, 0, 0, 0.648, 1.000
17, 0.514, 18, 0.486, 16483.330, 0.652, Velocity, 0, 0, 0, 0.652, 1.000
17, 0.500, 18, 0.500, 16500.000, 0.659, Velocity, 0, 0, 0, 0.659, 1.000
17, 0.486, 18, 0.514, 16516.670, 0.664, Velocity, 0, 0, 0, 0.664, 1.000
17, 0.472, 18, 0.528, 16533.330, 0.674, Velocity, 0, 0, 0, 0.674, 1.000
17, 0.458, 18, 0.542, 16550.000, 0.685, Velocity, 0, 0, 0, 0.685, 1.000
17, 0.445, 18, 0.555, 16566.670, 0.69, Velocity, 0, 0, 0, 0.690, 1.000
17, 0.431, 18, 0.569, 16583.330, 0.694, Velocity, 0, 0, 0, 0.694, 1.000
17, 0.419, 18, 0.581, 16600.000, 0.707, Velocity, 0, 0, 0, 0.707, 1.000
17, 0.405, 18, 0.595, 16616.670, 0.711, Velocity, 0, 0, 0, 0.711, 1.000
17, 0.393, 18, 0.607, 16633.340, 0.721, Velocity, 0, 0, 0, 0.721, 1.000
17, 0.380, 18, 0.620, 16650.000, 0.724, Velocity, 0, 0, 0, 0.724, 1.000
17, 0.366, 18, 0.634, 16666.670, 0.726, Velocity, 0, 0, 0, 0.726, 1.000
17, 0.354, 18, 0.646, 16683.330, 0.733, Velocity, 0, 0, 0, 0.733, 1.000
17, 0.341, 18, 0.659, 16700.000, 0.735, Velocity, 0, 0, 0, 0.735, 1.000
17, 0.327, 18, 0.673, 16716.670, 0.737, Velocity, 0, 0, 0, 0.737, 1.000
17, 0.315, 18, 0.685, 16733.330, 0.743, Velocity, 0, 0, 0, 0.743, 1.000
17, 0.301, 18, 0.699, 16750.000, 0.745, Velocity, 0, 0, 0, 0.745, 1.000
17, 0.288, 18, 0.712, 16766.670, 0.748, Velocity, 0, 0, 0, 0.748, 1.000
17, 0.274, 18, 0.726, 16783.330, 0.752, Velocity, 0, 0, 0, 0.752, 1.000
17, 0.261, 18, 0.739, 16800.000, 0.757, Velocity, 0, 0, 0, 0.757, 1.000
17, 0.247, 18, 0.753, 16816.670, 0.759, Velocity, 0, 0, 0, 0.759, 1.000
17, 0.234, 18, 0.766, 16833.330, 0.765, Velocity, 0, 0, 0, 0.765, 1.000
17, 0.220, 18, 0.780, 16850.000, 0.77, Velocity, 0, 0, 0, 0.770, 1.000
17, 0.205, 18, 0.795, 16866.670, 0.773, Velocity, 0, 0, 0, 0.773, 1.000
17, 0.189, 18, 0.811, 16883.340, 0.776, Velocity, 0, 0, 0, 0.776, 1.000
17, 0.173, 18, 0.827, 16900.000, 0.779, Velocity, 0, 0, 0, 0.779, 1.000
17, 0.155, 18, 0.845, 16916.670, 0.779, Velocity, 0, 0, 0, 0.779, 1.000
17, 0.137, 18, 0.863, 16933.330, 0.782, Velocity, 0, 0, 0, 0.782, 1.000
17, 0.116, 18, 0.884, 16950.000, 0.782, Velocity, 0, 0, 0, 0.782, 1.000
17, 0.092, 18, 0.908, 16966.670, 0.782, Velocity, 0, 0, 0, 0.782, 1.000
17, 0.063, 18, 0.937, 16983.330, 0.782, Velocity, 0, 0, 0, 0.782, 1.000
18, 1.000, 19, 0.000, 17000.000, 0.782, Velocity, 0, 0, 0, 0.782, 1.000
18, 0.937, 19, 0.063, 17016.670, 0.782, Velocity, 0, 0, 0, 0.782, 1.000
18, 0.908, 19, 0.092, 17033.330, 0.783, Velocity, 0, 0, 0, 0.783, 1.000
18, 0.884, 19, 0.116, 17050.000, 0.782, Velocity, 0, 0, 0, 0.782, 1.000
18, 0.863, 19, 0.137, 17066.670, 0.782, Velocity, 0, 0, 0, 0.782, 1.000
18, 0.844, 19, 0.156, 17083.330, 0.781, Velocity, 0, 0, 0, 0.781, 1.000
18, 0.826, 19, 0.174, 17100.000, 0.783, Velocity, 0, 0, 0, 0.783, 1.000
18, 0.809, 19, 0.191, 17116.670, 0.783, Velocity, 0, 0, 0, 0.783, 1.000
18, 0.793, 19, 0.207, 17133.340, 0.782, Velocity, 0, 0, 0, 0.782, 1.000
18, 0.777, 19, 0.223, 17150.000, 0.782, Velocity, 0, 0, 0, 0.782, 1.000
18, 0.762, 19, 0.238, 17166.670, 0.782, Velocity, 0, 0, 0, 0.782, 1.000
18, 0.748, 19, 0.252, 17183.330, 0.781, Velocity, 0, 0, 0, 0.781, 1.000
18, 0.733, 19, 0.267, 17200.000, 0.782, Velocity, 0, 0, 0, 0.782, 1.000
18, 0.719, 19, 0.281, 17216.670, 0.781, Velocity, 0, 0, 0, 0.781, 1.000
18, 0.705, 19, 0.295, 17233.330, 0.782, Velocity, 0, 0, 0, 0.782, 1.000
18, 0.691, 19, 0.309, 17250.000, 0.783, Velocity, 0, 0, 0, 0.783, 1.000
18, 0.678, 19, 0.322, 17266.670, 0.781, Velocity, 0, 0, 0, 0.781, 1.000
18, 0.664, 19, 0.336, 17283.330, 0.782, Velocity, 0, 0, 0, 0.782, 1.000
18, 0.651, 19, 0.349, 17300.000, 0.782, Velocity, 0, 0, 0, 0.782, 1.000
18, 0.638, 19, 0.362, 17316.670, 0.784, Velocity, 0, 0, 0, 0.784, 1.000
18, 0.625, 19, 0.375, 17333.330, 0.783, Velocity, 0, 0, 0, 0.783, 1.000
18, 0.612, 19, 0.388, 17350.000, 0.783, Velocity, 0, 0, 0, 0.783, 1.000
18, 0.600, 19, 0.400, 17366.670, 0.782, Velocity, 0, 0, 0, 0.782, 1.000
18, 0.587, 19, 0.413, 17383.340, 0.781, Velocity, 0, 0, 0, 0.781, 1.000
18, 0.575, 19, 0.425, 17400.000, 0.782, Velocity, 0, 0, 0, 0.782, 1.000
18, 0.562, 19, 0.438, 17416.670, 0.78, Velocity, 0, 0, 0, 0.780, 1.000
18, 0.550, 19, 0.450, 17433.330, 0.782, Velocity, 0, 0, 0, 0.782, 1.000
18, 0.537, 19, 0.463, 17450.000, 0.782, Velocity, 0, 0, 0, 0.782, 1.000
18, 0.525, 19, 0.475, 17466.670, 0.783, Velocity, 0, 0, 0, 0.783, 1.000
18, 0.512, 19, 0.488, 17483.330, 0.782, Velocity, 0, 0, 0, 0.782, 1.000
18, 0.500, 19, 0.500, 17500.000, 0.781, Velocity, 0, 0, 0, 0.781, 1.000
18, 0.488, 19, 0.512, 17516.670, 0.782, Velocity, 0, 0, 0, 0.782, 1.000
18, 0.475, 19, 0.525, 17533.330, 0.781, Velocity, 0, 0, 0, 0.781, 1.000
18, 0.463, 19, 0.537, 17550.000, 0.781, Velocity, 0, 0, 0, 0.781, 1.000
18, 0.450, 19, 0.550, 17566.670, 0.78, Velocity, 0, 0, 0, 0.780, 1.000
18, 0.438, 19, 0.562, 17583.330, 0.781, Velocity, 0, 0, 0, 0.781, 1.000
18, 0.425, 19, 0.575, 17600.000, 0.782, Velocity, 0, 0, 0, 0.782, 1.000
18, 0.413, 19, 0.587, 17616.670, 0.782, Velocity, 0, 0, 0, 0.782, 1.000
18, 0.400, 19, 0.600, 17633.340, 0.78, Velocity, 0, 0, 0, 0.780, 1.000
18, 0.387, 19, 0.613, 17650.000, 0.781, Velocity, 0, 0, 0, 0.781, 1.000
18, 0.374, 19, 0.626, 17666.670, 0.781, Velocity, 0, 0, 0, 0.781, 1.000
18, 0.362, 19, 0.638, 17683.330, 0.781, Velocity, 0, 0, 0, 0.781, 1.000
18, 0.348, 19, 0.652, 17700.000, 0.781, Velocity, 0, 0, 0, 0.781, 1.000
18, 0.335, 19, 0.665, 17716.670, 0.781, Velocity, 0, 0, 0, 0.781, 1.000
18, 0.323, 19, 0.677, 17733.330, 0.784, Velocity, 0, 0, 0, 0.784, 1.000
18, 0.309, 19, 0.691, 17750.000, 0.782, Velocity, 0, 0, 0, 0.782, 1.000
18, 0.295, 19, 0.705, 17766.670, 0.782, Velocity, 0, 0, 0, 0.782, 1.000
18, 0.281, 19, 0.719, 17783.330, 0.782, Velocity, 0, 0, 0, 0.782, 1.000
18, 0.267, 19, 0.733, 17800.000, 0.783, Velocity, 0, 0, 0, 0.783, 1.000
18, 0.253, 19, 0.747, 17816.670, 0.783, Velocity, 0, 0, 0, 0.783, 1.000
18, 0.238, 19, 0.762, 17833.330, 0.781, Velocity, 0, 0, 0, 0.781, 1.000
18, 0.222, 19, 0.778, 17850.000, 0.781, Velocity, 0, 0, 0, 0.781, 1.000
18, 0.207, 19, 0.793, 17866.670, 0.781, Velocity, 0, 0, 0, 0.781, 1.000
18, 0.191, 19, 0.809, 17883.340, 0.782, Velocity, 0, 0, 0, 0.782, 1.000
18, 0.174, 19, 0.826, 17900.000, 0.781, Velocity, 0, 0, 0, 0.781, 1.000
18, 0.156, 19, 0.844, 17916.670, 0.781, Velocity, 0, 0, 0, 0.781, 1.000
18, 0.137, 19, 0.863, 17933.330, 0.783, Velocity, 0, 0, 0, 0.783, 1.000
18, 0.116, 19, 0.884, 17950.000, 0.782, Velocity, 0, 0, 0, 0.782, 1.000
18, 0.092, 19, 0.908, 17966.670, 0.782, Velocity, 0, 0, 0, 0.782, 1.000
18, 0.064, 19, 0.936, 17983.330, 0.785, Velocity, 0, 0, 0, 0.785, 1.000
19, 1.000, 20, 0.000, 18000.000, 0.788, Velocity, 0, 0, 0, 0.788, 1.000
19, 0.935, 20, 0.065, 18016.670, 0.794, Velocity, 0, 0, 0, 0.794, 1.000
19, 0.904, 20, 0.096, 18033.330, 0.798, Velocity, 0, 0, 0, 0.798, 1.000
19, 0.879, 20, 0.121, 18050.000, 0.805, Velocity, 0, 0, 0, 0.805, 1.000
19, 0.856, 20, 0.144, 18066.670, 0.811, Velocity, 0, 0, 0, 0.811, 1.000
19, 0.835, 20, 0.165, 18083.330, 0.816, Velocity, 0, 0, 0, 0.816, 1.000
19, 0.816, 20, 0.184, 18100.000, 0.821, Velocity, 0, 0, 0, 0.821, 1.000
19, 0.797, 20, 0.203, 18116.670, 0.827, Velocity, 0, 0, 0, 0.827, 1.000
19, 0.779, 20, 0.221, 18133.340, 0.835, Velocity, 0, 0, 0, 0.835, 1.000
19, 0.763, 20, 0.237, 18150.000, 0.836, Velocity, 0, 0, 0, 0.836, 1.000
19, 0.748, 20, 0.252, 18166.670, 0.838, Velocity, 0, 0, 0, 0.838, 1.000
19, 0.733, 20, 0.267, 18183.330, 0.842, Velocity, 0, 0, 0, 0.842, 1.000
19, 0.719, 20, 0.281, 18200.000, 0.842, Velocity, 0, 0, 0, 0.842, 1.000
19, 0.704, 20, 0.296, 18216.670, 0.846, Velocity, 0, 0, 0, 0.846, 1.000
19, 0.690, 20, 0.310, 18233.330, 0.848, Velocity, 0, 0, 0, 0.848, 1.000
19, 0.678, 20, 0.322, 18250.000, 0.846, Velocity, 0, 0, 0, 0.846, 1.000
19, 0.665, 20, 0.335, 18266.670, 0.846, Velocity, 0, 0, 0, 0.846, 1.000
19, 0.652, 20, 0.348, 18283.330, 0.848, Velocity, 0, 0, 0, 0.848, 1.000
19, 0.640, 20, 0.360, 18300.000, 0.846, Velocity, 0, 0, 0, 0.846, 1.000
19, 0.628, 20, 0.372, 18316.670, 0.847, Velocity, 0, 0, 0, 0.847, 1.000
19, 0.616, 20, 0.384, 18333.330, 0.845, Velocity, 0, 0, 0, 0.845, 1.000
19, 0.604, 20, 0.396, 18350.000, 0.846, Velocity, 0, 0, 0, 0.846, 1.000
19, 0.592, 20, 0.408, 18366.670, 0.845, Velocity, 0, 0, 0, 0.845, 1.000
19, 0.580, 20, 0.420, 18383.340, 0.848, Velocity, 0, 0, 0, 0.848, 1.000
19, 0.569, 20, 0.431, 18400.000, 0.846, Velocity, 0, 0, 0, 0.846, 1.000
19, 0.557, 20, 0.443, 18416.670, 0.845, Velocity, 0, 0, 0, 0.845, 1.000
19, 0.546, 20, 0.454, 18433.330, 0.846, Velocity, 0, 0, 0, 0.846, 1.000
19, 0.534, 20, 0.466, 18450.000, 0.844, Velocity, 0, 0, 0, 0.844, 1.000
19, 0.523, 20, 0.477, 18466.670, 0.848, Velocity, 0, 0, 0, 0.848, 1.000
19, 0.511, 20, 0.489, 18483.330, 0.847, Velocity, 0, 0, 0, 0.847, 1.000
19, 0.500, 20, 0.500, 18500.000, 0.847, Velocity, 0, 0, 0, 0.847, 1.000
19, 0.489, 20, 0.511, 18516.670, 0.845, Velocity, 0, 0, 0, 0.845, 1.000
19, 0.477, 20, 0.523, 18533.330, 0.846, Velocity, 0, 0, 0, 0.846, 1.000
19, 0.466, 20, 0.534, 18550.000, 0.846, Velocity, 0, 0, 0, 0.846, 1.000
19, 0.454, 20, 0.546, 18566.670, 0.845, Velocity, 0, 0, 0, 0.845, 1.000
19, 0.443, 20, 0.557, 18583.330, 0.847, Velocity, 0, 0, 0, 0.847, 1.000
19, 0.431, 20, 0.569, 18600.000, 0.847, Velocity, 0, 0, 0, 0.847, 1.000
19, 0.420, 20, 0.580, 18616.670, 0.849, Velocity, 0, 0, 0, 0.849, 1.000
19, 0.408, 20, 0.592, 18633.340, 0.848, Velocity, 0, 0, 0, 0.848, 1.000
19, 0.396, 20, 0.604, 18650.000, 0.847, Velocity, 0, 0, 0, 0.847, 1.000
19, 0.384, 20, 0.616, 18666.670, 0.845, Velocity, 0, 0, 0, 0.845, 1.000
19, 0.372, 20, 0.628, 18683.330, 0.846, Velocity, 0, 0, 0, 0.846, 1.000
19, 0.360, 20, 0.640, 18700.000, 0.845, Velocity, 0, 0, 0, 0.845, 1.000
19, 0.347, 20, 0.653, 18716.670, 0.846, Velocity, 0, 0, 0, 0.846, 1.000
19, 0.335, 20, 0.665, 18733.330, 0.846, Velocity, 0, 0, 0, 0.846, 1.000
19, 0.322, 20, 0.678, 18750.000, 0.846, Velocity, 0, 0, 0, 0.846, 1.000
19, 0.309, 20, 0.691, 18766.670, 0.846, Velocity, 0, 0, 0, 0.846, 1.000
19, 0.295, 20, 0.705, 18783.330, 0.843, Velocity, 0, 0, 0, 0.843, 1.000
19, 0.282, 20, 0.718, 18800.000, 0.844, Velocity, 0, 0, 0, 0.844, 1.000
19, 0.268, 20, 0.732, 18816.670, 0.843, Velocity, 0, 0, 0, 0.843, 1.000
19, 0.252, 20, 0.748, 18833.330, 0.837, Velocity, 0, 0, 0, 0.837, 1.000
19, 0.235, 20, 0.765, 18850.000, 0.831, Velocity, 0, 0, 0, 0.831, 1.000
19, 0.219, 20, 0.781, 18866.670, 0.828, Velocity, 0, 0, 0, 0.828, 1.000
19, 0.200, 20, 0.800, 18883.340, 0.816, Velocity, 0, 0, 0, 0.816, 1.000
19, 0.181, 20, 0.819, 18900.000, 0.81, Velocity, 0, 0, 0, 0.810, 1.000
19, 0.160, 20, 0.840, 18916.670, 0.797, Velocity, 0, 0, 0, 0.797, 1.000
19, 0.138, 20, 0.862, 18933.330, 0.786, Velocity, 0, 0, 0, 0.786, 1.000
19, 0.116, 20, 0.884, 18950.000, 0.781, Velocity, 0, 0, 0, 0.781, 1.000
19, 0.091, 20, 0.909, 18966.670, 0.776, Velocity, 0, 0, 0, 0.776, 1.000
19, 0.061, 20, 0.939, 18983.330, 0.768, Velocity, 0, 0, 0, 0.768, 1.000
20, 0.999, 21, 0.001, 19000.000, 0.764, Velocity, 0, 0, 0, 0.764, 1.000
20, 0.940, 21, 0.060, 19016.670, 0.761, Velocity, 0, 0, 0, 0.761, 1.000
20, 0.914, 21, 0.086, 19033.330, 0.754, Velocity, 0, 0, 0, 0.754, 1.000
20, 0.892, 21, 0.108, 19050.000, 0.749, Velocity, 0, 0, 0, 0.749, 1.000
20, 0.872, 21, 0.128, 19066.670, 0.746, Velocity, 0, 0, 0, 0.746, 1.000
20, 0.854, 21, 0.146, 19083.330, 0.742, Velocity, 0, 0, 0, 0.742, 1.000
20, 0.837, 21, 0.163, 19100.000, 0.74, Velocity, 0, 0, 0, 0.740, 1.000
20, 0.821, 21, 0.179, 19116.670, 0.737, Velocity, 0, 0, 0, 0.737, 1.000
20, 0.805, 21, 0.195, 19133.340, 0.735, Velocity, 0, 0, 0, 0.735, 1.000
20, 0.790, 21, 0.210, 19150.000, 0.734, Velocity, 0, 0, 0, 0.734, 1.000
20, 0.775, 21, 0.225, 19166.670, 0.731, Velocity, 0, 0, 0, 0.731, 1.000
20, 0.760, 21, 0.240, 19183.330, 0.73, Velocity, 0, 0, 0, 0.730, 1.000
20, 0.746, 21, 0.254, 19200.000, 0.728, Velocity, 0, 0, 0, 0.728, 1.000
20, 0.731, 21, 0.269, 19216.670, 0.727, Velocity, 0, 0, 0, 0.727, 1.000
20, 0.717, 21, 0.283, 19233.330, 0.726, Velocity, 0, 0, 0, 0.726, 1.000
20, 0.703, 21, 0.297, 19250.000, 0.724, Velocity, 0, 0, 0, 0.724, 1.000
20, 0.690, 21, 0.310, 19266.670, 0.722, Velocity, 0, 0, 0, 0.722, 1.000
20, 0.676, 21, 0.324, 19283.330, 0.719, Velocity, 0, 0, 0, 0.719, 1.000
20, 0.662, 21, 0.338, 19300.000, 0.719, Velocity, 0, 0, 0, 0.719, 1.000
20, 0.649, 21, 0.351, 19316.670, 0.718, Velocity, 0, 0, 0, 0.718, 1.000
20, 0.635, 21, 0.365, 19333.330, 0.718, Velocity, 0, 0, 0, 0.718, 1.000
20, 0.622, 21, 0.378, 19350.000, 0.715, Velocity, 0, 0, 0, 0.715, 1.000
20, 0.608, 21, 0.392, 19366.670, 0.715, Velocity, 0, 0, 0, 0.715, 1.000
20, 0.594, 21, 0.406, 19383.340, 0.714, Velocity, 0, 0, 0, 0.714, 1.000
20, 0.581, 21, 0.419, 19400.000, 0.713, Velocity, 0, 0, 0, 0.713, 1.000
20, 0.567, 21, 0.433, 19416.670, 0.713, Velocity, 0, 0, 0, 0.713, 1.000
20, 0.554, 21, 0.446, 19433.330, 0.713, Velocity, 0, 0, 0, 0.713, 1.000
20, 0.540, 21, 0.460, 19450.000, 0.713, Velocity, 0, 0, 0, 0.713, 1.000
20, 0.527, 21, 0.473, 19466.670, 0.713, Velocity, 0, 0, 0, 0.713, 1.000
20, 0.513, 21, 0.487, 19483.330, 0.712, Velocity, 0, 0, 0, 0.712, 1.000
20, 0.500, 21, 0.500, 19500.000, 0.713, Velocity, 0, 0, 0, 0.713, 1.000
20, 0.487, 21, 0.513, 19516.670, 0.713, Velocity, 0, 0, 0, 0.713, 1.000
20, 0.473, 21, 0.527, 19533.330, 0.713, Velocity, 0, 0, 0, 0.713, 1.000
20, 0.460, 21, 0.540, 19550.000, 0.713, Velocity, 0, 0, 0, 0.713, 1.000
20, 0.446, 21, 0.554, 19566.670, 0.713, Velocity, 0, 0, 0, 0.713, 1.000
20, 0.433, 21, 0.567, 19583.330, 0.712, Velocity, 0, 0, 0, 0.712, 1.000
20, 0.419, 21, 0.581, 19600.000, 0.713, Velocity, 0, 0, 0, 0.713, 1.000
20, 0.406, 21, 0.594, 19616.670, 0.713, Velocity, 0, 0, 0, 0.713, 1.000
20, 0.392, 21, 0.608, 19633.340, 0.714, Velocity, 0, 0, 0, 0.714, 1.000
20, 0.378, 21, 0.622, 19650.000, 0.713, Velocity, 0, 0, 0, 0.713, 1.000
20, 0.365, 21, 0.635, 19666.670, 0.714, Velocity, 0, 0, 0, 0.714, 1.000
20, 0.351, 21, 0.649, 19683.330, 0.714, Velocity, 0, 0, 0, 0.714, 1.000
20, 0.337, 21, 0.663, 19700.000, 0.713, Velocity, 0, 0, 0, 0.713, 1.000
20, 0.323, 21, 0.677, 19716.670, 0.713, Velocity, 0, 0, 0, 0.713, 1.000
20, 0.309, 21, 0.691, 19733.330, 0.714, Velocity, 0, 0, 0, 0.714, 1.000
20, 0.295, 21, 0.705, 19750.000, 0.714, Velocity, 0, 0, 0, 0.714, 1.000
20, 0.280, 21, 0.720, 19766.670, 0.714, Velocity, 0, 0, 0, 0.714, 1.000
20, 0.266, 21, 0.734, 19783.330, 0.714, Velocity, 0, 0, 0, 0.714, 1.000
20, 0.251, 21, 0.749, 19800.000, 0.713, Velocity, 0, 0, 0, 0.713, 1.000
20, 0.236, 21, 0.764, 19816.670, 0.714, Velocity, 0, 0, 0, 0.714, 1.000
20, 0.221, 21, 0.779, 19833.330, 0.714, Velocity, 0, 0, 0, 0.714, 1.000
20, 0.205, 21, 0.795, 19850.000, 0.713, Velocity, 0, 0, 0, 0.713, 1.000
20, 0.189, 21, 0.811, 19866.670, 0.713, Velocity, 0, 0, 0, 0.713, 1.000
20, 0.173, 21, 0.827, 19883.340, 0.713, Velocity, 0, 0, 0, 0.713, 1.000
20, 0.156, 21, 0.844, 19900.000, 0.714, Velocity, 0, 0, 0, 0.714, 1.000
20, 0.138, 21, 0.862, 19916.670, 0.713, Velocity, 0, 0, 0, 0.713, 1.000
20, 0.120, 21, 0.880, 19933.330, 0.713, Velocity, 0, 0, 0, 0.713, 1.000
20, 0.100, 21, 0.900, 19950.000, 0.713, Velocity, 0, 0, 0, 0.713, 1.000
20, 0.078, 21, 0.922, 19966.670, 0.712, Velocity, 0, 0, 0, 0.712, 1.000
20, 0.052, 21, 0.948, 19983.330, 0.713, Velocity, 0, 0, 0, 0.713, 1.000
21, 1.000, 22, 0.000, 20000.000, 0.713, Velocity, 0, 0, 0, 0.713, 1.000
21, 0.948, 22, 0.052, 20016.670, 0.713, Velocity, 0, 0, 0, 0.713, 1.000
21, 0.922, 22, 0.078, 20033.330, 0.714, Velocity, 0, 0, 0, 0.714, 1.000
21, 0.900, 22, 0.100, 20050.000, 0.713, Velocity, 0, 0, 0, 0.713, 1.000
21, 0.880, 22, 0.120, 20066.670, 0.713, Velocity, 0, 0, 0, 0.713, 1.000
21, 0.862, 22, 0.138, 20083.330, 0.712, Velocity, 0, 0, 0, 0.712, 1.000
21, 0.845, 22, 0.155, 20100.000, 0.711, Velocity, 0, 0, 0, 0.711, 1.000
21, 0.828, 22, 0.172, 20116.670, 0.712, Velocity, 0, 0, 0, 0.712, 1.000
21, 0.811, 22, 0.189, 20133.340, 0.713, Velocity, 0, 0, 0, 0.713, 1.000
21, 0.795, 22, 0.205, 20150.000, 0.713, Velocity, 0, 0, 0, 0.713, 1.000
21, 0.779, 22, 0.221, 20166.670, 0.714, Velocity, 0, 0, 0, 0.714, 1.000
21, 0.765, 22, 0.235, 20183.330, 0.712, Velocity, 0, 0, 0, 0.712, 1.000
21, 0.749, 22, 0.251, 20200.000, 0.713, Velocity, 0, 0, 0, 0.713, 1.000
21, 0.735, 22, 0.265, 20216.670, 0.712, Velocity, 0, 0, 0, 0.712, 1.000
21, 0.720, 22, 0.280, 20233.330, 0.713, Velocity, 0, 0, 0, 0.713, 1.000
21, 0.706, 22, 0.294, 20250.000, 0.712, Velocity, 0, 0, 0, 0.712, 1.000
21, 0.692, 22, 0.308, 20266.670, 0.712, Velocity, 0, 0, 0, 0.712, 1.000
21, 0.677, 22, 0.323, 20283.330, 0.714, Velocity, 0, 0, 0, 0.714, 1.000
21, 0.663, 22, 0.337, 20300.000, 0.713, Velocity, 0, 0, 0, 0.713, 1.000
21, 0.649, 22, 0.351, 20316.670, 0.713, Velocity, 0, 0, 0, 0.713, 1.000
21, 0.636, 22, 0.364, 20333.330, 0.712, Velocity, 0, 0, 0, 0.712, 1.000
21, 0.622, 22, 0.378, 20350.000, 0.712, Velocity, 0, 0, 0, 0.712, 1.000
21, 0.608, 22, 0.392, 20366.670, 0.711, Velocity, 0, 0, 0, 0.711, 1.000
21, 0.594, 22, 0.406, 20383.340, 0.713, Velocity, 0, 0, 0, 0.713, 1.000
21, 0.581, 22, 0.419, 20400.000, 0.713, Velocity, 0, 0, 0, 0.713, 1.000
21, 0.567, 22, 0.433, 20416.670, 0.712, Velocity, 0, 0, 0, 0.712, 1.000
